Transaction_ID,Customer_ID,Amount,Payment_Method,Location,Risk_Score,Risk_Level,Fraud_Reason,Transaction_Date,Transaction_Time
TXN00036322,CUST01217,133995.08,UPI,Bhubaneswar,95,High,Velocity Attack,2022-01-23,03:13:42
TXN00035148,CUST05844,129729.64,UPI,Mysuru,95,High,Velocity Attack,2021-10-02,19:17:52
TXN00086694,CUST08727,107066.36,UPI,Nagpur,95,High,Velocity Attack,2024-10-05,12:09:22
TXN00095500,CUST04818,72259.9,UPI,Visakhapatnam,85,High,Velocity Attack,2023-09-29,17:03:39
TXN00049500,CUST03264,62932.25,UPI,Mumbai,85,High,Velocity Attack,2022-04-25,15:39:48
TXN00091843,CUST05345,62641.77,UPI,Mysuru,85,High,Velocity Attack,2025-09-25,08:48:21
TXN00052016,CUST04239,28225.4,UPI,Visakhapatnam,85,High,Velocity Attack,2024-11-08,10:19:41
TXN00054034,CUST02081,16430.89,UPI,Indore,85,High,Velocity Attack,2021-03-13,04:29:35
TXN00007548,CUST05570,16101.69,UPI,Aurangabad,85,High,Velocity Attack,2023-08-08,05:28:52
TXN00072560,CUST03677,13399.8,UPI,Mysuru,85,High,Velocity Attack,2022-03-12,02:58:31
TXN00021191,CUST02589,12822.74,UPI,Visakhapatnam,85,High,Velocity Attack,2024-05-12,02:33:55
TXN00045082,CUST00974,12016.53,UPI,Ahmedabad,85,High,Velocity Attack,2023-12-25,07:54:50
TXN00043272,CUST04184,10493.63,UPI,Delhi,85,High,Velocity Attack,2024-10-16,12:10:00
TXN00047921,CUST09876,9963.92,UPI,Nagpur,85,High,Velocity Attack,2022-11-15,17:53:14
TXN00078974,CUST09274,8878.23,UPI,Nashik,85,High,Velocity Attack,2025-11-17,17:34:01
TXN00067770,CUST09953,7727.25,UPI,Coimbatore,85,High,Velocity Attack,2023-07-17,02:59:34
TXN00006175,CUST09489,7622.59,UPI,Bengaluru,85,High,Velocity Attack,2022-03-15,07:07:35
TXN00078140,CUST07351,5810.48,UPI,Bengaluru,85,High,Velocity Attack,2021-01-15,12:38:44
TXN00033846,CUST00383,5668.61,UPI,Bhubaneswar,85,High,Velocity Attack,2021-08-23,13:53:52
TXN00060530,CUST05754,5420.62,UPI,Mysuru,85,High,Velocity Attack,2023-03-04,22:43:49
TXN00043173,CUST00198,5303.48,UPI,Nagpur,85,High,Velocity Attack,2022-07-14,12:10:12
TXN00014281,CUST07816,4601.68,UPI,Jaipur,85,High,Velocity Attack,2023-07-13,10:33:45
TXN00034246,CUST09822,4244.72,UPI,Nagpur,85,High,Velocity Attack,2023-02-10,05:51:03
TXN00011708,CUST04359,3914.51,UPI,Nagpur,85,High,Velocity Attack,2021-02-06,23:03:14
TXN00038271,CUST07593,3487.49,UPI,Thiruvananthapuram,85,High,Velocity Attack,2021-06-01,13:39:24
TXN00014830,CUST00949,3478.27,UPI,Thane,85,High,Velocity Attack,2022-10-26,19:21:26
TXN00051546,CUST00852,3069.66,UPI,Lucknow,85,High,Velocity Attack,2025-09-10,19:36:28
TXN00021904,CUST03027,2995.57,UPI,Bhopal,85,High,Velocity Attack,2023-08-21,16:03:43
TXN00054109,CUST01184,2931.53,UPI,Nagpur,85,High,Velocity Attack,2023-11-16,01:15:55
TXN00027475,CUST05380,2466.38,UPI,Aurangabad,85,High,Velocity Attack,2025-05-14,23:27:52
TXN00056952,CUST09798,2354.9,UPI,Jaipur,85,High,Velocity Attack,2024-12-21,05:35:25
TXN00074771,CUST04712,2173.17,UPI,Bhubaneswar,85,High,Velocity Attack,2024-06-09,01:42:35
TXN00054414,CUST05190,2053.03,UPI,Mysuru,85,High,Velocity Attack,2024-05-17,14:14:47
TXN00068140,CUST02851,1971.51,UPI,Jaipur,85,High,Velocity Attack,2023-03-15,02:29:44
TXN00073058,CUST07548,1808.47,UPI,Thane,85,High,Velocity Attack,2022-11-13,22:16:55
TXN00050542,CUST07330,1713.22,UPI,Pune,85,High,Velocity Attack,2021-02-04,22:31:53
TXN00084370,CUST06138,1707.97,UPI,Mumbai,85,High,Velocity Attack,2025-12-18,07:47:33
TXN00017276,CUST09758,1695.94,UPI,Patna,85,High,Velocity Attack,2021-03-01,21:22:33
TXN00084066,CUST07745,1436.78,UPI,Bhopal,85,High,Velocity Attack,2023-01-19,06:30:29
TXN00021413,CUST07746,1435.25,UPI,Kochi,85,High,Velocity Attack,2022-06-14,03:20:55
TXN00065265,CUST06519,1425.25,UPI,Patna,85,High,Velocity Attack,2023-02-05,12:49:32
TXN00077340,CUST03290,1305.41,UPI,Mumbai,85,High,Velocity Attack,2021-01-24,16:17:13
TXN00043363,CUST06108,1250.64,UPI,Chandigarh,85,High,Velocity Attack,2024-08-05,22:02:48
TXN00083896,CUST01816,1248.03,UPI,Mysuru,85,High,Velocity Attack,2024-02-08,22:53:08
TXN00044092,CUST08688,961.84,UPI,Ranchi,85,High,Velocity Attack,2021-07-06,21:50:02
TXN00034529,CUST00161,949.22,UPI,Nashik,85,High,Velocity Attack,2021-07-21,08:41:51
TXN00062853,CUST03188,801.14,UPI,Nagpur,85,High,Velocity Attack,2021-09-27,08:06:43
TXN00051269,CUST00005,577.86,UPI,Lucknow,85,High,Velocity Attack,2023-06-20,12:10:41
TXN00036153,CUST07013,563.7,UPI,Bengaluru,85,High,Velocity Attack,2025-04-30,20:44:49
TXN00082003,CUST07613,550.54,UPI,Gurugram,85,High,Velocity Attack,2023-07-06,08:55:20
TXN00039574,CUST02247,459.39,UPI,Vadodara,85,High,Velocity Attack,2021-12-15,03:34:36
TXN00084188,CUST05636,337.91,UPI,Delhi,85,High,Velocity Attack,2024-12-12,04:01:49
TXN00009664,CUST03599,321.08,UPI,Bhubaneswar,85,High,Velocity Attack,2023-07-16,00:16:14
TXN00010974,CUST03886,227.02,UPI,Bhopal,85,High,Velocity Attack,2021-11-12,20:05:08
TXN00050706,CUST08134,130.87,UPI,Navi Mumbai,85,High,Velocity Attack,2022-09-21,00:24:37
TXN00064699,CUST02427,117.43,UPI,Ranchi,85,High,Velocity Attack,2024-04-04,00:53:33
TXN00047918,CUST02637,99916.14,UPI,Aurangabad,75,High,Velocity Attack,2025-11-01,16:00:38
TXN00023585,CUST08649,87341.95,UPI,Noida,75,High,Velocity Attack,2024-11-07,03:11:36
TXN00094190,CUST06364,83416.2,UPI,Lucknow,75,High,Velocity Attack,2022-02-09,14:48:28
TXN00020621,CUST03365,79346.3,UPI,Bhopal,75,High,Velocity Attack,2025-11-24,07:39:17
TXN00014778,CUST05900,67345.95,UPI,Ranchi,75,High,Velocity Attack,2022-03-05,20:27:42
TXN00035019,CUST02523,65989.73,UPI,Surat,75,High,Velocity Attack,2023-09-22,02:40:30
TXN00006282,CUST04414,54541.92,UPI,Patna,75,High,Velocity Attack,2023-07-08,16:25:51
TXN00076520,CUST04802,52033.42,UPI,Kochi,75,High,Velocity Attack,2024-04-17,18:55:56
TXN00010127,CUST04463,47343.68,UPI,Navi Mumbai,75,High,Velocity Attack,2022-05-29,10:03:30
TXN00040742,CUST07030,44583.38,UPI,Hyderabad,75,High,Velocity Attack,2023-05-25,20:26:18
TXN00001101,CUST03432,42327.98,UPI,Patna,75,High,Velocity Attack,2024-11-21,08:13:51
TXN00056772,CUST01281,40217.55,UPI,Bengaluru,75,High,Velocity Attack,2022-07-17,21:39:38
TXN00046014,CUST08960,34714.9,UPI,Thiruvananthapuram,75,High,Velocity Attack,2023-12-17,22:57:21
TXN00075669,CUST06390,34209.28,UPI,Nagpur,75,High,Velocity Attack,2022-02-21,14:04:45
TXN00063566,CUST09653,32574.44,UPI,Nashik,75,High,Velocity Attack,2022-02-18,11:38:17
TXN00058587,CUST01961,28100.74,UPI,Indore,75,High,Velocity Attack,2025-02-10,16:08:10
TXN00058801,CUST06859,27674.35,UPI,Mumbai,75,High,Velocity Attack,2023-07-26,15:24:58
TXN00009697,CUST04887,26995.5,UPI,Kolkata,75,High,Velocity Attack,2023-05-13,22:34:23
TXN00017576,CUST00615,25583.88,UPI,Ahmedabad,75,High,Velocity Attack,2021-07-04,03:05:03
TXN00082100,CUST05000,25417.76,UPI,Indore,75,High,Velocity Attack,2021-03-21,18:19:04
TXN00087966,CUST02595,25118.34,UPI,Coimbatore,75,High,Velocity Attack,2021-09-22,17:09:38
TXN00084905,CUST08761,23066.89,UPI,Noida,75,High,Velocity Attack,2024-08-26,06:52:01
TXN00023111,CUST04172,22099.03,UPI,Ranchi,75,High,Velocity Attack,2024-04-12,23:38:42
TXN00025531,CUST08653,20689.32,UPI,Jaipur,75,High,Velocity Attack,2023-06-07,04:49:33
TXN00017660,CUST07277,18474.92,UPI,Coimbatore,75,High,Velocity Attack,2025-11-23,03:05:56
TXN00030495,CUST01439,17880.09,UPI,Chandigarh,75,High,Velocity Attack,2023-07-26,02:43:28
TXN00067255,CUST01243,17640.59,UPI,Noida,75,High,Velocity Attack,2024-10-21,10:04:43
TXN00074481,CUST01085,16801.4,UPI,Surat,75,High,Velocity Attack,2022-02-14,20:42:03
TXN00061047,CUST08827,16620.18,UPI,Lucknow,75,High,Velocity Attack,2024-01-07,12:57:57
TXN00030454,CUST09899,15750.56,UPI,Bhopal,75,High,Velocity Attack,2021-03-02,19:47:29
TXN00069958,CUST06043,15319.5,UPI,Coimbatore,75,High,Velocity Attack,2021-06-19,19:44:28
TXN00052309,CUST03304,13896.3,UPI,Thane,75,High,Velocity Attack,2022-11-11,11:04:08
TXN00038498,CUST05538,13729.55,UPI,Kochi,75,High,Velocity Attack,2025-02-25,17:48:02
TXN00096739,CUST00186,13616.73,UPI,Bengaluru,75,High,Velocity Attack,2022-06-24,13:53:24
TXN00098490,CUST03890,13609.59,UPI,Jaipur,75,High,Velocity Attack,2021-10-12,03:07:49
TXN00064203,CUST06172,12609.84,UPI,Kochi,75,High,Velocity Attack,2021-12-30,12:08:57
TXN00055150,CUST07686,12472.46,UPI,Navi Mumbai,75,High,Velocity Attack,2025-02-08,14:52:08
TXN00006062,CUST07192,11206.55,UPI,Bhopal,75,High,Velocity Attack,2021-03-15,09:56:15
TXN00009756,CUST07020,10857.13,UPI,Kochi,75,High,Velocity Attack,2021-05-02,02:13:32
TXN00022983,CUST03927,10798.14,UPI,Surat,75,High,Velocity Attack,2025-11-23,10:57:32
TXN00066627,CUST03903,10565.26,UPI,Thane,75,High,Velocity Attack,2024-02-13,20:07:58
TXN00067716,CUST09780,10550.12,UPI,Visakhapatnam,75,High,Velocity Attack,2025-07-05,03:45:15
TXN00089307,CUST06958,10162.9,UPI,Pune,75,High,Velocity Attack,2023-01-16,22:56:16
TXN00032383,CUST07461,9861.56,UPI,Mumbai,75,High,Velocity Attack,2024-09-01,09:50:17
TXN00098033,CUST05276,9540.87,UPI,Ranchi,75,High,Velocity Attack,2023-08-21,05:50:37
TXN00023863,CUST07363,9334.65,UPI,Hyderabad,75,High,Velocity Attack,2022-03-17,18:44:10
TXN00077870,CUST03744,8886.48,UPI,Pune,75,High,Velocity Attack,2023-10-23,20:29:30
TXN00089761,CUST02509,8757.55,UPI,Gurugram,75,High,Velocity Attack,2023-10-08,05:19:30
TXN00014015,CUST06984,8683.3,UPI,Chennai,75,High,Velocity Attack,2024-03-23,03:34:05
TXN00033687,CUST00474,8576.82,UPI,Chennai,75,High,Velocity Attack,2024-07-30,17:52:48
TXN00015470,CUST03153,7842.51,UPI,Bhopal,75,High,Velocity Attack,2025-09-30,19:06:53
TXN00069601,CUST08704,7642.95,UPI,Mysuru,75,High,Velocity Attack,2025-10-10,15:20:40
TXN00009851,CUST08382,7568.67,UPI,Visakhapatnam,75,High,Velocity Attack,2021-03-08,20:30:04
TXN00030440,CUST01936,7439.53,UPI,Noida,75,High,Velocity Attack,2021-08-11,14:45:26
TXN00068225,CUST03770,7010.65,UPI,Pune,75,High,Velocity Attack,2025-04-28,23:51:07
TXN00058810,CUST08029,6461.31,UPI,Coimbatore,75,High,Velocity Attack,2025-06-03,05:20:49
TXN00019400,CUST04223,6434.17,UPI,Thiruvananthapuram,75,High,Velocity Attack,2021-11-30,12:46:56
TXN00051816,CUST01180,6420.35,UPI,Delhi,75,High,Velocity Attack,2023-10-30,12:37:14
TXN00083648,CUST03256,6120.52,UPI,Pune,75,High,Velocity Attack,2023-01-08,12:52:37
TXN00059164,CUST08551,5742.94,UPI,Coimbatore,75,High,Velocity Attack,2023-04-10,14:17:34
TXN00004693,CUST05488,5546.12,UPI,Chandigarh,75,High,Velocity Attack,2025-09-20,12:08:07
TXN00049985,CUST03962,5539.11,UPI,Bengaluru,75,High,Velocity Attack,2022-09-15,00:25:41
TXN00054855,CUST05007,5331.92,UPI,Coimbatore,75,High,Velocity Attack,2021-08-04,10:53:28
TXN00092525,CUST01018,5325.89,UPI,Patna,75,High,Velocity Attack,2021-08-26,10:43:09
TXN00045779,CUST03188,5234.25,UPI,Noida,75,High,Velocity Attack,2024-09-19,07:56:03
TXN00085486,CUST04114,5204.55,UPI,Pune,75,High,Velocity Attack,2025-08-11,08:33:17
TXN00079402,CUST09339,5055.16,UPI,Mumbai,75,High,Velocity Attack,2024-07-10,19:34:31
TXN00079504,CUST00798,4894.44,UPI,Kochi,75,High,Velocity Attack,2023-12-04,15:09:15
TXN00018283,CUST00157,4689.29,UPI,Gurugram,75,High,Velocity Attack,2025-09-18,10:17:21
TXN00044792,CUST03521,4509.78,UPI,Jaipur,75,High,Velocity Attack,2024-08-06,17:23:49
TXN00083086,CUST03889,4188.26,UPI,Kolkata,75,High,Velocity Attack,2022-04-12,13:59:42
TXN00087974,CUST00462,3771.28,UPI,Noida,75,High,Velocity Attack,2021-12-13,07:53:23
TXN00052354,CUST05281,3601.67,UPI,Ranchi,75,High,Velocity Attack,2022-05-02,11:04:48
TXN00062814,CUST06006,3599.43,UPI,Kochi,75,High,Velocity Attack,2023-03-20,23:46:05
TXN00081092,CUST03028,3437.59,UPI,Coimbatore,75,High,Velocity Attack,2022-05-24,01:28:42
TXN00036716,CUST09995,3356.32,UPI,Kochi,75,High,Velocity Attack,2021-01-31,16:21:49
TXN00013673,CUST06227,3274.07,UPI,Navi Mumbai,75,High,Velocity Attack,2023-02-27,02:26:25
TXN00023413,CUST02528,3155.73,UPI,Hyderabad,75,High,Velocity Attack,2023-05-09,07:22:22
TXN00015145,CUST05635,3111.76,UPI,Chandigarh,75,High,Velocity Attack,2021-10-24,02:34:33
TXN00045858,CUST06829,3104.16,UPI,Mysuru,75,High,Velocity Attack,2024-11-15,09:04:47
TXN00039224,CUST04838,2899.53,UPI,Surat,75,High,Velocity Attack,2024-09-21,14:03:04
TXN00071132,CUST00202,2830.19,UPI,Bhubaneswar,75,High,Velocity Attack,2025-02-12,14:17:08
TXN00082439,CUST08430,2654.4,UPI,Navi Mumbai,75,High,Velocity Attack,2021-08-08,10:21:11
TXN00089672,CUST03441,2617.69,UPI,Nagpur,75,High,Velocity Attack,2025-04-05,18:38:19
TXN00049014,CUST01272,2584.41,UPI,Nashik,75,High,Velocity Attack,2023-12-18,09:24:27
TXN00089658,CUST02823,2454.1,UPI,Thane,75,High,Velocity Attack,2021-10-02,18:32:32
TXN00041896,CUST03387,2343.53,UPI,Coimbatore,75,High,Velocity Attack,2024-09-02,16:00:19
TXN00092096,CUST09919,2235.99,UPI,Aurangabad,75,High,Velocity Attack,2025-01-12,17:19:35
TXN00004102,CUST02061,2218.98,UPI,Delhi,75,High,Velocity Attack,2022-12-06,11:43:34
TXN00091171,CUST08078,2135.02,UPI,Navi Mumbai,75,High,Velocity Attack,2021-11-01,22:02:03
TXN00077664,CUST02114,2116.48,UPI,Chandigarh,75,High,Velocity Attack,2024-09-22,05:03:57
TXN00041586,CUST01866,2060.76,UPI,Navi Mumbai,75,High,Velocity Attack,2022-04-16,16:43:32
TXN00018668,CUST00282,1994.64,UPI,Nagpur,75,High,Velocity Attack,2022-06-08,04:05:51
TXN00051965,CUST01073,1859.72,UPI,Thiruvananthapuram,75,High,Velocity Attack,2023-07-20,23:16:49
TXN00063456,CUST07665,1790.81,UPI,Vadodara,75,High,Velocity Attack,2025-10-23,12:53:34
TXN00089357,CUST02923,1659.23,UPI,Mysuru,75,High,Velocity Attack,2023-05-24,02:06:41
TXN00000231,CUST03871,1652.29,UPI,Lucknow,75,High,Velocity Attack,2024-02-11,17:46:21
TXN00060340,CUST09824,1640.37,UPI,Noida,75,High,Velocity Attack,2021-02-08,15:12:19
TXN00067423,CUST00881,1554.75,UPI,Ahmedabad,75,High,Velocity Attack,2023-05-21,22:43:33
TXN00074073,CUST07272,1520.82,UPI,Bengaluru,75,High,Velocity Attack,2021-04-01,15:06:11
TXN00027379,CUST01890,1510.96,UPI,Coimbatore,75,High,Velocity Attack,2024-02-06,08:48:44
TXN00016498,CUST02204,1477.03,UPI,Bhopal,75,High,Velocity Attack,2025-02-12,00:47:11
TXN00060333,CUST05641,1423.3,UPI,Navi Mumbai,75,High,Velocity Attack,2021-03-25,02:52:23
TXN00050590,CUST09588,1418.16,UPI,Hyderabad,75,High,Velocity Attack,2022-05-14,12:25:49
TXN00020567,CUST01229,1330.05,UPI,Kochi,75,High,Velocity Attack,2024-04-21,16:48:11
TXN00050016,CUST03933,1329.45,UPI,Bhopal,75,High,Velocity Attack,2024-01-11,05:43:22
TXN00046047,CUST00080,1262.17,UPI,Kochi,75,High,Velocity Attack,2025-09-07,12:02:32
TXN00068089,CUST00578,1231.62,UPI,Indore,75,High,Velocity Attack,2024-09-15,09:48:35
TXN00047070,CUST03006,1203.91,UPI,Kolkata,75,High,Velocity Attack,2022-02-16,14:25:33
TXN00080610,CUST09150,1131.47,UPI,Thiruvananthapuram,75,High,Velocity Attack,2023-03-31,17:05:30
TXN00073065,CUST08003,1107.91,UPI,Bengaluru,75,High,Velocity Attack,2023-02-03,09:11:07
TXN00007244,CUST02257,1082.33,UPI,Lucknow,75,High,Velocity Attack,2023-06-26,08:00:17
TXN00073637,CUST05427,1029.23,UPI,Bhubaneswar,75,High,Velocity Attack,2025-07-14,08:50:17
TXN00032042,CUST06333,938.59,UPI,Visakhapatnam,75,High,Velocity Attack,2023-01-05,20:15:12
TXN00084246,CUST09245,914.79,UPI,Bengaluru,75,High,Velocity Attack,2022-11-24,06:10:48
TXN00072405,CUST06787,825.22,UPI,Kolkata,75,High,Velocity Attack,2023-01-18,22:55:28
TXN00039727,CUST06068,795.37,UPI,Patna,75,High,Velocity Attack,2023-08-03,02:58:12
TXN00006153,CUST05614,793.04,UPI,Pune,75,High,Velocity Attack,2022-05-26,00:51:52
TXN00034656,CUST07095,771.37,UPI,Noida,75,High,Velocity Attack,2022-02-28,19:26:39
TXN00017251,CUST05537,739.83,UPI,Bhopal,75,High,Velocity Attack,2021-01-12,05:05:19
TXN00008152,CUST06648,718.72,UPI,Pune,75,High,Velocity Attack,2023-04-23,16:16:36
TXN00010341,CUST08981,695.87,UPI,Chandigarh,75,High,Velocity Attack,2022-04-23,01:29:38
TXN00062122,CUST05953,657.87,UPI,Vadodara,75,High,Velocity Attack,2025-01-24,13:34:57
TXN00002772,CUST05068,650.06,UPI,Nagpur,75,High,Velocity Attack,2022-12-14,18:57:10
TXN00076277,CUST02018,639.44,UPI,Patna,75,High,Velocity Attack,2024-08-11,23:43:36
TXN00009731,CUST08013,632.32,UPI,Hyderabad,75,High,Velocity Attack,2023-11-30,03:11:17
TXN00086113,CUST09547,597.42,UPI,Chandigarh,75,High,Velocity Attack,2021-01-20,15:54:31
TXN00072403,CUST05908,566.54,UPI,Bhubaneswar,75,High,Velocity Attack,2022-03-23,22:52:24
TXN00053442,CUST03604,549.64,UPI,Kochi,75,High,Velocity Attack,2023-09-07,06:07:14
TXN00010121,CUST02652,445.22,UPI,Surat,75,High,Velocity Attack,2022-09-06,10:39:39
TXN00075466,CUST08749,441.94,UPI,Coimbatore,75,High,Velocity Attack,2025-02-15,02:09:26
TXN00042512,CUST03479,291.57,UPI,Bhopal,75,High,Velocity Attack,2021-07-18,19:33:00
TXN00053200,CUST02885,258.8,UPI,Indore,75,High,Velocity Attack,2025-03-08,16:32:30
TXN00007809,CUST03243,233.14,UPI,Coimbatore,75,High,Velocity Attack,2021-02-24,05:01:42
TXN00083935,CUST05500,223.02,UPI,Vadodara,75,High,Velocity Attack,2024-11-09,19:13:15
TXN00086825,CUST01230,193.7,UPI,Bhopal,75,High,Velocity Attack,2022-06-27,06:11:56
TXN00057760,CUST04744,188.12,UPI,Gurugram,75,High,Velocity Attack,2024-03-20,16:32:41
TXN00012182,CUST08710,148.33,UPI,Coimbatore,75,High,Velocity Attack,2024-11-09,23:15:59
TXN00022871,CUST01429,118.42,UPI,Thane,75,High,Velocity Attack,2023-06-17,23:10:03
TXN00095674,CUST09203,114.63,UPI,Coimbatore,75,High,Velocity Attack,2025-02-19,15:58:09
TXN00031794,CUST08170,67.49,UPI,Thane,75,High,Velocity Attack,2023-10-20,20:22:43
TXN00094145,CUST07745,122505.82,UPI,Ahmedabad,70,High,Velocity Attack,2024-05-09,21:22:36
TXN00041150,CUST09822,112731.17,UPI,Ranchi,70,High,Velocity Attack,2022-06-07,17:09:13
TXN00054017,CUST06500,5278.07,UPI,Aurangabad,65,High,Velocity Attack,2022-01-22,11:27:25
TXN00011489,CUST00842,1925.28,UPI,Navi Mumbai,65,High,Velocity Attack,2023-10-14,08:31:00
TXN00078229,CUST08960,200000.0,UPI,Ranchi,60,High,Velocity Attack,2024-09-13,14:51:59
TXN00045813,CUST04838,130426.94,UPI,Lucknow,60,High,Velocity Attack,2024-10-18,21:47:05
TXN00079821,CUST03153,102930.84,UPI,Navi Mumbai,60,High,Velocity Attack,2022-02-04,12:21:21
TXN00064770,CUST06188,33872.89,UPI,Vadodara,55,Medium,Velocity Attack,2023-03-24,16:38:21
TXN00061805,CUST04228,5947.61,UPI,Coimbatore,55,Medium,Velocity Attack,2022-01-21,17:40:20
TXN00087588,CUST08619,3251.02,UPI,Gurugram,55,Medium,Velocity Attack,2025-11-06,17:13:43
TXN00037639,CUST06001,2712.65,UPI,Patna,55,Medium,Velocity Attack,2024-08-14,21:38:48
TXN00043391,CUST08579,1172.82,UPI,Chennai,55,Medium,Velocity Attack,2023-10-19,23:16:38
TXN00018949,CUST04925,454.1,UPI,Aurangabad,55,Medium,Velocity Attack,2022-05-29,21:37:35
TXN00057907,CUST05754,90552.27,UPI,Chandigarh,50,Medium,Velocity Attack,2021-08-18,17:11:35
TXN00025632,CUST03677,65689.84,UPI,Ahmedabad,50,Medium,Velocity Attack,2025-01-27,01:13:52
TXN00070883,CUST00005,61199.12,UPI,Kolkata,50,Medium,Velocity Attack,2022-08-30,09:39:31
TXN00032136,CUST03188,59834.15,UPI,Bhubaneswar,50,Medium,Velocity Attack,2023-03-29,10:07:05
TXN00055833,CUST07593,51690.71,UPI,Nagpur,50,Medium,Velocity Attack,2024-06-23,19:45:41
TXN00065002,CUST06500,38679.24,UPI,Lucknow,50,Medium,Velocity Attack,2024-07-19,02:42:50
TXN00095776,CUST07330,37607.25,UPI,Vadodara,50,Medium,Velocity Attack,2023-06-28,03:05:15
TXN00025133,CUST06108,30062.26,UPI,Mumbai,50,Medium,Velocity Attack,2025-03-04,22:56:49
TXN00058368,CUST07013,29298.72,UPI,Bengaluru,50,Medium,Velocity Attack,2024-07-17,21:26:11
TXN00048846,CUST07816,19300.13,UPI,Navi Mumbai,50,Medium,Velocity Attack,2023-01-24,20:30:37
TXN00081161,CUST09758,19008.64,UPI,Bhubaneswar,50,Medium,Velocity Attack,2024-09-29,00:01:18
TXN00069300,CUST03599,16772.72,UPI,Lucknow,50,Medium,Velocity Attack,2024-11-03,22:50:53
TXN00037250,CUST05190,13560.23,UPI,Nagpur,50,Medium,Velocity Attack,2023-09-13,22:32:34
TXN00060986,CUST05636,12986.04,UPI,Hyderabad,50,Medium,Velocity Attack,2022-09-04,04:33:16
TXN00046849,CUST05380,12717.91,UPI,Aurangabad,50,Medium,Velocity Attack,2025-07-24,16:25:13
TXN00086138,CUST09876,12090.94,UPI,Thane,50,Medium,Velocity Attack,2023-07-01,04:49:05
TXN00010875,CUST01816,9238.26,UPI,Aurangabad,50,Medium,Velocity Attack,2022-12-24,14:18:39
TXN00045172,CUST09489,8587.43,UPI,Gurugram,50,Medium,Velocity Attack,2021-12-07,14:21:08
TXN00080398,CUST09953,8127.59,UPI,Surat,50,Medium,Velocity Attack,2024-07-03,12:27:23
TXN00054452,CUST03604,7860.64,UPI,Bengaluru,50,Medium,Velocity Attack,2024-12-22,13:04:45
TXN00036654,CUST03290,7208.89,UPI,Pune,50,Medium,Velocity Attack,2021-12-06,06:47:19
TXN00005268,CUST05345,6716.43,UPI,Lucknow,50,Medium,Velocity Attack,2024-07-11,22:11:50
TXN00074435,CUST09798,6248.65,UPI,Lucknow,50,Medium,Velocity Attack,2025-11-03,01:39:09
TXN00050372,CUST00383,6232.14,UPI,Noida,50,Medium,Velocity Attack,2021-05-27,08:45:43
TXN00054823,CUST06519,5760.56,UPI,Thiruvananthapuram,50,Medium,Velocity Attack,2023-10-16,05:13:01
TXN00038060,CUST04359,5408.63,UPI,Kochi,50,Medium,Velocity Attack,2023-10-19,17:30:26
TXN00040577,CUST04239,4813.67,UPI,Jaipur,50,Medium,Velocity Attack,2021-08-25,21:17:24
TXN00019854,CUST02427,4651.21,UPI,Chandigarh,50,Medium,Velocity Attack,2021-06-25,04:31:41
TXN00039530,CUST02589,4424.81,UPI,Delhi,50,Medium,Velocity Attack,2023-02-05,03:23:31
TXN00089905,CUST08134,3544.15,UPI,Mysuru,50,Medium,Velocity Attack,2021-12-08,20:54:26
TXN00026011,CUST00852,2556.84,UPI,Navi Mumbai,50,Medium,Velocity Attack,2022-10-29,00:42:19
TXN00039841,CUST06138,2180.39,UPI,Chennai,50,Medium,Velocity Attack,2022-06-24,23:07:24
TXN00034950,CUST03027,1868.4,UPI,Indore,50,Medium,Velocity Attack,2021-11-01,19:01:41
TXN00033694,CUST07746,1675.78,UPI,Ahmedabad,50,Medium,Velocity Attack,2021-11-09,23:16:13
TXN00074797,CUST03264,1556.26,UPI,Indore,50,Medium,Velocity Attack,2023-10-04,14:54:38
TXN00006658,CUST07613,1541.89,UPI,Nagpur,50,Medium,Velocity Attack,2021-02-13,00:42:15
TXN00014792,CUST07548,1541.33,UPI,Surat,50,Medium,Velocity Attack,2024-08-01,06:38:28
TXN00076989,CUST04184,1202.74,UPI,Ranchi,50,Medium,Velocity Attack,2023-09-18,08:18:40
TXN00007134,CUST00161,1144.75,UPI,Kochi,50,Medium,Velocity Attack,2024-02-05,09:47:05
TXN00042528,CUST00949,1140.87,UPI,Visakhapatnam,50,Medium,Velocity Attack,2024-05-06,05:35:56
TXN00089452,CUST03886,1121.36,UPI,Surat,50,Medium,Velocity Attack,2025-09-07,12:12:49
TXN00083281,CUST00842,1035.84,UPI,Lucknow,50,Medium,Velocity Attack,2025-07-29,22:41:00
TXN00053837,CUST02081,921.34,UPI,Hyderabad,50,Medium,Velocity Attack,2024-05-03,07:07:49
TXN00059446,CUST00974,856.36,UPI,Coimbatore,50,Medium,Velocity Attack,2025-10-22,08:49:21
TXN00070561,CUST04818,825.85,UPI,Aurangabad,50,Medium,Velocity Attack,2025-12-17,20:57:08
TXN00054175,CUST05570,825.72,UPI,Navi Mumbai,50,Medium,Velocity Attack,2021-01-11,23:22:32
TXN00089244,CUST04712,817.07,UPI,Kochi,50,Medium,Velocity Attack,2023-03-06,11:54:53
TXN00020772,CUST02247,613.04,UPI,Indore,50,Medium,Velocity Attack,2025-07-06,22:59:49
TXN00045506,CUST00198,487.22,UPI,Kochi,50,Medium,Velocity Attack,2021-10-24,14:20:10
TXN00088105,CUST01184,355.27,UPI,Thane,50,Medium,Velocity Attack,2021-09-17,08:24:27
TXN00036043,CUST08688,286.16,UPI,Coimbatore,50,Medium,Velocity Attack,2025-12-20,13:44:32
TXN00033138,CUST02851,174.79,UPI,Vadodara,50,Medium,Velocity Attack,2022-11-21,07:01:56
TXN00048787,CUST09274,63.82,UPI,Indore,50,Medium,Velocity Attack,2025-03-16,22:26:41
TXN00070640,CUST03527,104252.63,UPI,Coimbatore,40,Medium,Location Mismatch,2022-02-04,15:55:57
TXN00012404,CUST01073,75112.16,UPI,Aurangabad,40,Medium,Velocity Attack,2021-02-18,20:05:35
TXN00061496,CUST05000,67156.03,UPI,Nagpur,40,Medium,Velocity Attack,2022-04-11,15:54:31
TXN00091397,CUST01961,51002.33,UPI,Gurugram,40,Medium,Velocity Attack,2023-02-04,13:19:32
TXN00038310,CUST08710,45222.03,UPI,Gurugram,40,Medium,Velocity Attack,2021-06-25,00:36:18
TXN00027859,CUST01890,43030.29,UPI,Jaipur,40,Medium,Velocity Attack,2021-06-02,21:41:13
TXN00093126,CUST06188,42692.33,UPI,Coimbatore,40,Medium,Velocity Attack,2023-01-22,02:00:24
TXN00067322,CUST03028,42038.16,UPI,Lucknow,40,Medium,Velocity Attack,2023-03-05,19:05:43
TXN00063906,CUST02523,41060.0,UPI,Mumbai,40,Medium,Velocity Attack,2024-04-08,14:47:11
TXN00008230,CUST05537,39626.03,UPI,Aurangabad,40,Medium,Velocity Attack,2021-06-15,06:07:51
TXN00005964,CUST05007,36081.14,UPI,Mumbai,40,Medium,Velocity Attack,2025-10-07,01:08:13
TXN00048159,CUST03962,35802.94,UPI,Chennai,40,Medium,Velocity Attack,2025-07-13,20:15:58
TXN00016302,CUST06787,30363.55,UPI,Ranchi,40,Medium,Velocity Attack,2022-03-29,22:36:11
TXN00020878,CUST01230,26871.57,UPI,Mysuru,40,Medium,Velocity Attack,2022-02-20,19:21:50
TXN00011172,CUST01936,24176.16,UPI,Vadodara,40,Medium,Velocity Attack,2022-12-11,03:26:39
TXN00082405,CUST08078,22988.28,UPI,Indore,40,Medium,Velocity Attack,2024-06-19,20:59:48
TXN00088702,CUST03889,22974.31,UPI,Bengaluru,40,Medium,Velocity Attack,2025-06-27,11:03:29
TXN00016777,CUST03432,18563.7,UPI,Coimbatore,40,Medium,Velocity Attack,2024-06-06,14:05:34
TXN00068965,CUST04114,18495.15,UPI,Chandigarh,40,Medium,Velocity Attack,2025-02-15,09:23:01
TXN00018361,CUST03903,18011.41,UPI,Chandigarh,40,Medium,Velocity Attack,2025-11-02,12:49:32
TXN00024048,CUST04414,15697.95,UPI,Lucknow,40,Medium,Velocity Attack,2024-02-16,20:44:22
TXN00085429,CUST05281,15364.75,UPI,Kochi,40,Medium,Velocity Attack,2023-11-02,05:30:45
TXN00039760,CUST06068,13707.29,UPI,Vadodara,40,Medium,Velocity Attack,2023-07-15,08:19:44
TXN00050423,CUST03933,12929.44,UPI,Bhubaneswar,40,Medium,Velocity Attack,2021-03-07,13:53:08
TXN00018327,CUST02652,12834.1,UPI,Ahmedabad,40,Medium,Velocity Attack,2023-12-08,02:41:07
TXN00073439,CUST03521,12710.58,UPI,Coimbatore,40,Medium,Velocity Attack,2025-08-09,14:33:10
TXN00057245,CUST05614,12224.68,UPI,Surat,40,Medium,Velocity Attack,2025-10-06,21:55:01
TXN00014278,CUST06648,12159.02,UPI,Lucknow,40,Medium,Velocity Attack,2023-07-10,06:55:52
TXN00046087,CUST09588,11778.07,UPI,Surat,40,Medium,Velocity Attack,2021-09-13,19:29:56
TXN00024084,CUST01866,11400.61,UPI,Delhi,40,Medium,Velocity Attack,2024-09-26,23:40:33
TXN00015254,CUST02061,11353.98,UPI,Chennai,40,Medium,Velocity Attack,2024-07-10,01:01:06
TXN00027604,CUST04925,11179.04,UPI,Ranchi,40,Medium,Velocity Attack,2023-08-27,08:41:43
TXN00061215,CUST07665,10549.21,UPI,Delhi,40,Medium,Velocity Attack,2023-06-09,11:04:52
TXN00089776,CUST03927,9661.48,UPI,Ahmedabad,40,Medium,Velocity Attack,2022-02-22,06:44:48
TXN00027329,CUST07686,9416.85,UPI,Mysuru,40,Medium,Velocity Attack,2022-08-05,18:29:16
TXN00017961,CUST00080,8257.1,UPI,Hyderabad,40,Medium,Velocity Attack,2022-11-09,18:44:22
TXN00038359,CUST06001,7999.43,UPI,Kolkata,40,Medium,Velocity Attack,2025-05-23,00:34:41
TXN00062788,CUST02204,7896.4,UPI,Chennai,40,Medium,Velocity Attack,2022-04-24,10:29:40
TXN00005816,CUST00881,7833.96,UPI,Mysuru,40,Medium,Velocity Attack,2025-02-20,22:41:01
TXN00048136,CUST00578,7683.0,UPI,Aurangabad,40,Medium,Velocity Attack,2021-11-07,04:07:59
TXN00056565,CUST02637,7411.12,UPI,Noida,40,Medium,Velocity Attack,2021-11-29,15:36:45
TXN00046383,CUST08749,7165.46,UPI,Nagpur,40,Medium,Velocity Attack,2022-04-18,14:51:48
TXN00057260,CUST08761,7044.02,UPI,Mysuru,40,Medium,Velocity Attack,2023-05-01,04:16:08
TXN00021700,CUST01229,6558.68,UPI,Patna,40,Medium,Velocity Attack,2021-01-16,23:08:48
TXN00032076,CUST02509,6354.71,UPI,Navi Mumbai,40,Medium,Velocity Attack,2024-03-18,00:30:16
TXN00069780,CUST03441,5933.51,UPI,Ranchi,40,Medium,Velocity Attack,2021-12-02,17:36:28
TXN00034911,CUST06859,5917.38,UPI,Chandigarh,40,Medium,Velocity Attack,2024-10-15,07:29:05
TXN00039802,CUST07030,5553.41,UPI,Navi Mumbai,40,Medium,Velocity Attack,2022-04-15,17:11:20
TXN00066186,CUST03365,5418.45,UPI,Pune,40,Medium,Velocity Attack,2022-03-27,21:19:04
TXN00046464,CUST01018,5210.68,UPI,Ahmedabad,40,Medium,Velocity Attack,2022-01-24,15:17:28
TXN00035764,CUST06364,5039.82,UPI,Bengaluru,40,Medium,Velocity Attack,2022-04-29,10:48:24
TXN00034975,CUST07277,4965.23,UPI,Noida,40,Medium,Velocity Attack,2022-02-10,14:00:51
TXN00075160,CUST03304,4794.21,UPI,Kolkata,40,Medium,Velocity Attack,2024-09-18,16:44:29
TXN00016953,CUST01217,4770.57,UPI,Pune,40,Medium,Velocity Attack,2025-08-16,05:33:08
TXN00075032,CUST09150,4768.47,UPI,Chennai,40,Medium,Velocity Attack,2021-04-26,12:10:16
TXN00063801,CUST01243,4537.52,UPI,Thane,40,Medium,Velocity Attack,2025-01-20,10:46:14
TXN00014268,CUST07020,4403.69,UPI,Ahmedabad,40,Medium,Velocity Attack,2021-11-04,08:02:25
TXN00084104,CUST08704,4321.92,UPI,Bhubaneswar,40,Medium,Velocity Attack,2025-08-23,04:16:10
TXN00029050,CUST01272,4197.22,UPI,Chennai,40,Medium,Velocity Attack,2023-11-07,20:30:11
TXN00029782,CUST00798,4115.07,UPI,Lucknow,40,Medium,Velocity Attack,2025-05-20,23:50:27
TXN00080752,CUST08649,4108.7,UPI,Ahmedabad,40,Medium,Velocity Attack,2025-11-15,06:44:19
TXN00067390,CUST00186,4070.27,UPI,Thiruvananthapuram,40,Medium,Velocity Attack,2022-01-28,19:09:22
TXN00096884,CUST07192,4034.08,UPI,Thane,40,Medium,Velocity Attack,2024-11-05,00:46:45
TXN00011287,CUST09653,3889.85,UPI,Thane,40,Medium,Velocity Attack,2025-12-14,22:03:52
TXN00028208,CUST03006,3807.27,UPI,Bengaluru,40,Medium,Velocity Attack,2022-01-08,09:22:41
TXN00000370,CUST08981,3700.26,UPI,Navi Mumbai,40,Medium,Velocity Attack,2021-05-21,07:28:50
TXN00098933,CUST06958,3687.54,UPI,Kolkata,40,Medium,Velocity Attack,2022-04-04,21:53:38
TXN00094887,CUST09824,3675.36,UPI,Delhi,40,Medium,Velocity Attack,2025-06-23,08:18:11
TXN00017474,CUST03871,3615.84,UPI,Ahmedabad,40,Medium,Velocity Attack,2022-12-30,14:01:34
TXN00003723,CUST01281,3610.07,UPI,Bhubaneswar,40,Medium,Velocity Attack,2021-12-31,19:15:06
TXN00002894,CUST01180,3279.07,UPI,Visakhapatnam,40,Medium,Velocity Attack,2025-06-30,19:55:43
TXN00068098,CUST06172,3167.09,UPI,Gurugram,40,Medium,Velocity Attack,2022-07-28,20:55:59
TXN00086944,CUST08170,3110.11,UPI,Coimbatore,40,Medium,Velocity Attack,2025-07-29,03:25:25
TXN00030784,CUST09780,3091.7,UPI,Vadodara,40,Medium,Velocity Attack,2025-06-19,22:33:36
TXN00008803,CUST09339,2979.08,UPI,Vadodara,40,Medium,Velocity Attack,2025-06-17,02:26:15
TXN00072647,CUST05900,2939.92,UPI,Delhi,40,Medium,Velocity Attack,2025-09-05,03:59:18
TXN00079907,CUST05641,2628.88,UPI,Ahmedabad,40,Medium,Velocity Attack,2025-11-19,12:24:16
TXN00016870,CUST08430,2598.51,UPI,Thane,40,Medium,Velocity Attack,2024-05-16,20:08:21
TXN00002495,CUST05500,2519.7,UPI,Bhopal,40,Medium,Velocity Attack,2023-08-13,22:55:31
TXN00090976,CUST08727,2488.86,UPI,Ahmedabad,40,Medium,Velocity Attack,2022-01-08,10:19:52
TXN00073977,CUST00282,2435.68,UPI,Mumbai,40,Medium,Velocity Attack,2021-01-16,09:32:21
TXN00041037,CUST03243,2422.55,UPI,Nashik,40,Medium,Velocity Attack,2025-03-10,16:03:00
TXN00092656,CUST05908,2317.56,UPI,Chennai,40,Medium,Velocity Attack,2021-06-23,04:29:43
TXN00065266,CUST08579,2142.74,UPI,Chandigarh,40,Medium,Velocity Attack,2024-05-21,23:53:57
TXN00088005,CUST00202,2107.27,UPI,Hyderabad,40,Medium,Velocity Attack,2025-05-13,05:08:42
TXN00051145,CUST08827,1998.71,UPI,Nagpur,40,Medium,Velocity Attack,2022-12-25,03:39:51
TXN00078218,CUST02923,1970.32,UPI,Coimbatore,40,Medium,Velocity Attack,2021-06-03,15:03:42
TXN00078876,CUST04463,1961.92,UPI,Nagpur,40,Medium,Velocity Attack,2022-08-29,18:39:03
TXN00012240,CUST02528,1848.07,UPI,Nashik,40,Medium,Velocity Attack,2021-02-08,07:05:43
TXN00011070,CUST03890,1786.13,UPI,Bengaluru,40,Medium,Velocity Attack,2024-07-15,17:03:57
TXN00063543,CUST09245,1728.15,UPI,Lucknow,40,Medium,Velocity Attack,2022-04-13,21:00:49
TXN00080161,CUST01085,1722.74,UPI,Mysuru,40,Medium,Velocity Attack,2025-04-19,22:09:50
TXN00009590,CUST04744,1721.48,UPI,Kolkata,40,Medium,Velocity Attack,2023-04-21,00:35:56
TXN00068092,CUST04223,1720.62,UPI,Patna,40,Medium,Velocity Attack,2023-07-03,20:55:21
TXN00085484,CUST09547,1717.97,UPI,Chandigarh,40,Medium,Velocity Attack,2021-11-20,04:35:56
TXN00011435,CUST04802,1658.38,UPI,Nashik,40,Medium,Velocity Attack,2023-10-10,08:35:05
TXN00098971,CUST00157,1650.14,UPI,Bhubaneswar,40,Medium,Velocity Attack,2021-02-25,14:50:26
TXN00097890,CUST05068,1635.7,UPI,Delhi,40,Medium,Velocity Attack,2025-05-20,23:51:57
TXN00004196,CUST08551,1604.27,UPI,Surat,40,Medium,Velocity Attack,2024-12-22,17:38:31
TXN00034507,CUST09995,1567.47,UPI,Chandigarh,40,Medium,Velocity Attack,2021-10-02,04:20:22
TXN00079652,CUST05635,1522.59,UPI,Indore,40,Medium,Velocity Attack,2024-04-15,12:14:21
TXN00011482,CUST06390,1510.45,UPI,Thiruvananthapuram,40,Medium,Velocity Attack,2025-01-29,03:18:36
TXN00036041,CUST03387,1499.34,UPI,Nashik,40,Medium,Velocity Attack,2021-12-03,02:07:39
TXN00091799,CUST06006,1425.07,UPI,Patna,40,Medium,Velocity Attack,2023-09-30,07:51:06
TXN00033700,CUST05488,1419.6,UPI,Noida,40,Medium,Velocity Attack,2021-07-02,16:49:29
TXN00002306,CUST07095,1386.47,UPI,Lucknow,40,Medium,Velocity Attack,2024-02-19,17:34:52
TXN00011784,CUST01429,1299.05,UPI,Surat,40,Medium,Velocity Attack,2022-01-15,00:32:30
TXN00030713,CUST07461,1231.72,UPI,Nashik,40,Medium,Velocity Attack,2024-07-05,01:22:18
TXN00095184,CUST02114,1215.77,UPI,Indore,40,Medium,Velocity Attack,2021-03-31,03:34:41
TXN00081962,CUST00462,1172.66,UPI,Bengaluru,40,Medium,Velocity Attack,2021-08-01,03:58:06
TXN00038435,CUST00474,1146.84,UPI,Chennai,40,Medium,Velocity Attack,2021-03-08,05:50:15
TXN00065990,CUST04172,1146.62,UPI,Ranchi,40,Medium,Velocity Attack,2022-09-07,18:47:23
TXN00078749,CUST05844,1135.64,UPI,Thane,40,Medium,Velocity Attack,2021-11-23,04:21:58
TXN00078810,CUST03479,1068.18,UPI,Visakhapatnam,40,Medium,Velocity Attack,2025-05-26,08:18:29
TXN00093444,CUST03188,983.96,UPI,Mysuru,40,Medium,Velocity Attack,2024-06-29,22:39:15
TXN00010997,CUST03744,955.42,UPI,Ahmedabad,40,Medium,Velocity Attack,2023-01-27,14:14:44
TXN00045393,CUST08619,919.84,UPI,Pune,40,Medium,Velocity Attack,2024-07-22,09:21:58
TXN00000784,CUST05953,905.64,UPI,Chandigarh,40,Medium,Velocity Attack,2023-06-17,06:43:02
TXN00030393,CUST03256,815.51,UPI,Mumbai,40,Medium,Velocity Attack,2021-12-24,14:38:56
TXN00007332,CUST06043,813.59,UPI,Mumbai,40,Medium,Velocity Attack,2021-10-14,09:45:47
TXN00086953,CUST02018,808.09,UPI,Thane,40,Medium,Velocity Attack,2021-11-10,05:39:11
TXN00034735,CUST08382,786.7,UPI,Bhopal,40,Medium,Velocity Attack,2021-04-14,10:25:35
TXN00016355,CUST08653,722.13,UPI,Indore,40,Medium,Velocity Attack,2023-04-26,19:08:11
TXN00027172,CUST03770,700.18,UPI,Thane,40,Medium,Velocity Attack,2022-09-28,02:57:20
TXN00006980,CUST06984,695.28,UPI,Pune,40,Medium,Velocity Attack,2023-05-29,00:57:44
TXN00025155,CUST06829,590.7,UPI,Kolkata,40,Medium,Velocity Attack,2025-09-10,05:39:37
TXN00059007,CUST04228,565.3,UPI,Visakhapatnam,40,Medium,Velocity Attack,2025-10-13,22:52:06
TXN00000720,CUST09203,557.82,UPI,Mysuru,40,Medium,Velocity Attack,2025-08-14,09:04:51
TXN00006907,CUST06227,538.42,UPI,Kochi,40,Medium,Velocity Attack,2025-08-21,13:41:39
TXN00014441,CUST08029,533.28,UPI,Jaipur,40,Medium,Velocity Attack,2022-09-04,21:01:33
TXN00082761,CUST08013,524.39,UPI,Bengaluru,40,Medium,Velocity Attack,2024-02-01,10:31:35
TXN00008075,CUST04887,473.29,UPI,Nagpur,40,Medium,Velocity Attack,2023-10-23,19:17:04
TXN00041739,CUST01439,450.01,UPI,Ranchi,40,Medium,Velocity Attack,2023-08-30,16:42:39
TXN00087340,CUST02595,438.45,UPI,Ahmedabad,40,Medium,Velocity Attack,2025-07-12,21:26:24
TXN00050805,CUST08003,425.79,UPI,Aurangabad,40,Medium,Velocity Attack,2024-12-02,11:36:22
TXN00020908,CUST05276,408.68,UPI,Navi Mumbai,40,Medium,Velocity Attack,2023-04-22,00:54:41
TXN00033189,CUST09919,335.4,UPI,Nashik,40,Medium,Velocity Attack,2021-04-17,09:06:54
TXN00026347,CUST07272,318.65,UPI,Nashik,40,Medium,Velocity Attack,2025-03-07,23:20:43
TXN00041661,CUST05538,224.43,UPI,Delhi,40,Medium,Velocity Attack,2022-06-19,05:04:22
TXN00053365,CUST05427,222.28,UPI,Vadodara,40,Medium,Velocity Attack,2025-07-15,22:48:56
TXN00052778,CUST00615,205.9,UPI,Patna,40,Medium,Velocity Attack,2021-05-09,16:46:52
TXN00035743,CUST02823,133.24,UPI,Visakhapatnam,40,Medium,Velocity Attack,2023-09-12,15:07:19
TXN00096955,CUST02257,101.32,UPI,Kolkata,40,Medium,Velocity Attack,2024-06-18,11:23:31
TXN00003090,CUST09899,86.59,UPI,Gurugram,40,Medium,Velocity Attack,2021-05-19,18:00:37
TXN00082418,CUST03357,151295.49,Credit Card,Mumbai,35,Medium,IP Mismatch,2021-08-08,21:30:57
TXN00005895,CUST06393,500000.0,Wallet,Chandigarh,30,Medium,High Amount Anomaly,2021-04-09,00:17:39
TXN00028671,CUST03435,500000.0,AEPS,Kolkata,30,Medium,High Amount Anomaly,2023-10-19,02:10:32
TXN00098566,CUST02383,465474.81,UPI,Ranchi,30,Medium,High Amount Anomaly,2023-11-29,00:21:57
TXN00042529,CUST01745,317486.25,UPI,Ahmedabad,30,Medium,High Amount Anomaly,2024-01-13,02:50:32
TXN00033361,CUST06534,312283.25,UPI,Kochi,30,Medium,High Amount Anomaly,2024-10-03,01:48:45
TXN00092921,CUST00160,228405.29,UPI,Ranchi,30,Medium,High Amount Anomaly,2025-07-20,04:46:54
TXN00073613,CUST01216,193626.45,UPI,Navi Mumbai,30,Medium,High Amount Anomaly,2022-02-06,01:15:31
TXN00068253,CUST08468,180112.91,Net Banking,Patna,30,Medium,High Amount Anomaly,2024-10-28,03:15:46
TXN00058800,CUST08263,178904.25,Debit Card,Nagpur,30,Medium,High Amount Anomaly,2025-11-11,04:45:12
TXN00088873,CUST06022,176332.25,UPI,Patna,30,Medium,High Amount Anomaly,2025-12-31,04:19:11
TXN00079414,CUST03989,166404.39,Debit Card,Ranchi,30,Medium,High Amount Anomaly,2022-12-22,04:16:56
TXN00004557,CUST02290,151010.38,Wallet,Kochi,30,Medium,High Amount Anomaly,2021-05-27,00:25:05
TXN00032527,CUST02477,150998.32,Credit Card,Noida,30,Medium,High Amount Anomaly,2023-09-06,04:30:24
TXN00091074,CUST06261,144699.29,UPI,Noida,30,Medium,High Amount Anomaly,2023-04-15,01:48:00
TXN00047583,CUST02554,140180.62,AEPS,Ahmedabad,30,Medium,High Amount Anomaly,2021-02-04,02:59:40
TXN00006486,CUST03924,129854.56,AEPS,Mysuru,30,Medium,High Amount Anomaly,2022-07-26,04:05:02
TXN00091423,CUST06966,129822.16,Debit Card,Chandigarh,30,Medium,High Amount Anomaly,2024-11-29,03:29:19
TXN00040642,CUST00791,127433.57,UPI,Nashik,30,Medium,Unusual Hour,2021-12-14,07:02:23
TXN00094684,CUST00096,120638.08,Credit Card,Bengaluru,30,Medium,High Amount Anomaly,2023-06-30,00:42:27
TXN00035695,CUST05520,118001.66,UPI,Nagpur,30,Medium,High Amount Anomaly,2025-10-06,04:03:48
TXN00096537,CUST09876,116003.02,UPI,Jaipur,30,Medium,Velocity Attack,2023-12-28,03:05:14
TXN00057722,CUST02838,110892.37,UPI,Surat,30,Medium,High Amount Anomaly,2023-01-31,00:40:58
TXN00009209,CUST07067,106829.74,AEPS,Nashik,30,Medium,High Amount Anomaly,2022-07-09,00:55:37
TXN00017629,CUST02188,82362.75,Debit Card,Thane,30,Medium,Location Mismatch,2022-01-29,02:46:13
TXN00002799,CUST08956,75507.03,AEPS,Noida,30,Medium,New Device,2024-12-30,05:47:25
TXN00069136,CUST03372,67506.53,UPI,Bhubaneswar,30,Medium,New Device,2025-04-23,05:48:57
TXN00019514,CUST09314,66593.26,UPI,Bengaluru,30,Medium,New Device,2025-06-15,05:25:15
TXN00085003,CUST08735,54232.31,UPI,Lucknow,30,Medium,Location Mismatch,2021-10-19,02:55:15
TXN00019898,CUST05431,52479.94,Debit Card,Indore,30,Medium,New Device,2024-05-18,00:51:55
TXN00078533,CUST08263,47629.03,Wallet,Bhopal,30,Medium,Location Mismatch,2022-06-04,03:51:09
TXN00089526,CUST03852,47487.87,Credit Card,Pune,30,Medium,New Device,2025-08-12,00:28:30
TXN00056158,CUST00819,43857.27,UPI,Ahmedabad,30,Medium,New Device,2022-02-06,04:23:24
TXN00053229,CUST01478,40280.14,UPI,Noida,30,Medium,Location Mismatch,2025-08-10,05:02:51
TXN00095371,CUST08805,40266.82,UPI,Nagpur,30,Medium,New Device,2025-02-04,03:28:15
TXN00063537,CUST06471,30498.1,AEPS,Jaipur,30,Medium,New Device,2024-01-27,05:00:17
TXN00051833,CUST00035,28967.11,UPI,Aurangabad,30,Medium,New Device,2021-09-24,05:09:10
TXN00008374,CUST09579,28873.69,UPI,Ahmedabad,30,Medium,Location Mismatch,2023-11-11,01:59:45
TXN00051867,CUST02448,27769.02,Wallet,Mumbai,30,Medium,New Device,2025-11-17,05:03:26
TXN00004077,CUST07941,27097.16,UPI,Kolkata,30,Medium,New Device,2025-01-19,03:04:32
TXN00009601,CUST04721,26101.99,AEPS,Gurugram,30,Medium,New Device,2021-03-20,03:05:20
TXN00033632,CUST04519,25264.9,UPI,Bhubaneswar,30,Medium,New Device,2023-10-02,02:13:46
TXN00027086,CUST09618,24780.71,UPI,Coimbatore,30,Medium,Location Mismatch,2025-08-31,03:38:43
TXN00074540,CUST09875,21749.93,UPI,Visakhapatnam,30,Medium,Location Mismatch,2024-03-12,01:03:50
TXN00063760,CUST01234,21338.3,UPI,Nagpur,30,Medium,New Device,2021-11-05,03:02:49
TXN00086841,CUST09907,21196.93,UPI,Jaipur,30,Medium,New Device,2024-03-14,02:13:41
TXN00022323,CUST05866,19150.97,Net Banking,Surat,30,Medium,Location Mismatch,2021-03-08,01:39:15
TXN00018172,CUST03467,18267.38,AEPS,Coimbatore,30,Medium,Location Mismatch,2022-12-06,02:56:49
TXN00034979,CUST03070,18126.45,UPI,Gurugram,30,Medium,Location Mismatch,2025-08-28,04:47:44
TXN00055096,CUST04773,17366.92,Net Banking,Bengaluru,30,Medium,Location Mismatch,2025-07-08,05:04:47
TXN00041040,CUST02488,17137.13,UPI,Jaipur,30,Medium,New Device,2023-04-28,01:08:52
TXN00000775,CUST02870,16331.12,UPI,Lucknow,30,Medium,New Device,2024-04-13,02:56:20
TXN00074309,CUST07704,14981.62,Wallet,Jaipur,30,Medium,New Device,2024-10-27,03:38:22
TXN00084722,CUST06540,13617.82,Debit Card,Bhubaneswar,30,Medium,Location Mismatch,2024-05-23,03:36:20
TXN00091579,CUST00623,13545.58,UPI,Patna,30,Medium,New Device,2021-05-26,02:46:15
TXN00032044,CUST04812,12584.56,Wallet,Kochi,30,Medium,Location Mismatch,2023-06-29,01:00:21
TXN00042084,CUST06955,12545.13,AEPS,Kochi,30,Medium,Location Mismatch,2022-05-13,01:46:42
TXN00001746,CUST04939,11672.45,Net Banking,Delhi,30,Medium,New Device,2024-05-04,05:32:12
TXN00086381,CUST03948,10811.62,UPI,Thiruvananthapuram,30,Medium,New Device,2022-07-01,03:39:46
TXN00062064,CUST08583,10027.71,UPI,Surat,30,Medium,New Device,2025-03-24,04:26:53
TXN00011875,CUST07835,9669.66,UPI,Noida,30,Medium,Location Mismatch,2025-07-16,05:51:38
TXN00066074,CUST07183,9412.83,Debit Card,Ahmedabad,30,Medium,Location Mismatch,2024-10-10,03:28:20
TXN00098449,CUST08451,9085.07,UPI,Surat,30,Medium,New Device,2023-09-25,01:26:48
TXN00003758,CUST02342,8864.71,AEPS,Noida,30,Medium,Location Mismatch,2024-07-21,04:13:20
TXN00008536,CUST03304,8821.13,Debit Card,Jaipur,30,Medium,Location Mismatch,2024-10-30,04:02:47
TXN00006636,CUST02686,8744.75,UPI,Chennai,30,Medium,New Device,2024-05-06,05:13:54
TXN00006293,CUST01374,8093.29,Net Banking,Mumbai,30,Medium,New Device,2021-08-04,01:03:01
TXN00048290,CUST02835,7871.68,AEPS,Bhubaneswar,30,Medium,New Device,2025-07-30,03:53:18
TXN00087082,CUST03574,7775.86,Wallet,Patna,30,Medium,New Device,2022-07-24,01:41:31
TXN00020385,CUST00053,6548.31,Wallet,Gurugram,30,Medium,New Device,2021-12-09,00:35:13
TXN00045434,CUST08711,6453.63,Debit Card,Bhubaneswar,30,Medium,New Device,2022-03-31,04:31:39
TXN00018621,CUST03685,6374.11,Debit Card,Indore,30,Medium,Location Mismatch,2024-06-07,00:57:04
TXN00017401,CUST06724,6297.46,UPI,Visakhapatnam,30,Medium,Location Mismatch,2024-04-06,00:22:42
TXN00074942,CUST09575,5838.32,AEPS,Jaipur,30,Medium,Location Mismatch,2022-09-23,01:53:07
TXN00099541,CUST09358,5745.38,Credit Card,Jaipur,30,Medium,Location Mismatch,2023-08-18,05:43:58
TXN00051458,CUST02626,5456.03,UPI,Delhi,30,Medium,New Device,2025-12-01,03:56:50
TXN00019145,CUST01289,5444.88,Credit Card,Bhopal,30,Medium,Location Mismatch,2022-08-07,01:21:41
TXN00005242,CUST00965,5272.41,Credit Card,Visakhapatnam,30,Medium,Location Mismatch,2024-06-12,00:52:27
TXN00077222,CUST05326,5221.69,UPI,Chennai,30,Medium,New Device,2022-12-31,02:58:52
TXN00075684,CUST07431,4814.58,Debit Card,Coimbatore,30,Medium,Location Mismatch,2025-05-17,00:13:38
TXN00044356,CUST01029,4630.94,Credit Card,Patna,30,Medium,Location Mismatch,2025-04-05,01:03:08
TXN00025653,CUST07349,4310.64,UPI,Chandigarh,30,Medium,Location Mismatch,2024-05-08,00:22:17
TXN00060442,CUST03624,4061.73,Wallet,Delhi,30,Medium,Location Mismatch,2024-11-26,05:04:33
TXN00039914,CUST00905,3943.88,Net Banking,Thiruvananthapuram,30,Medium,New Device,2025-04-11,05:45:41
TXN00031364,CUST09893,3933.21,UPI,Hyderabad,30,Medium,New Device,2021-12-30,00:08:04
TXN00051794,CUST05109,3860.38,UPI,Chandigarh,30,Medium,New Device,2022-03-25,03:07:53
TXN00004510,CUST01078,3795.52,Net Banking,Nashik,30,Medium,Location Mismatch,2022-07-05,04:17:21
TXN00093963,CUST01038,3667.29,UPI,Aurangabad,30,Medium,New Device,2022-04-09,03:55:12
TXN00097685,CUST09725,3607.34,Debit Card,Lucknow,30,Medium,New Device,2022-07-05,00:14:15
TXN00038626,CUST05335,3596.67,UPI,Aurangabad,30,Medium,New Device,2021-06-11,04:17:36
TXN00085629,CUST08754,3587.73,UPI,Thane,30,Medium,New Device,2022-08-04,05:39:42
TXN00055191,CUST02663,3535.59,Credit Card,Bengaluru,30,Medium,New Device,2025-10-07,02:19:16
TXN00061084,CUST01845,3469.75,AEPS,Delhi,30,Medium,Location Mismatch,2023-03-16,01:04:23
TXN00038622,CUST02784,3368.21,UPI,Bhubaneswar,30,Medium,New Device,2024-10-29,01:33:43
TXN00052877,CUST00344,3274.63,UPI,Aurangabad,30,Medium,New Device,2022-02-21,05:46:47
TXN00036910,CUST08086,3256.05,Wallet,Bhopal,30,Medium,Location Mismatch,2023-09-11,03:43:07
TXN00059793,CUST09910,3191.74,Credit Card,Kolkata,30,Medium,New Device,2024-07-09,01:53:37
TXN00037654,CUST02443,3185.3,UPI,Navi Mumbai,30,Medium,New Device,2021-08-31,05:48:22
TXN00072836,CUST01578,3147.31,UPI,Kolkata,30,Medium,Location Mismatch,2024-06-19,00:54:08
TXN00058535,CUST04550,3034.6,Net Banking,Pune,30,Medium,Location Mismatch,2022-11-14,04:23:43
TXN00005044,CUST07223,3024.21,Debit Card,Vadodara,30,Medium,Location Mismatch,2024-01-18,00:19:34
TXN00093309,CUST06300,3001.77,Credit Card,Mumbai,30,Medium,New Device,2021-01-16,05:13:42
TXN00077875,CUST07419,2976.39,Wallet,Noida,30,Medium,New Device,2024-07-03,03:04:24
TXN00054105,CUST00252,2974.98,Debit Card,Thane,30,Medium,Location Mismatch,2023-09-01,04:25:12
TXN00072666,CUST08684,2757.98,UPI,Noida,30,Medium,New Device,2021-11-22,04:16:14
TXN00096719,CUST05926,2651.25,UPI,Chennai,30,Medium,Location Mismatch,2022-04-19,01:51:52
TXN00076248,CUST02044,2431.22,Net Banking,Nagpur,30,Medium,New Device,2021-09-13,00:45:48
TXN00018993,CUST01355,2394.18,Credit Card,Mysuru,30,Medium,New Device,2022-09-09,05:34:34
TXN00083122,CUST03082,2325.83,UPI,Thiruvananthapuram,30,Medium,New Device,2025-08-10,03:50:19
TXN00063550,CUST04562,2319.28,Wallet,Hyderabad,30,Medium,Location Mismatch,2023-07-05,02:36:42
TXN00039009,CUST00752,2190.15,UPI,Indore,30,Medium,Location Mismatch,2024-02-25,03:19:48
TXN00002430,CUST06542,2177.69,UPI,Chennai,30,Medium,Location Mismatch,2022-08-26,01:22:47
TXN00083335,CUST07421,2163.25,UPI,Pune,30,Medium,Location Mismatch,2024-02-12,05:33:20
TXN00094048,CUST09414,2124.28,AEPS,Bhopal,30,Medium,Location Mismatch,2024-03-10,02:58:01
TXN00043836,CUST03132,2031.55,Debit Card,Delhi,30,Medium,New Device,2024-07-26,05:15:48
TXN00008088,CUST00158,2006.51,UPI,Delhi,30,Medium,New Device,2023-10-30,00:59:52
TXN00085651,CUST06831,2002.07,Wallet,Mumbai,30,Medium,New Device,2022-08-24,03:55:02
TXN00062236,CUST03971,1992.0,UPI,Mumbai,30,Medium,Location Mismatch,2022-11-16,04:16:51
TXN00075072,CUST07450,1986.3,Debit Card,Surat,30,Medium,New Device,2024-11-27,02:14:06
TXN00073621,CUST05746,1985.05,Debit Card,Bhubaneswar,30,Medium,Location Mismatch,2025-01-11,05:51:47
TXN00035883,CUST04654,1946.85,UPI,Coimbatore,30,Medium,Location Mismatch,2022-03-07,05:15:36
TXN00067673,CUST08123,1872.19,Credit Card,Coimbatore,30,Medium,Location Mismatch,2025-07-17,02:06:07
TXN00099850,CUST07218,1868.21,AEPS,Aurangabad,30,Medium,Location Mismatch,2022-07-31,05:19:58
TXN00032638,CUST05180,1841.83,UPI,Coimbatore,30,Medium,New Device,2024-08-17,05:58:55
TXN00096777,CUST02084,1815.84,UPI,Bhopal,30,Medium,New Device,2022-01-30,00:12:47
TXN00069384,CUST02529,1784.1,Debit Card,Lucknow,30,Medium,New Device,2023-08-13,03:17:29
TXN00027490,CUST06299,1773.3,UPI,Delhi,30,Medium,Location Mismatch,2024-10-11,04:37:07
TXN00094811,CUST02102,1768.54,UPI,Ranchi,30,Medium,New Device,2024-08-13,04:27:24
TXN00082184,CUST05239,1763.26,UPI,Chandigarh,30,Medium,Location Mismatch,2022-02-07,00:25:15
TXN00035889,CUST05085,1752.88,UPI,Noida,30,Medium,New Device,2023-08-25,03:39:26
TXN00082021,CUST08584,1739.51,UPI,Indore,30,Medium,New Device,2024-06-28,03:57:36
TXN00007769,CUST03391,1723.93,UPI,Navi Mumbai,30,Medium,Location Mismatch,2021-09-18,01:29:27
TXN00075811,CUST02831,1626.56,UPI,Noida,30,Medium,New Device,2021-03-16,05:45:52
TXN00027661,CUST04202,1582.8,AEPS,Thiruvananthapuram,30,Medium,Location Mismatch,2025-02-11,03:49:12
TXN00015865,CUST08737,1566.39,UPI,Noida,30,Medium,Location Mismatch,2025-05-22,02:18:11
TXN00000837,CUST00206,1565.77,Net Banking,Noida,30,Medium,Location Mismatch,2024-10-27,03:04:59
TXN00026100,CUST09127,1556.19,Credit Card,Visakhapatnam,30,Medium,Location Mismatch,2025-04-05,00:27:18
TXN00007657,CUST07847,1459.04,UPI,Ahmedabad,30,Medium,New Device,2025-01-08,05:49:45
TXN00035766,CUST03270,1424.5,UPI,Vadodara,30,Medium,New Device,2025-03-29,02:59:40
TXN00086763,CUST02384,1423.73,AEPS,Aurangabad,30,Medium,New Device,2022-10-06,02:53:43
TXN00017971,CUST08992,1406.65,UPI,Kochi,30,Medium,Location Mismatch,2024-06-27,03:57:56
TXN00046209,CUST01959,1378.7,Net Banking,Mumbai,30,Medium,Location Mismatch,2025-03-20,02:14:03
TXN00053004,CUST06329,1377.23,UPI,Visakhapatnam,30,Medium,New Device,2023-08-05,05:53:47
TXN00023421,CUST05868,1290.2,Wallet,Gurugram,30,Medium,Location Mismatch,2025-01-29,02:17:25
TXN00091628,CUST01708,1215.64,UPI,Indore,30,Medium,New Device,2025-07-13,00:49:26
TXN00097102,CUST07455,1199.12,Credit Card,Aurangabad,30,Medium,Location Mismatch,2021-01-05,02:33:33
TXN00051864,CUST06569,1198.36,Net Banking,Indore,30,Medium,New Device,2025-10-31,00:20:04
TXN00029405,CUST06705,1195.13,UPI,Bhubaneswar,30,Medium,New Device,2024-01-16,00:10:50
TXN00018764,CUST09083,1194.85,Wallet,Patna,30,Medium,Location Mismatch,2024-09-08,01:14:02
TXN00011007,CUST05768,1188.02,UPI,Nagpur,30,Medium,New Device,2022-04-30,01:42:35
TXN00048799,CUST08728,1186.38,Net Banking,Mysuru,30,Medium,New Device,2024-10-19,00:41:22
TXN00035900,CUST09430,1161.27,UPI,Bhubaneswar,30,Medium,Location Mismatch,2023-10-25,00:32:52
TXN00014885,CUST01229,1154.7,Net Banking,Ranchi,30,Medium,New Device,2024-07-07,04:08:26
TXN00023515,CUST06331,1154.42,UPI,Coimbatore,30,Medium,New Device,2021-04-06,05:12:50
TXN00081449,CUST03550,1112.91,UPI,Hyderabad,30,Medium,New Device,2021-06-03,03:53:04
TXN00003513,CUST05900,1104.89,Debit Card,Bhubaneswar,30,Medium,Location Mismatch,2023-01-16,04:46:28
TXN00083440,CUST03196,1086.84,UPI,Bhopal,30,Medium,Location Mismatch,2024-12-16,02:33:14
TXN00072686,CUST09857,1078.41,UPI,Aurangabad,30,Medium,New Device,2024-07-06,03:13:58
TXN00071000,CUST08978,1069.01,Credit Card,Thiruvananthapuram,30,Medium,New Device,2021-05-15,00:42:41
TXN00091129,CUST00532,1053.02,UPI,Vadodara,30,Medium,Location Mismatch,2021-04-12,00:24:04
TXN00076635,CUST02136,1022.46,Debit Card,Mumbai,30,Medium,Location Mismatch,2023-05-11,04:10:16
TXN00065399,CUST08770,1021.28,Credit Card,Pune,30,Medium,New Device,2022-06-16,00:01:14
TXN00037467,CUST04837,999.64,UPI,Lucknow,30,Medium,New Device,2024-09-22,04:25:09
TXN00093513,CUST05744,998.36,UPI,Gurugram,30,Medium,Location Mismatch,2022-09-29,04:44:41
TXN00028356,CUST05804,985.95,Net Banking,Bhubaneswar,30,Medium,New Device,2024-02-09,00:54:43
TXN00063455,CUST02991,977.76,Credit Card,Kolkata,30,Medium,New Device,2025-08-18,05:14:33
TXN00075218,CUST02885,976.32,Debit Card,Jaipur,30,Medium,New Device,2022-06-21,03:59:09
TXN00037683,CUST01470,930.01,UPI,Hyderabad,30,Medium,New Device,2024-02-08,00:39:13
TXN00031578,CUST00128,925.5,Debit Card,Noida,30,Medium,Location Mismatch,2022-10-11,00:13:52
TXN00034740,CUST08510,921.34,UPI,Thiruvananthapuram,30,Medium,New Device,2023-04-09,02:11:52
TXN00022311,CUST04431,893.86,Net Banking,Delhi,30,Medium,New Device,2021-04-21,02:47:43
TXN00061091,CUST06166,876.39,UPI,Mysuru,30,Medium,Location Mismatch,2024-04-23,01:49:02
TXN00042001,CUST02948,870.94,Debit Card,Indore,30,Medium,New Device,2024-11-27,04:55:23
TXN00062860,CUST00092,868.88,UPI,Mumbai,30,Medium,New Device,2025-09-06,04:37:26
TXN00089992,CUST07141,859.13,UPI,Jaipur,30,Medium,New Device,2025-05-02,04:56:42
TXN00071831,CUST06550,807.91,Wallet,Lucknow,30,Medium,New Device,2023-01-01,01:13:09
TXN00042816,CUST01015,793.55,Net Banking,Ahmedabad,30,Medium,New Device,2023-05-19,00:49:08
TXN00021324,CUST07533,760.93,Debit Card,Indore,30,Medium,Location Mismatch,2022-08-03,04:37:38
TXN00048684,CUST02831,745.45,Debit Card,Noida,30,Medium,New Device,2022-07-31,02:31:37
TXN00067562,CUST09617,738.51,Debit Card,Coimbatore,30,Medium,New Device,2022-08-15,03:40:45
TXN00066306,CUST06211,725.04,UPI,Thiruvananthapuram,30,Medium,Location Mismatch,2025-02-08,01:20:20
TXN00013666,CUST07371,712.35,Debit Card,Pune,30,Medium,Location Mismatch,2023-11-17,02:41:54
TXN00039245,CUST06023,708.74,UPI,Bengaluru,30,Medium,New Device,2023-06-11,03:04:59
TXN00055610,CUST04037,708.71,UPI,Navi Mumbai,30,Medium,New Device,2021-01-25,00:55:42
TXN00036492,CUST07351,692.07,UPI,Patna,30,Medium,Velocity Attack,2024-11-17,01:46:59
TXN00096883,CUST06745,676.01,Wallet,Bengaluru,30,Medium,Location Mismatch,2025-12-17,03:14:55
TXN00009726,CUST06983,666.41,UPI,Thane,30,Medium,New Device,2022-12-30,04:02:10
TXN00079388,CUST07200,661.45,UPI,Coimbatore,30,Medium,New Device,2025-01-21,00:24:54
TXN00078712,CUST07459,623.46,UPI,Hyderabad,30,Medium,Location Mismatch,2021-12-04,01:24:48
TXN00062772,CUST01579,610.76,UPI,Aurangabad,30,Medium,Location Mismatch,2024-10-30,03:38:06
TXN00052229,CUST05738,599.36,UPI,Nagpur,30,Medium,New Device,2024-02-08,01:40:20
TXN00072927,CUST00873,595.66,Wallet,Aurangabad,30,Medium,Location Mismatch,2022-03-09,00:03:48
TXN00064256,CUST04351,595.4,Debit Card,Chandigarh,30,Medium,New Device,2022-10-13,03:37:15
TXN00032800,CUST09161,592.93,Debit Card,Bengaluru,30,Medium,New Device,2022-08-25,03:12:55
TXN00024523,CUST01420,590.1,Wallet,Visakhapatnam,30,Medium,New Device,2025-11-29,03:59:24
TXN00038319,CUST07352,568.09,UPI,Nagpur,30,Medium,Location Mismatch,2022-01-06,04:37:02
TXN00082219,CUST04541,559.93,Debit Card,Noida,30,Medium,New Device,2023-01-31,03:31:51
TXN00042157,CUST06658,544.58,UPI,Lucknow,30,Medium,Location Mismatch,2025-06-21,00:02:51
TXN00024948,CUST05946,541.21,Net Banking,Bhopal,30,Medium,New Device,2023-03-11,05:04:25
TXN00084989,CUST08440,523.97,UPI,Coimbatore,30,Medium,New Device,2025-06-15,00:00:27
TXN00089306,CUST08000,516.74,UPI,Kolkata,30,Medium,New Device,2023-08-22,03:42:31
TXN00001699,CUST05118,500.2,Credit Card,Ranchi,30,Medium,Location Mismatch,2025-06-15,01:40:22
TXN00049613,CUST04257,496.12,UPI,Mumbai,30,Medium,Location Mismatch,2025-05-09,02:04:49
TXN00081732,CUST07174,479.98,Credit Card,Coimbatore,30,Medium,New Device,2021-02-09,04:16:01
TXN00027864,CUST08436,461.3,Net Banking,Chennai,30,Medium,New Device,2025-09-15,04:41:20
TXN00049317,CUST00132,434.52,Debit Card,Vadodara,30,Medium,Location Mismatch,2021-04-21,00:36:14
TXN00005208,CUST05660,425.94,UPI,Lucknow,30,Medium,Location Mismatch,2024-11-30,03:15:19
TXN00086167,CUST08478,412.82,UPI,Aurangabad,30,Medium,Location Mismatch,2025-05-07,04:50:20
TXN00079188,CUST08725,408.34,AEPS,Mumbai,30,Medium,New Device,2024-11-08,02:47:16
TXN00055915,CUST08874,383.79,Credit Card,Gurugram,30,Medium,Location Mismatch,2021-05-01,00:58:10
TXN00016622,CUST03817,383.68,UPI,Bengaluru,30,Medium,Location Mismatch,2025-08-09,05:55:52
TXN00086406,CUST01690,375.8,Debit Card,Nashik,30,Medium,New Device,2024-03-13,04:44:26
TXN00020997,CUST09818,370.35,Debit Card,Navi Mumbai,30,Medium,New Device,2024-12-18,05:28:03
TXN00035646,CUST04910,347.12,UPI,Coimbatore,30,Medium,New Device,2021-10-12,02:26:57
TXN00055360,CUST08003,346.42,UPI,Noida,30,Medium,Location Mismatch,2022-06-09,02:14:34
TXN00026308,CUST00412,334.06,Debit Card,Chandigarh,30,Medium,Location Mismatch,2021-05-22,03:39:45
TXN00035416,CUST02371,293.15,Credit Card,Coimbatore,30,Medium,New Device,2024-08-11,05:02:47
TXN00092130,CUST01840,280.38,UPI,Vadodara,30,Medium,Location Mismatch,2021-02-07,01:09:55
TXN00036855,CUST01342,278.01,UPI,Patna,30,Medium,New Device,2025-07-26,00:14:44
TXN00047332,CUST03627,276.63,UPI,Nagpur,30,Medium,Location Mismatch,2021-08-16,03:40:55
TXN00025111,CUST00621,273.63,Net Banking,Mumbai,30,Medium,Location Mismatch,2022-08-13,05:22:21
TXN00087947,CUST02286,271.63,UPI,Nagpur,30,Medium,New Device,2023-07-15,00:30:14
TXN00055278,CUST01787,259.07,UPI,Kolkata,30,Medium,Location Mismatch,2024-01-01,03:00:17
TXN00003107,CUST09116,240.55,UPI,Mumbai,30,Medium,Location Mismatch,2024-01-11,01:02:09
TXN00057794,CUST02165,235.95,UPI,Bengaluru,30,Medium,New Device,2021-05-27,01:38:01
TXN00045073,CUST09830,220.91,Credit Card,Mumbai,30,Medium,Location Mismatch,2025-08-21,01:27:35
TXN00078946,CUST04592,198.34,UPI,Pune,30,Medium,New Device,2025-10-05,04:54:45
TXN00035610,CUST05453,191.07,Wallet,Mumbai,30,Medium,New Device,2023-04-08,04:21:48
TXN00007067,CUST07031,173.18,UPI,Nagpur,30,Medium,New Device,2024-05-02,03:05:53
TXN00095913,CUST04484,164.31,AEPS,Thane,30,Medium,Location Mismatch,2025-11-12,00:05:37
TXN00051488,CUST07895,160.58,Wallet,Coimbatore,30,Medium,New Device,2025-03-19,00:50:36
TXN00050422,CUST05816,137.35,UPI,Kochi,30,Medium,Location Mismatch,2022-01-19,04:59:15
TXN00004906,CUST07797,135.69,Net Banking,Visakhapatnam,30,Medium,New Device,2023-12-24,05:47:03
TXN00089136,CUST07130,116.34,UPI,Bhubaneswar,30,Medium,New Device,2024-01-17,01:07:24
TXN00005407,CUST05348,104.54,UPI,Aurangabad,30,Medium,Location Mismatch,2024-08-21,01:36:01
TXN00064179,CUST05377,101.81,Debit Card,Nagpur,30,Medium,New Device,2023-11-09,00:06:36
TXN00054037,CUST02573,99.09,UPI,Bhopal,30,Medium,New Device,2021-12-02,05:20:42
TXN00061584,CUST02044,97.01,UPI,Chennai,30,Medium,Location Mismatch,2023-11-12,01:38:46
TXN00058532,CUST05582,95.11,UPI,Jaipur,30,Medium,New Device,2025-08-16,01:38:16
TXN00026664,CUST00017,91.83,UPI,Mysuru,30,Medium,New Device,2025-12-14,05:49:57
TXN00062914,CUST08532,91.16,AEPS,Thane,30,Medium,Location Mismatch,2024-12-01,00:46:02
TXN00029169,CUST05953,70.63,Wallet,Kolkata,30,Medium,New Device,2025-01-19,01:11:51
TXN00003334,CUST08213,62.22,UPI,Kochi,30,Medium,New Device,2022-11-01,00:01:38
TXN00048646,CUST04880,49.68,Net Banking,Indore,30,Medium,Location Mismatch,2024-04-26,01:01:28
TXN00060434,CUST00643,48.82,UPI,Mumbai,30,Medium,New Device,2023-03-14,05:56:50
TXN00065397,CUST01683,43.61,Debit Card,Gurugram,30,Medium,New Device,2024-10-22,04:29:13
TXN00075371,CUST02618,63486.15,UPI,Navi Mumbai,25,Low,IP Mismatch,2025-02-27,05:51:01
TXN00012274,CUST00768,43797.2,UPI,Gurugram,25,Low,IP Mismatch,2024-04-06,01:39:23
TXN00096340,CUST00537,32962.18,Debit Card,Thiruvananthapuram,25,Low,IP Mismatch,2021-09-15,00:16:07
TXN00098498,CUST01585,30675.59,Wallet,Noida,25,Low,IP Mismatch,2025-07-17,05:26:06
TXN00098134,CUST03713,29749.06,UPI,Visakhapatnam,25,Low,IP Mismatch,2023-06-11,01:23:06
TXN00067678,CUST04488,23361.59,Debit Card,Aurangabad,25,Low,IP Mismatch,2024-08-11,02:07:45
TXN00091684,CUST05489,18477.88,UPI,Nagpur,25,Low,IP Mismatch,2025-06-11,03:29:03
TXN00033742,CUST03125,18278.51,UPI,Nashik,25,Low,IP Mismatch,2022-04-13,02:40:20
TXN00012676,CUST08574,12863.86,UPI,Kolkata,25,Low,IP Mismatch,2021-02-21,02:55:50
TXN00072900,CUST07472,12117.6,UPI,Jaipur,25,Low,IP Mismatch,2021-04-26,04:27:21
TXN00024764,CUST08794,11251.64,Net Banking,Kochi,25,Low,IP Mismatch,2023-07-11,00:20:01
TXN00083139,CUST03673,10174.99,Wallet,Nashik,25,Low,IP Mismatch,2024-03-15,00:04:43
TXN00042251,CUST06437,10174.77,UPI,Nashik,25,Low,IP Mismatch,2021-01-13,02:33:56
TXN00035981,CUST00409,9714.86,UPI,Thiruvananthapuram,25,Low,IP Mismatch,2022-12-25,04:58:20
TXN00047778,CUST07215,9217.97,UPI,Kolkata,25,Low,IP Mismatch,2021-04-08,03:20:20
TXN00042350,CUST01808,8714.07,UPI,Patna,25,Low,IP Mismatch,2021-03-27,00:08:22
TXN00019279,CUST03376,8422.6,UPI,Lucknow,25,Low,IP Mismatch,2025-12-10,03:52:22
TXN00077707,CUST00261,6440.45,UPI,Coimbatore,25,Low,IP Mismatch,2025-11-14,03:45:32
TXN00095857,CUST06406,5515.82,Credit Card,Thane,25,Low,IP Mismatch,2022-01-04,03:49:02
TXN00035933,CUST09160,5448.31,UPI,Noida,25,Low,IP Mismatch,2022-06-20,00:30:25
TXN00019174,CUST09786,5185.36,AEPS,Ahmedabad,25,Low,IP Mismatch,2025-09-04,02:02:44
TXN00077168,CUST08647,5122.66,UPI,Chennai,25,Low,IP Mismatch,2022-04-18,00:39:04
TXN00090403,CUST05930,4756.37,UPI,Ranchi,25,Low,IP Mismatch,2021-05-26,00:06:10
TXN00057296,CUST00262,4523.59,Credit Card,Kochi,25,Low,IP Mismatch,2025-02-12,00:49:06
TXN00069027,CUST00502,4460.7,UPI,Pune,25,Low,IP Mismatch,2022-02-09,04:14:41
TXN00073020,CUST09565,4366.73,Credit Card,Gurugram,25,Low,IP Mismatch,2023-03-07,04:51:20
TXN00031002,CUST04990,3980.51,UPI,Ahmedabad,25,Low,IP Mismatch,2021-02-12,04:36:41
TXN00031302,CUST09434,3843.42,Wallet,Pune,25,Low,IP Mismatch,2022-05-21,04:32:07
TXN00003457,CUST01150,3659.15,UPI,Mysuru,25,Low,IP Mismatch,2021-02-24,03:45:04
TXN00001446,CUST02149,3644.09,UPI,Kolkata,25,Low,IP Mismatch,2024-11-19,02:17:12
TXN00035163,CUST01088,3594.63,Wallet,Surat,25,Low,IP Mismatch,2022-05-26,02:30:02
TXN00098399,CUST08678,3233.21,UPI,Lucknow,25,Low,IP Mismatch,2022-01-19,03:41:34
TXN00082307,CUST01215,3204.54,Debit Card,Chandigarh,25,Low,IP Mismatch,2025-07-05,04:45:25
TXN00061005,CUST09472,3090.2,UPI,Patna,25,Low,IP Mismatch,2022-08-17,04:39:30
TXN00033468,CUST04038,2928.44,UPI,Hyderabad,25,Low,IP Mismatch,2023-03-07,05:19:18
TXN00093959,CUST05781,2858.55,UPI,Bengaluru,25,Low,IP Mismatch,2024-10-15,02:21:28
TXN00008227,CUST05300,2818.45,UPI,Thiruvananthapuram,25,Low,IP Mismatch,2022-07-22,04:16:31
TXN00014520,CUST05566,2753.25,UPI,Indore,25,Low,IP Mismatch,2024-11-07,03:49:23
TXN00007709,CUST07853,2671.0,Net Banking,Mumbai,25,Low,IP Mismatch,2025-06-08,02:52:43
TXN00025214,CUST08244,2479.82,UPI,Gurugram,25,Low,IP Mismatch,2023-01-17,03:33:51
TXN00026199,CUST05718,2394.42,UPI,Navi Mumbai,25,Low,IP Mismatch,2024-02-09,02:06:54
TXN00028328,CUST01846,2254.42,Wallet,Jaipur,25,Low,IP Mismatch,2021-06-12,02:02:37
TXN00092272,CUST03035,2045.68,Credit Card,Chennai,25,Low,IP Mismatch,2023-11-02,04:53:42
TXN00029413,CUST04976,2032.0,Credit Card,Delhi,25,Low,IP Mismatch,2022-03-03,03:02:15
TXN00019210,CUST02977,1798.65,UPI,Kochi,25,Low,IP Mismatch,2021-07-03,00:21:08
TXN00003301,CUST03947,1731.35,UPI,Ranchi,25,Low,IP Mismatch,2024-03-02,04:00:41
TXN00000635,CUST00206,1669.63,Net Banking,Vadodara,25,Low,IP Mismatch,2023-08-31,03:09:02
TXN00062248,CUST03474,1581.95,UPI,Coimbatore,25,Low,IP Mismatch,2022-05-18,03:42:44
TXN00000892,CUST09987,1531.35,UPI,Vadodara,25,Low,IP Mismatch,2024-10-27,05:11:34
TXN00025338,CUST04422,1447.48,UPI,Indore,25,Low,IP Mismatch,2021-01-15,01:07:07
TXN00073376,CUST02690,1320.23,UPI,Ranchi,25,Low,IP Mismatch,2025-05-13,02:04:59
TXN00040481,CUST03106,1276.51,UPI,Ahmedabad,25,Low,IP Mismatch,2021-05-26,01:46:52
TXN00072708,CUST08611,1197.59,UPI,Jaipur,25,Low,IP Mismatch,2025-05-06,03:53:20
TXN00076704,CUST00422,1168.24,AEPS,Ahmedabad,25,Low,IP Mismatch,2023-05-22,04:17:08
TXN00063747,CUST02772,1163.21,Credit Card,Navi Mumbai,25,Low,IP Mismatch,2025-08-27,01:07:58
TXN00077651,CUST08388,1152.98,Wallet,Visakhapatnam,25,Low,IP Mismatch,2025-05-31,03:53:02
TXN00013934,CUST04351,1152.96,UPI,Chandigarh,25,Low,IP Mismatch,2025-01-05,03:47:35
TXN00043243,CUST07943,1147.55,AEPS,Visakhapatnam,25,Low,IP Mismatch,2023-04-11,03:51:29
TXN00057544,CUST04533,1110.46,Debit Card,Bengaluru,25,Low,IP Mismatch,2023-07-18,04:14:04
TXN00091137,CUST06673,1090.29,Wallet,Mysuru,25,Low,IP Mismatch,2025-01-30,00:28:38
TXN00062195,CUST00556,1018.77,UPI,Visakhapatnam,25,Low,IP Mismatch,2021-01-11,01:02:35
TXN00020824,CUST06409,982.76,Net Banking,Vadodara,25,Low,IP Mismatch,2022-01-29,02:18:40
TXN00096356,CUST02664,922.03,Net Banking,Noida,25,Low,IP Mismatch,2021-03-11,04:11:28
TXN00061713,CUST09486,852.12,Net Banking,Hyderabad,25,Low,IP Mismatch,2024-08-15,01:26:58
TXN00054054,CUST08879,741.15,UPI,Thiruvananthapuram,25,Low,IP Mismatch,2024-06-15,00:30:47
TXN00050301,CUST00546,721.2,UPI,Bengaluru,25,Low,IP Mismatch,2024-07-03,00:51:10
TXN00041078,CUST07691,585.37,UPI,Kochi,25,Low,IP Mismatch,2021-07-09,03:11:14
TXN00042442,CUST02889,582.05,Debit Card,Visakhapatnam,25,Low,IP Mismatch,2023-10-18,00:41:16
TXN00022931,CUST01062,498.04,UPI,Gurugram,25,Low,IP Mismatch,2024-03-04,05:37:51
TXN00024337,CUST01500,475.99,Debit Card,Bhubaneswar,25,Low,IP Mismatch,2025-03-02,04:22:47
TXN00053821,CUST09302,450.31,UPI,Nashik,25,Low,IP Mismatch,2024-05-29,04:46:52
TXN00069218,CUST04266,420.1,Net Banking,Bhopal,25,Low,IP Mismatch,2023-10-16,02:08:11
TXN00016791,CUST03274,383.45,Debit Card,Navi Mumbai,25,Low,IP Mismatch,2023-09-05,01:46:23
TXN00085822,CUST03747,376.8,UPI,Chandigarh,25,Low,IP Mismatch,2023-04-29,05:43:11
TXN00094780,CUST08986,292.81,Debit Card,Lucknow,25,Low,IP Mismatch,2024-01-22,05:52:21
TXN00037881,CUST04813,269.41,UPI,Mysuru,25,Low,IP Mismatch,2024-12-16,03:13:46
TXN00042926,CUST01611,265.85,Net Banking,Mumbai,25,Low,IP Mismatch,2024-03-02,02:05:44
TXN00021404,CUST02642,244.5,Net Banking,Kolkata,25,Low,IP Mismatch,2022-07-23,04:36:10
TXN00041205,CUST02305,234.83,Credit Card,Vadodara,25,Low,IP Mismatch,2023-10-23,01:34:55
TXN00049048,CUST05226,225.76,Credit Card,Delhi,25,Low,IP Mismatch,2023-05-24,04:39:40
TXN00047589,CUST06035,186.1,UPI,Bhopal,25,Low,IP Mismatch,2025-11-17,05:20:01
TXN00000550,CUST07959,110.91,UPI,Mysuru,25,Low,IP Mismatch,2021-12-25,00:39:44
TXN00034185,CUST05998,56.66,Net Banking,Kochi,25,Low,IP Mismatch,2022-11-21,03:22:19
TXN00008092,CUST09170,43.05,Debit Card,Jaipur,25,Low,IP Mismatch,2023-10-12,05:44:39
TXN00005908,CUST02186,22.77,UPI,Mysuru,25,Low,IP Mismatch,2021-04-09,02:22:00
TXN00047546,CUST00750,500000.0,UPI,Patna,20,Low,High Amount Anomaly,2024-01-13,16:46:15
TXN00061998,CUST01816,500000.0,UPI,Chennai,20,Low,High Amount Anomaly,2024-04-21,15:45:03
TXN00028388,CUST02111,500000.0,Credit Card,Patna,20,Low,High Amount Anomaly,2024-06-28,11:47:33
TXN00009836,CUST00470,500000.0,UPI,Vadodara,20,Low,High Amount Anomaly,2025-09-30,16:43:08
TXN00083827,CUST06196,413160.17,Wallet,Hyderabad,20,Low,High Amount Anomaly,2022-11-04,12:44:25
TXN00020931,CUST05302,405740.78,Credit Card,Gurugram,20,Low,High Amount Anomaly,2024-12-27,10:29:45
TXN00039012,CUST04736,403717.09,Credit Card,Patna,20,Low,High Amount Anomaly,2025-04-23,09:09:34
TXN00096239,CUST00926,392279.21,UPI,Mumbai,20,Low,High Amount Anomaly,2022-04-13,16:04:24
TXN00011536,CUST04136,392206.07,UPI,Navi Mumbai,20,Low,High Amount Anomaly,2022-11-19,15:45:28
TXN00021465,CUST07736,365102.88,UPI,Thiruvananthapuram,20,Low,High Amount Anomaly,2022-07-11,17:02:12
TXN00070162,CUST01502,353385.83,Wallet,Kochi,20,Low,High Amount Anomaly,2025-08-18,14:44:00
TXN00044870,CUST04972,337400.24,UPI,Mumbai,20,Low,High Amount Anomaly,2024-03-27,19:22:26
TXN00007876,CUST02790,321787.08,UPI,Vadodara,20,Low,High Amount Anomaly,2025-05-26,11:58:10
TXN00099673,CUST04828,315475.19,Credit Card,Chandigarh,20,Low,High Amount Anomaly,2023-12-25,16:50:16
TXN00042020,CUST02403,309242.18,Credit Card,Nagpur,20,Low,High Amount Anomaly,2025-04-20,16:18:40
TXN00065796,CUST08043,260752.42,Net Banking,Thiruvananthapuram,20,Low,High Amount Anomaly,2022-06-01,20:47:12
TXN00022569,CUST00817,259689.42,UPI,Nashik,20,Low,High Amount Anomaly,2023-09-12,23:08:22
TXN00026784,CUST05023,255614.18,UPI,Kochi,20,Low,High Amount Anomaly,2024-05-22,10:39:42
TXN00041556,CUST09513,254391.33,UPI,Gurugram,20,Low,High Amount Anomaly,2024-11-18,09:58:02
TXN00089140,CUST01121,252998.32,UPI,Chennai,20,Low,High Amount Anomaly,2025-02-27,08:52:05
TXN00072778,CUST01617,242196.22,UPI,Noida,20,Low,High Amount Anomaly,2023-12-09,06:08:25
TXN00039038,CUST03269,236702.88,UPI,Thane,20,Low,High Amount Anomaly,2022-02-23,16:31:19
TXN00091853,CUST03005,218367.57,Net Banking,Mysuru,20,Low,High Amount Anomaly,2021-11-07,21:33:11
TXN00038673,CUST07603,203641.36,Credit Card,Thiruvananthapuram,20,Low,High Amount Anomaly,2021-07-04,18:02:38
TXN00007242,CUST05390,199704.42,UPI,Navi Mumbai,20,Low,High Amount Anomaly,2022-06-03,20:32:01
TXN00018535,CUST07134,194384.27,Credit Card,Jaipur,20,Low,High Amount Anomaly,2023-12-08,19:17:08
TXN00010513,CUST02383,186582.26,Credit Card,Ranchi,20,Low,High Amount Anomaly,2025-08-28,10:12:21
TXN00017500,CUST09846,186111.88,Debit Card,Bhopal,20,Low,High Amount Anomaly,2021-06-17,13:05:49
TXN00084742,CUST01901,177693.66,UPI,Aurangabad,20,Low,High Amount Anomaly,2021-04-30,13:00:08
TXN00096053,CUST08382,177203.27,UPI,Hyderabad,20,Low,High Amount Anomaly,2023-07-31,06:33:17
TXN00022182,CUST01121,173221.02,Credit Card,Chennai,20,Low,High Amount Anomaly,2023-04-23,07:17:26
TXN00065640,CUST07794,169196.57,Debit Card,Aurangabad,20,Low,High Amount Anomaly,2024-07-30,10:52:37
TXN00078658,CUST08484,165397.7,UPI,Chandigarh,20,Low,Repeated Failed Attempts,2025-08-30,14:40:59
TXN00072823,CUST04920,164550.17,Net Banking,Gurugram,20,Low,High Amount Anomaly,2021-11-30,11:36:03
TXN00060005,CUST06984,162903.9,UPI,Vadodara,20,Low,Velocity Attack,2025-10-19,21:44:36
TXN00088698,CUST05434,161284.32,UPI,Navi Mumbai,20,Low,High Amount Anomaly,2021-05-06,09:43:55
TXN00066226,CUST03869,161125.64,UPI,Delhi,20,Low,High Amount Anomaly,2022-10-17,23:10:39
TXN00058887,CUST08627,160414.17,Net Banking,Thane,20,Low,High Amount Anomaly,2024-08-03,22:48:32
TXN00075960,CUST04838,158439.28,Net Banking,Hyderabad,20,Low,High Amount Anomaly,2022-05-15,06:22:18
TXN00018433,CUST09769,158341.73,UPI,Mumbai,20,Low,High Amount Anomaly,2021-08-12,08:50:31
TXN00047562,CUST09426,156724.32,UPI,Gurugram,20,Low,High Amount Anomaly,2025-04-06,21:17:00
TXN00087837,CUST06852,153206.34,UPI,Chennai,20,Low,High Amount Anomaly,2022-05-25,22:06:15
TXN00019507,CUST09852,139555.01,Wallet,Ranchi,20,Low,High Amount Anomaly,2021-01-11,14:40:38
TXN00022596,CUST07424,137708.43,UPI,Kochi,20,Low,High Amount Anomaly,2023-05-04,06:45:09
TXN00067990,CUST08340,137011.3,UPI,Kochi,20,Low,High Amount Anomaly,2025-08-23,21:50:30
TXN00054128,CUST00219,134347.68,Credit Card,Ahmedabad,20,Low,High Amount Anomaly,2023-12-19,14:23:45
TXN00055808,CUST04828,131926.17,UPI,Chandigarh,20,Low,Repeated Failed Attempts,2023-12-10,18:04:13
TXN00000412,CUST09483,125039.48,Net Banking,Ahmedabad,20,Low,High Amount Anomaly,2025-05-15,13:38:06
TXN00015398,CUST00202,121772.68,UPI,Pune,20,Low,Velocity Attack,2023-04-21,12:43:09
TXN00004206,CUST05858,121409.72,UPI,Delhi,20,Low,High Amount Anomaly,2025-07-08,21:33:31
TXN00047873,CUST07926,110689.86,Debit Card,Pune,20,Low,High Amount Anomaly,2025-10-19,08:29:51
TXN00057641,CUST00274,106439.24,Net Banking,Vadodara,20,Low,High Amount Anomaly,2021-05-20,10:44:23
TXN00031657,CUST01985,105293.97,UPI,Ahmedabad,20,Low,High Amount Anomaly,2022-12-05,11:29:53
TXN00009398,CUST09511,71151.84,Wallet,Thiruvananthapuram,20,Low,New Device,2025-12-11,20:11:48
TXN00014457,CUST04362,68932.19,AEPS,Chandigarh,20,Low,New Device,2022-01-21,20:45:03
TXN00067509,CUST07670,65412.29,UPI,Bengaluru,20,Low,Location Mismatch,2021-04-01,15:26:48
TXN00096744,CUST09469,61405.8,UPI,Thane,20,Low,Location Mismatch,2023-05-12,21:49:05
TXN00077611,CUST02852,51666.35,Credit Card,Mysuru,20,Low,New Device,2021-06-28,18:19:13
TXN00094700,CUST03882,50711.33,UPI,Surat,20,Low,New Device,2022-06-05,20:21:14
TXN00051967,CUST08673,49901.56,Credit Card,Pune,20,Low,New Device,2024-10-28,08:35:52
TXN00054905,CUST09052,46877.37,UPI,Bhubaneswar,20,Low,Location Mismatch,2025-01-05,17:28:16
TXN00050692,CUST04032,45598.64,UPI,Chandigarh,20,Low,New Device,2021-05-31,16:26:12
TXN00077277,CUST08343,43218.42,Wallet,Coimbatore,20,Low,New Device,2022-10-06,17:42:38
TXN00015987,CUST04621,41887.41,Net Banking,Indore,20,Low,New Device,2023-08-16,20:27:56
TXN00038087,CUST05431,40905.26,UPI,Indore,20,Low,New Device,2025-01-07,14:34:26
TXN00071836,CUST04538,38820.94,Debit Card,Surat,20,Low,Location Mismatch,2022-06-06,10:26:33
TXN00096708,CUST06586,38256.25,Credit Card,Coimbatore,20,Low,New Device,2022-03-18,09:12:18
TXN00041427,CUST05974,38097.93,UPI,Kolkata,20,Low,New Device,2025-08-27,10:56:39
TXN00090525,CUST06571,37972.16,Debit Card,Gurugram,20,Low,Location Mismatch,2021-12-30,13:17:20
TXN00046827,CUST00502,37107.08,UPI,Pune,20,Low,New Device,2021-10-05,14:10:00
TXN00058947,CUST01047,36817.02,UPI,Lucknow,20,Low,Location Mismatch,2022-01-12,06:58:26
TXN00009981,CUST09535,34880.94,UPI,Gurugram,20,Low,New Device,2021-05-30,09:30:51
TXN00052968,CUST01900,34126.56,UPI,Visakhapatnam,20,Low,Location Mismatch,2025-05-03,17:57:29
TXN00014664,CUST02870,33940.92,Wallet,Ahmedabad,20,Low,Location Mismatch,2025-03-21,15:56:42
TXN00070993,CUST06857,32133.29,UPI,Thiruvananthapuram,20,Low,New Device,2022-08-29,23:34:42
TXN00022514,CUST04613,31724.59,Credit Card,Thane,20,Low,New Device,2025-12-11,13:22:32
TXN00075341,CUST06857,31342.42,UPI,Vadodara,20,Low,Location Mismatch,2023-07-17,22:15:55
TXN00038474,CUST01517,31341.44,UPI,Jaipur,20,Low,Location Mismatch,2025-04-21,06:00:05
TXN00099879,CUST06256,29690.83,UPI,Vadodara,20,Low,New Device,2023-12-10,10:23:25
TXN00079084,CUST05633,29640.75,UPI,Bengaluru,20,Low,Location Mismatch,2022-10-05,14:01:09
TXN00092757,CUST09134,29433.39,UPI,Coimbatore,20,Low,Location Mismatch,2025-08-25,09:55:02
TXN00038301,CUST06710,28883.91,Credit Card,Coimbatore,20,Low,Location Mismatch,2024-12-01,23:42:41
TXN00049883,CUST09888,28597.33,UPI,Vadodara,20,Low,Location Mismatch,2021-08-22,17:20:55
TXN00040558,CUST01202,25831.51,UPI,Jaipur,20,Low,Location Mismatch,2024-05-16,18:45:11
TXN00002044,CUST01931,25717.73,Credit Card,Noida,20,Low,New Device,2022-03-07,10:35:03
TXN00072943,CUST08142,25270.63,UPI,Indore,20,Low,New Device,2022-09-17,06:28:39
TXN00077553,CUST01617,23582.55,Debit Card,Noida,20,Low,New Device,2025-08-25,18:32:20
TXN00096851,CUST05477,23375.82,UPI,Mysuru,20,Low,New Device,2022-02-20,11:13:04
TXN00048537,CUST05396,21696.8,UPI,Bhopal,20,Low,New Device,2021-11-06,20:15:53
TXN00047580,CUST00889,21658.14,UPI,Nashik,20,Low,Location Mismatch,2021-07-26,22:51:30
TXN00080423,CUST07526,21026.95,UPI,Bhopal,20,Low,New Device,2025-05-24,06:15:50
TXN00000696,CUST02463,20931.77,UPI,Kochi,20,Low,Location Mismatch,2024-08-15,11:40:09
TXN00055756,CUST01515,20173.79,Credit Card,Noida,20,Low,New Device,2023-09-11,08:27:04
TXN00069970,CUST01374,20170.21,Debit Card,Patna,20,Low,Location Mismatch,2025-11-05,15:22:07
TXN00003780,CUST04576,20112.04,UPI,Delhi,20,Low,New Device,2021-10-24,08:58:15
TXN00099636,CUST05477,19229.7,UPI,Noida,20,Low,Location Mismatch,2022-11-04,08:35:12
TXN00021835,CUST02559,19145.5,UPI,Ranchi,20,Low,New Device,2022-06-30,18:36:54
TXN00011710,CUST03678,19020.52,Net Banking,Mumbai,20,Low,Location Mismatch,2023-11-26,14:38:22
TXN00030097,CUST03009,18984.35,UPI,Indore,20,Low,New Device,2022-02-16,21:45:22
TXN00007341,CUST02425,18450.43,Debit Card,Nagpur,20,Low,Location Mismatch,2023-04-22,17:48:14
TXN00045371,CUST09842,17679.33,Wallet,Kochi,20,Low,New Device,2023-05-28,12:45:03
TXN00083174,CUST07363,16952.81,UPI,Pune,20,Low,Velocity Attack,2025-06-05,23:36:00
TXN00051381,CUST00204,16799.16,UPI,Bhubaneswar,20,Low,New Device,2025-08-12,10:04:08
TXN00034726,CUST05026,16588.03,Wallet,Navi Mumbai,20,Low,Location Mismatch,2023-05-24,06:56:02
TXN00000396,CUST05578,16436.88,UPI,Mysuru,20,Low,New Device,2021-05-02,10:21:08
TXN00087922,CUST08951,16345.69,Credit Card,Mysuru,20,Low,New Device,2025-08-27,10:36:10
TXN00053643,CUST00304,15365.42,Credit Card,Lucknow,20,Low,Location Mismatch,2022-01-07,18:16:54
TXN00011254,CUST09349,15363.48,UPI,Ranchi,20,Low,New Device,2023-09-12,18:06:23
TXN00068035,CUST06560,14966.56,Credit Card,Kolkata,20,Low,New Device,2022-02-06,15:48:14
TXN00085638,CUST05689,14754.44,UPI,Kolkata,20,Low,New Device,2022-01-24,08:46:34
TXN00003820,CUST03850,14702.32,Credit Card,Chandigarh,20,Low,Location Mismatch,2025-03-20,11:15:07
TXN00053910,CUST09478,14402.6,UPI,Kochi,20,Low,Location Mismatch,2023-06-13,09:37:27
TXN00097048,CUST04682,14175.44,UPI,Visakhapatnam,20,Low,Location Mismatch,2021-06-19,08:56:30
TXN00044682,CUST05037,13840.56,AEPS,Nagpur,20,Low,Location Mismatch,2025-03-28,23:34:14
TXN00065620,CUST06459,13592.91,UPI,Jaipur,20,Low,Location Mismatch,2023-07-08,18:45:37
TXN00066616,CUST09743,12882.32,UPI,Bhopal,20,Low,New Device,2025-06-25,06:55:47
TXN00098442,CUST03651,12779.97,UPI,Vadodara,20,Low,Location Mismatch,2025-02-22,12:46:03
TXN00055226,CUST07845,12706.53,UPI,Kolkata,20,Low,New Device,2021-03-09,20:41:33
TXN00015684,CUST05173,12407.65,UPI,Kochi,20,Low,Location Mismatch,2024-02-11,12:42:08
TXN00087609,CUST04680,12345.07,Credit Card,Surat,20,Low,New Device,2021-10-22,11:14:29
TXN00033413,CUST05954,12296.88,UPI,Kochi,20,Low,Location Mismatch,2022-02-03,23:08:23
TXN00045611,CUST08682,12219.69,UPI,Ahmedabad,20,Low,Location Mismatch,2024-02-04,06:05:31
TXN00061028,CUST08837,12065.2,UPI,Vadodara,20,Low,New Device,2021-02-03,13:43:46
TXN00098239,CUST07244,12028.82,UPI,Patna,20,Low,New Device,2025-10-14,12:05:12
TXN00094853,CUST03383,11842.12,UPI,Chennai,20,Low,Location Mismatch,2025-09-04,23:37:11
TXN00098017,CUST07120,11206.38,Credit Card,Bhubaneswar,20,Low,New Device,2022-10-25,09:50:43
TXN00009118,CUST01227,10850.29,Debit Card,Indore,20,Low,New Device,2022-10-10,14:29:49
TXN00014610,CUST04680,10850.16,UPI,Ranchi,20,Low,Location Mismatch,2025-06-18,10:18:30
TXN00077652,CUST03357,10814.23,Credit Card,Mumbai,20,Low,New Device,2025-07-23,22:26:52
TXN00006689,CUST09342,10564.25,Credit Card,Surat,20,Low,New Device,2021-09-30,19:14:32
TXN00035663,CUST05308,10561.28,UPI,Patna,20,Low,Location Mismatch,2025-08-07,11:23:45
TXN00092671,CUST06548,10274.57,UPI,Coimbatore,20,Low,Location Mismatch,2021-05-28,10:26:11
TXN00078615,CUST01546,10197.82,UPI,Kochi,20,Low,Location Mismatch,2023-07-08,15:29:52
TXN00019582,CUST03194,10194.28,Debit Card,Bhubaneswar,20,Low,New Device,2023-02-18,09:17:58
TXN00019039,CUST08336,10149.4,UPI,Pune,20,Low,Location Mismatch,2025-03-09,06:35:32
TXN00061275,CUST01606,10073.61,UPI,Pune,20,Low,New Device,2021-12-05,20:05:56
TXN00060843,CUST02448,9829.41,UPI,Mumbai,20,Low,New Device,2024-01-04,19:16:15
TXN00085403,CUST02282,9799.06,Credit Card,Kolkata,20,Low,New Device,2025-06-10,19:11:11
TXN00029495,CUST05956,9668.31,UPI,Thane,20,Low,New Device,2021-01-21,18:27:48
TXN00057674,CUST00626,9643.57,Debit Card,Noida,20,Low,New Device,2025-02-12,17:22:16
TXN00056014,CUST08714,9501.55,UPI,Mysuru,20,Low,New Device,2024-10-14,06:37:22
TXN00013669,CUST03791,9163.69,UPI,Coimbatore,20,Low,New Device,2022-11-19,18:55:37
TXN00052257,CUST02576,9050.23,UPI,Thiruvananthapuram,20,Low,Location Mismatch,2025-05-26,06:42:10
TXN00059763,CUST06149,9008.94,Net Banking,Nagpur,20,Low,New Device,2023-03-11,13:34:51
TXN00064474,CUST07559,8904.75,Debit Card,Chennai,20,Low,New Device,2024-01-03,19:18:14
TXN00090169,CUST00252,8886.91,AEPS,Jaipur,20,Low,New Device,2023-05-12,19:43:17
TXN00077976,CUST01590,8770.5,UPI,Indore,20,Low,New Device,2023-04-09,16:05:40
TXN00092317,CUST00592,8688.99,UPI,Lucknow,20,Low,New Device,2022-01-18,19:41:43
TXN00030667,CUST04709,8478.22,AEPS,Lucknow,20,Low,New Device,2025-08-26,20:33:49
TXN00069923,CUST02946,8434.26,UPI,Nagpur,20,Low,New Device,2023-08-20,08:28:58
TXN00003895,CUST07040,8287.36,UPI,Lucknow,20,Low,Location Mismatch,2025-02-15,16:37:46
TXN00023877,CUST08590,7914.5,UPI,Bengaluru,20,Low,New Device,2025-08-05,20:49:04
TXN00086389,CUST04802,7757.36,Net Banking,Hyderabad,20,Low,Location Mismatch,2024-02-24,20:11:08
TXN00037552,CUST01796,7714.84,Wallet,Visakhapatnam,20,Low,New Device,2024-12-16,18:25:56
TXN00079381,CUST02235,7594.63,Credit Card,Visakhapatnam,20,Low,New Device,2025-06-05,16:37:08
TXN00028281,CUST04411,7544.54,UPI,Kochi,20,Low,New Device,2025-10-18,23:03:22
TXN00099981,CUST01788,7277.78,Debit Card,Indore,20,Low,New Device,2022-09-16,11:09:26
TXN00021661,CUST01414,7277.21,Net Banking,Gurugram,20,Low,Location Mismatch,2022-12-07,18:40:14
TXN00012244,CUST09924,7155.85,Debit Card,Delhi,20,Low,New Device,2021-09-06,10:38:12
TXN00023481,CUST05775,6826.91,Credit Card,Bengaluru,20,Low,Location Mismatch,2025-09-03,08:26:00
TXN00094521,CUST09241,6822.52,UPI,Lucknow,20,Low,New Device,2025-03-09,10:02:35
TXN00020065,CUST08577,6794.12,UPI,Jaipur,20,Low,New Device,2022-07-28,18:44:16
TXN00011904,CUST03095,6775.73,UPI,Pune,20,Low,Location Mismatch,2022-04-26,19:16:06
TXN00079458,CUST06069,6741.3,Debit Card,Thane,20,Low,New Device,2024-04-27,10:05:54
TXN00021973,CUST00060,6739.08,Debit Card,Noida,20,Low,New Device,2025-09-14,08:46:09
TXN00062842,CUST00875,6692.38,UPI,Navi Mumbai,20,Low,Location Mismatch,2023-02-05,08:10:01
TXN00076467,CUST03888,6687.36,Credit Card,Nagpur,20,Low,Location Mismatch,2025-06-16,06:31:32
TXN00006229,CUST02253,6674.51,AEPS,Kochi,20,Low,New Device,2022-04-22,18:25:21
TXN00097959,CUST08398,6574.59,Credit Card,Mumbai,20,Low,New Device,2025-01-25,07:57:13
TXN00065593,CUST07511,6471.1,UPI,Mumbai,20,Low,New Device,2023-12-22,17:35:13
TXN00042973,CUST03042,6429.0,UPI,Visakhapatnam,20,Low,Location Mismatch,2025-11-08,07:43:07
TXN00096908,CUST03673,6341.32,UPI,Hyderabad,20,Low,Location Mismatch,2021-06-30,15:13:40
TXN00019069,CUST01177,6232.78,UPI,Chennai,20,Low,Location Mismatch,2022-08-24,13:24:03
TXN00032653,CUST04413,6132.6,Credit Card,Coimbatore,20,Low,Location Mismatch,2021-02-25,09:48:17
TXN00002433,CUST09575,6018.25,UPI,Navi Mumbai,20,Low,Location Mismatch,2021-05-16,23:55:34
TXN00067887,CUST01221,5997.47,Credit Card,Kochi,20,Low,Location Mismatch,2025-01-06,07:33:14
TXN00001870,CUST03100,5927.15,Net Banking,Ahmedabad,20,Low,New Device,2024-03-27,23:26:53
TXN00056668,CUST03890,5910.59,Debit Card,Gurugram,20,Low,New Device,2022-06-05,07:41:14
TXN00051088,CUST07440,5861.42,UPI,Mysuru,20,Low,Location Mismatch,2022-08-09,16:37:38
TXN00086819,CUST05451,5860.05,Debit Card,Ranchi,20,Low,Location Mismatch,2021-12-06,15:02:21
TXN00017673,CUST08365,5808.09,UPI,Navi Mumbai,20,Low,Location Mismatch,2021-07-06,07:36:47
TXN00090089,CUST08457,5806.13,UPI,Gurugram,20,Low,Location Mismatch,2024-06-30,19:52:51
TXN00037740,CUST01287,5804.86,Wallet,Nagpur,20,Low,New Device,2025-08-31,13:09:10
TXN00069810,CUST06409,5592.95,UPI,Vadodara,20,Low,New Device,2024-05-28,18:26:40
TXN00045903,CUST04902,5579.34,UPI,Bengaluru,20,Low,Location Mismatch,2022-02-03,21:53:46
TXN00000949,CUST02048,5567.95,UPI,Mysuru,20,Low,New Device,2024-12-02,18:19:36
TXN00052773,CUST02404,5500.36,UPI,Nashik,20,Low,New Device,2023-12-26,06:44:14
TXN00068174,CUST04311,5362.87,UPI,Chennai,20,Low,New Device,2021-12-03,21:49:30
TXN00069797,CUST07079,5335.64,Debit Card,Kochi,20,Low,Location Mismatch,2023-01-17,18:39:01
TXN00074246,CUST02885,5334.15,UPI,Jaipur,20,Low,Velocity Attack,2022-03-28,23:15:20
TXN00088351,CUST09139,5300.59,UPI,Bhopal,20,Low,New Device,2025-03-13,16:21:02
TXN00076353,CUST06924,5239.15,UPI,Surat,20,Low,New Device,2022-10-18,13:11:46
TXN00065116,CUST06852,5155.25,UPI,Chennai,20,Low,New Device,2021-05-20,07:15:17
TXN00024887,CUST06577,5144.0,UPI,Delhi,20,Low,New Device,2021-03-13,10:10:24
TXN00039875,CUST00500,5127.9,UPI,Thiruvananthapuram,20,Low,Location Mismatch,2025-09-25,13:44:05
TXN00008733,CUST09990,5094.72,UPI,Delhi,20,Low,New Device,2025-10-27,18:28:58
TXN00092203,CUST05498,5080.5,Credit Card,Indore,20,Low,Location Mismatch,2022-07-16,16:37:43
TXN00083423,CUST02966,5064.53,UPI,Lucknow,20,Low,Location Mismatch,2025-03-16,22:30:24
TXN00072606,CUST01027,5043.4,UPI,Visakhapatnam,20,Low,New Device,2023-02-27,13:45:53
TXN00082064,CUST03007,4940.73,Credit Card,Navi Mumbai,20,Low,New Device,2022-07-01,19:52:04
TXN00082605,CUST07592,4901.14,UPI,Pune,20,Low,Location Mismatch,2024-05-06,14:53:55
TXN00090975,CUST08524,4843.47,Wallet,Nagpur,20,Low,Location Mismatch,2023-11-18,21:18:35
TXN00055618,CUST08911,4834.73,UPI,Bengaluru,20,Low,New Device,2022-07-03,11:08:02
TXN00096115,CUST07292,4802.6,Credit Card,Bengaluru,20,Low,Location Mismatch,2023-10-12,21:39:29
TXN00001648,CUST08186,4775.17,UPI,Thane,20,Low,Location Mismatch,2024-03-14,21:56:51
TXN00050675,CUST05252,4763.36,Net Banking,Lucknow,20,Low,New Device,2025-03-14,07:57:25
TXN00095818,CUST01169,4732.99,Debit Card,Nagpur,20,Low,Location Mismatch,2024-04-24,14:57:18
TXN00051769,CUST01032,4708.48,UPI,Bengaluru,20,Low,New Device,2025-10-16,11:46:27
TXN00058640,CUST01460,4693.33,UPI,Delhi,20,Low,New Device,2021-08-12,12:42:23
TXN00091555,CUST01410,4642.85,AEPS,Pune,20,Low,New Device,2024-03-08,15:29:32
TXN00013719,CUST09097,4642.62,UPI,Bhopal,20,Low,New Device,2021-03-26,12:57:54
TXN00068300,CUST05781,4641.54,UPI,Bengaluru,20,Low,New Device,2025-01-04,21:52:57
TXN00003139,CUST02478,4637.57,UPI,Ahmedabad,20,Low,New Device,2021-05-07,14:12:07
TXN00041052,CUST05908,4629.94,UPI,Vadodara,20,Low,New Device,2024-12-28,08:17:11
TXN00060814,CUST00637,4552.85,UPI,Chennai,20,Low,New Device,2025-03-23,15:06:56
TXN00029660,CUST08242,4528.1,UPI,Delhi,20,Low,Location Mismatch,2025-03-24,07:53:44
TXN00036688,CUST08685,4524.43,UPI,Thane,20,Low,Location Mismatch,2022-11-13,08:19:07
TXN00080386,CUST03906,4512.57,UPI,Nashik,20,Low,New Device,2022-09-15,09:36:27
TXN00064627,CUST09423,4490.25,UPI,Kolkata,20,Low,New Device,2022-02-10,22:20:07
TXN00058625,CUST03545,4410.55,Debit Card,Kochi,20,Low,Location Mismatch,2024-05-18,10:02:15
TXN00048014,CUST08891,4399.95,UPI,Navi Mumbai,20,Low,Location Mismatch,2021-10-19,23:51:08
TXN00012898,CUST07249,4279.58,Net Banking,Visakhapatnam,20,Low,Location Mismatch,2024-06-11,21:47:54
TXN00046643,CUST04747,4258.98,UPI,Pune,20,Low,Location Mismatch,2025-09-16,12:43:47
TXN00098633,CUST06684,4231.81,Net Banking,Ranchi,20,Low,New Device,2021-12-21,18:31:40
TXN00001850,CUST08062,4192.94,UPI,Chennai,20,Low,Location Mismatch,2022-01-06,20:30:44
TXN00087741,CUST09055,4163.06,UPI,Noida,20,Low,Location Mismatch,2025-05-01,15:22:56
TXN00027629,CUST00727,4099.89,Wallet,Patna,20,Low,New Device,2024-09-16,22:46:36
TXN00089922,CUST05300,4080.54,Debit Card,Ahmedabad,20,Low,Location Mismatch,2021-01-24,17:16:36
TXN00082836,CUST02342,4079.71,Credit Card,Ranchi,20,Low,Location Mismatch,2021-05-04,07:48:17
TXN00083570,CUST06106,4038.49,UPI,Kochi,20,Low,New Device,2022-11-19,15:57:33
TXN00001853,CUST07073,4028.31,UPI,Jaipur,20,Low,Location Mismatch,2025-09-29,16:14:38
TXN00033519,CUST02509,3992.99,UPI,Mysuru,20,Low,Location Mismatch,2024-01-02,17:12:41
TXN00052180,CUST05711,3940.38,Credit Card,Thane,20,Low,New Device,2022-05-30,15:59:21
TXN00082328,CUST03030,3916.55,Credit Card,Indore,20,Low,Location Mismatch,2022-05-23,20:09:51
TXN00003601,CUST02049,3905.97,UPI,Aurangabad,20,Low,Location Mismatch,2022-04-24,13:01:36
TXN00074622,CUST07754,3851.89,UPI,Thane,20,Low,Location Mismatch,2024-05-17,22:43:24
TXN00051586,CUST03547,3759.07,UPI,Coimbatore,20,Low,New Device,2024-01-11,06:10:42
TXN00031363,CUST03064,3747.0,UPI,Pune,20,Low,Location Mismatch,2024-05-29,07:54:10
TXN00043100,CUST07285,3720.81,Credit Card,Chennai,20,Low,Location Mismatch,2022-11-11,22:39:51
TXN00054766,CUST04539,3709.4,Credit Card,Kolkata,20,Low,New Device,2023-02-27,13:33:00
TXN00050935,CUST00307,3699.6,UPI,Visakhapatnam,20,Low,Location Mismatch,2025-12-12,19:20:19
TXN00050493,CUST01835,3677.04,UPI,Indore,20,Low,Location Mismatch,2025-06-02,19:58:26
TXN00075373,CUST05114,3675.54,UPI,Chandigarh,20,Low,Location Mismatch,2021-12-11,11:20:06
TXN00001457,CUST08245,3666.88,Wallet,Coimbatore,20,Low,New Device,2021-05-22,17:43:20
TXN00026563,CUST04117,3632.78,UPI,Ahmedabad,20,Low,Location Mismatch,2024-03-14,23:24:12
TXN00020748,CUST09716,3621.38,UPI,Bhopal,20,Low,Location Mismatch,2022-04-24,09:21:00
TXN00049349,CUST01414,3620.16,UPI,Thiruvananthapuram,20,Low,New Device,2021-08-04,20:22:05
TXN00056570,CUST00167,3617.83,Debit Card,Coimbatore,20,Low,New Device,2025-04-02,23:09:26
TXN00060167,CUST00140,3437.19,Net Banking,Gurugram,20,Low,New Device,2022-10-18,15:19:39
TXN00067616,CUST09090,3294.72,Net Banking,Mumbai,20,Low,Location Mismatch,2024-08-22,13:15:20
TXN00006031,CUST04128,3293.42,Debit Card,Kochi,20,Low,Location Mismatch,2021-07-14,13:25:29
TXN00059172,CUST02787,3240.11,Credit Card,Chandigarh,20,Low,Location Mismatch,2025-05-02,19:12:54
TXN00006591,CUST04419,3221.65,UPI,Gurugram,20,Low,Location Mismatch,2021-12-12,06:59:25
TXN00009599,CUST09076,3112.35,Credit Card,Chandigarh,20,Low,New Device,2022-09-22,07:45:25
TXN00063554,CUST01054,3081.39,UPI,Bhopal,20,Low,New Device,2023-05-07,18:08:23
TXN00047981,CUST05862,3006.38,UPI,Aurangabad,20,Low,Location Mismatch,2023-11-17,15:25:41
TXN00048124,CUST03404,3005.55,Debit Card,Vadodara,20,Low,New Device,2024-08-26,23:56:15
TXN00010787,CUST06906,2956.83,UPI,Bhopal,20,Low,New Device,2023-06-18,16:18:04
TXN00048044,CUST03254,2939.74,Wallet,Bhubaneswar,20,Low,New Device,2023-07-27,16:46:22
TXN00007985,CUST02461,2931.31,UPI,Ranchi,20,Low,Location Mismatch,2023-04-08,10:26:35
TXN00080495,CUST02177,2927.79,UPI,Nagpur,20,Low,Location Mismatch,2025-06-18,12:47:09
TXN00080585,CUST06804,2905.74,Debit Card,Vadodara,20,Low,Location Mismatch,2022-09-01,20:00:39
TXN00054061,CUST05601,2886.07,Wallet,Mumbai,20,Low,New Device,2021-03-07,22:03:02
TXN00074483,CUST06750,2800.43,UPI,Visakhapatnam,20,Low,Location Mismatch,2023-06-29,20:52:46
TXN00058932,CUST08670,2764.1,UPI,Thane,20,Low,New Device,2022-03-27,20:58:12
TXN00035826,CUST06475,2756.97,UPI,Hyderabad,20,Low,Location Mismatch,2024-04-14,17:45:31
TXN00090100,CUST01420,2725.62,UPI,Patna,20,Low,Location Mismatch,2022-05-27,17:13:18
TXN00085364,CUST02550,2722.56,Wallet,Pune,20,Low,New Device,2021-01-21,18:14:39
TXN00025630,CUST00182,2711.08,UPI,Kochi,20,Low,New Device,2022-08-10,09:25:39
TXN00059768,CUST04663,2710.29,Debit Card,Lucknow,20,Low,Location Mismatch,2024-08-25,10:02:39
TXN00013453,CUST02778,2705.67,UPI,Bengaluru,20,Low,New Device,2022-07-28,08:35:25
TXN00076740,CUST08293,2701.75,Credit Card,Nashik,20,Low,Location Mismatch,2023-02-06,12:44:31
TXN00003988,CUST03800,2694.57,UPI,Mysuru,20,Low,New Device,2021-04-28,07:12:14
TXN00090157,CUST01116,2684.44,UPI,Thiruvananthapuram,20,Low,Location Mismatch,2025-11-20,17:14:22
TXN00021354,CUST07720,2682.82,UPI,Lucknow,20,Low,New Device,2021-01-21,12:21:31
TXN00041212,CUST00044,2655.02,UPI,Hyderabad,20,Low,Location Mismatch,2023-09-25,13:34:05
TXN00024578,CUST05207,2648.38,UPI,Surat,20,Low,New Device,2022-11-29,23:33:08
TXN00016394,CUST08609,2647.89,UPI,Hyderabad,20,Low,New Device,2024-02-11,21:59:54
TXN00055277,CUST05157,2642.45,UPI,Bhopal,20,Low,Location Mismatch,2024-02-26,07:50:57
TXN00032832,CUST06464,2640.16,UPI,Jaipur,20,Low,Location Mismatch,2021-01-18,22:57:27
TXN00087803,CUST07883,2631.15,UPI,Thiruvananthapuram,20,Low,Location Mismatch,2024-11-26,13:16:01
TXN00057234,CUST00779,2626.3,Credit Card,Pune,20,Low,New Device,2025-09-06,13:13:18
TXN00053181,CUST01919,2618.64,UPI,Lucknow,20,Low,New Device,2023-10-29,07:14:55
TXN00011595,CUST01569,2588.66,UPI,Visakhapatnam,20,Low,New Device,2022-08-15,12:34:52
TXN00015473,CUST07050,2585.85,UPI,Patna,20,Low,New Device,2022-07-07,10:24:34
TXN00053508,CUST07062,2583.93,UPI,Aurangabad,20,Low,New Device,2021-05-06,12:57:15
TXN00056308,CUST09205,2577.96,UPI,Nagpur,20,Low,Location Mismatch,2023-09-21,18:18:19
TXN00080951,CUST07813,2569.61,Debit Card,Surat,20,Low,Location Mismatch,2024-04-29,12:26:28
TXN00007517,CUST06032,2564.54,Net Banking,Bhopal,20,Low,Location Mismatch,2023-05-29,14:08:53
TXN00046029,CUST04851,2515.17,UPI,Bengaluru,20,Low,Location Mismatch,2021-01-11,10:16:47
TXN00026340,CUST09207,2484.52,Credit Card,Visakhapatnam,20,Low,New Device,2023-08-03,21:49:23
TXN00049725,CUST08542,2468.3,UPI,Chandigarh,20,Low,New Device,2023-04-02,18:50:28
TXN00048616,CUST03144,2467.37,UPI,Indore,20,Low,New Device,2023-02-20,06:26:51
TXN00058347,CUST03888,2461.28,AEPS,Bhubaneswar,20,Low,Location Mismatch,2025-08-26,19:28:14
TXN00016797,CUST01538,2453.03,UPI,Mysuru,20,Low,Location Mismatch,2025-01-26,09:28:32
TXN00071251,CUST02546,2444.23,UPI,Aurangabad,20,Low,New Device,2023-04-09,13:44:59
TXN00064496,CUST06858,2438.75,Debit Card,Kochi,20,Low,New Device,2023-11-27,17:39:27
TXN00056524,CUST00096,2433.02,UPI,Bengaluru,20,Low,New Device,2025-03-17,07:44:37
TXN00077462,CUST03262,2428.0,UPI,Surat,20,Low,New Device,2025-02-18,18:54:27
TXN00094004,CUST01563,2403.47,Credit Card,Vadodara,20,Low,New Device,2023-07-18,07:09:33
TXN00020658,CUST01811,2380.73,UPI,Bhopal,20,Low,New Device,2023-08-28,16:32:58
TXN00094862,CUST01849,2380.29,Net Banking,Bengaluru,20,Low,Location Mismatch,2025-03-10,07:39:53
TXN00088301,CUST08300,2366.09,Net Banking,Pune,20,Low,New Device,2023-10-18,07:18:02
TXN00027345,CUST01679,2361.44,Wallet,Surat,20,Low,Location Mismatch,2021-02-07,06:17:50
TXN00017063,CUST08730,2336.66,UPI,Kolkata,20,Low,Location Mismatch,2021-12-19,16:02:26
TXN00058287,CUST09964,2322.79,UPI,Gurugram,20,Low,New Device,2022-06-12,09:14:46
TXN00021770,CUST03343,2316.52,UPI,Ahmedabad,20,Low,Location Mismatch,2024-01-30,09:27:42
TXN00069094,CUST05153,2313.73,Net Banking,Chandigarh,20,Low,Location Mismatch,2023-01-22,19:25:24
TXN00062209,CUST08623,2295.47,Net Banking,Thiruvananthapuram,20,Low,New Device,2024-04-17,17:56:50
TXN00040837,CUST01638,2293.91,UPI,Jaipur,20,Low,New Device,2023-10-04,18:07:07
TXN00003503,CUST04849,2266.02,Wallet,Aurangabad,20,Low,New Device,2024-07-24,19:01:17
TXN00092068,CUST02037,2261.47,Wallet,Mumbai,20,Low,New Device,2023-09-16,15:55:49
TXN00085613,CUST05105,2247.32,UPI,Hyderabad,20,Low,Location Mismatch,2022-07-30,17:59:27
TXN00053598,CUST00294,2235.64,Credit Card,Surat,20,Low,Location Mismatch,2025-08-09,14:38:06
TXN00030008,CUST06142,2231.22,Wallet,Bengaluru,20,Low,New Device,2025-07-14,22:17:22
TXN00019771,CUST09464,2219.51,UPI,Ahmedabad,20,Low,Location Mismatch,2022-07-03,23:21:46
TXN00037410,CUST08696,2210.85,Net Banking,Surat,20,Low,Location Mismatch,2025-11-24,08:06:13
TXN00066670,CUST07282,2200.44,Net Banking,Chandigarh,20,Low,New Device,2022-12-10,15:58:04
TXN00071792,CUST01631,2198.75,Credit Card,Gurugram,20,Low,Location Mismatch,2022-05-03,08:12:13
TXN00073522,CUST08696,2157.21,UPI,Gurugram,20,Low,New Device,2022-11-10,14:18:51
TXN00070984,CUST03586,2143.01,UPI,Thane,20,Low,New Device,2022-11-23,14:01:38
TXN00065479,CUST00146,2135.66,Wallet,Bhubaneswar,20,Low,Location Mismatch,2024-11-14,08:55:12
TXN00099213,CUST06333,2129.03,UPI,Nashik,20,Low,Velocity Attack,2023-05-23,14:01:03
TXN00092885,CUST07905,2115.07,UPI,Ahmedabad,20,Low,Location Mismatch,2024-03-14,15:31:29
TXN00039058,CUST05135,2109.76,UPI,Coimbatore,20,Low,Location Mismatch,2024-06-26,16:34:55
TXN00080199,CUST02998,2109.24,UPI,Navi Mumbai,20,Low,Location Mismatch,2025-08-25,17:53:27
TXN00015358,CUST00009,2087.39,Debit Card,Thiruvananthapuram,20,Low,New Device,2021-01-31,09:32:47
TXN00058713,CUST01797,2064.72,Wallet,Mysuru,20,Low,Location Mismatch,2025-01-22,22:23:16
TXN00088532,CUST03104,2051.86,UPI,Chandigarh,20,Low,New Device,2024-05-22,14:44:20
TXN00012915,CUST03972,2049.58,UPI,Vadodara,20,Low,New Device,2023-05-07,09:31:31
TXN00053688,CUST02125,2043.95,UPI,Gurugram,20,Low,New Device,2025-12-12,08:15:51
TXN00033466,CUST05357,2033.26,UPI,Bhopal,20,Low,New Device,2021-07-29,16:52:28
TXN00044902,CUST04201,2011.19,Net Banking,Patna,20,Low,New Device,2023-10-29,16:11:12
TXN00020253,CUST06943,2010.11,UPI,Vadodara,20,Low,New Device,2024-05-03,23:57:09
TXN00061075,CUST07698,1982.04,Credit Card,Bhubaneswar,20,Low,Location Mismatch,2024-06-25,14:48:00
TXN00078519,CUST08708,1949.92,UPI,Chandigarh,20,Low,New Device,2025-05-04,15:13:48
TXN00088122,CUST07790,1949.79,Credit Card,Hyderabad,20,Low,Location Mismatch,2024-12-12,15:50:35
TXN00086533,CUST02966,1938.46,Credit Card,Kochi,20,Low,New Device,2022-04-03,21:06:58
TXN00028716,CUST00308,1934.21,UPI,Aurangabad,20,Low,New Device,2021-04-28,06:55:35
TXN00063693,CUST08121,1914.73,UPI,Chandigarh,20,Low,Location Mismatch,2023-02-04,16:49:49
TXN00062657,CUST01915,1897.56,UPI,Lucknow,20,Low,Location Mismatch,2021-12-01,20:53:20
TXN00010409,CUST06514,1878.8,Credit Card,Chandigarh,20,Low,New Device,2023-03-20,18:16:14
TXN00032368,CUST09739,1864.13,UPI,Thane,20,Low,Location Mismatch,2022-02-17,12:28:59
TXN00067350,CUST09817,1856.57,Debit Card,Lucknow,20,Low,Location Mismatch,2022-01-17,06:16:53
TXN00086912,CUST00802,1847.67,Debit Card,Bhopal,20,Low,New Device,2022-11-07,12:53:36
TXN00088165,CUST03765,1836.78,UPI,Visakhapatnam,20,Low,Location Mismatch,2022-04-15,08:11:15
TXN00018424,CUST04198,1830.96,UPI,Bhopal,20,Low,New Device,2021-01-05,07:19:29
TXN00099254,CUST00273,1826.38,Net Banking,Hyderabad,20,Low,New Device,2023-12-24,17:48:28
TXN00026442,CUST08798,1825.72,UPI,Kochi,20,Low,New Device,2021-07-27,22:04:45
TXN00019434,CUST05841,1812.67,UPI,Mysuru,20,Low,New Device,2025-10-05,20:28:12
TXN00077613,CUST07179,1786.93,Net Banking,Lucknow,20,Low,New Device,2022-11-01,12:54:34
TXN00041022,CUST02318,1785.3,UPI,Ahmedabad,20,Low,New Device,2024-06-10,22:55:10
TXN00044783,CUST04687,1765.84,Debit Card,Nashik,20,Low,Location Mismatch,2021-02-26,21:34:53
TXN00034186,CUST08524,1760.81,Debit Card,Indore,20,Low,New Device,2024-07-07,22:07:49
TXN00036826,CUST07862,1755.96,Wallet,Visakhapatnam,20,Low,New Device,2025-03-22,08:44:06
TXN00005017,CUST07168,1743.65,UPI,Gurugram,20,Low,New Device,2023-08-20,12:18:17
TXN00088708,CUST04785,1734.59,UPI,Bhopal,20,Low,Location Mismatch,2025-04-30,11:25:32
TXN00037193,CUST00294,1709.94,Wallet,Noida,20,Low,New Device,2021-11-25,22:21:08
TXN00086154,CUST05236,1706.75,UPI,Noida,20,Low,New Device,2021-09-25,22:47:30
TXN00064407,CUST00916,1697.76,Net Banking,Kolkata,20,Low,New Device,2023-11-10,10:00:17
TXN00083552,CUST04394,1692.86,Credit Card,Bengaluru,20,Low,Location Mismatch,2025-02-05,13:07:58
TXN00026727,CUST00082,1692.49,UPI,Lucknow,20,Low,Location Mismatch,2025-01-10,17:36:42
TXN00017003,CUST01785,1686.85,Credit Card,Delhi,20,Low,Location Mismatch,2024-01-16,17:55:45
TXN00098426,CUST09633,1685.73,UPI,Bhopal,20,Low,New Device,2023-12-02,12:25:45
TXN00036309,CUST00401,1672.81,UPI,Kolkata,20,Low,Location Mismatch,2023-01-01,19:30:02
TXN00060235,CUST01839,1650.19,UPI,Lucknow,20,Low,Location Mismatch,2022-03-08,22:50:35
TXN00077012,CUST00582,1636.93,UPI,Aurangabad,20,Low,New Device,2025-07-01,08:09:37
TXN00099392,CUST05514,1633.2,UPI,Chennai,20,Low,Location Mismatch,2025-05-31,18:10:12
TXN00064802,CUST02923,1632.9,UPI,Bhopal,20,Low,New Device,2023-10-14,16:49:17
TXN00017095,CUST09938,1617.84,UPI,Patna,20,Low,Location Mismatch,2022-07-07,12:30:44
TXN00001488,CUST05595,1572.15,UPI,Pune,20,Low,Location Mismatch,2021-05-08,08:57:12
TXN00012146,CUST09122,1538.93,UPI,Lucknow,20,Low,New Device,2025-12-28,22:51:02
TXN00098730,CUST03169,1530.73,UPI,Navi Mumbai,20,Low,New Device,2022-03-15,20:02:41
TXN00095756,CUST05358,1530.15,UPI,Chennai,20,Low,Location Mismatch,2023-03-15,18:59:18
TXN00086561,CUST07042,1525.78,UPI,Bhubaneswar,20,Low,New Device,2022-03-14,08:27:58
TXN00086609,CUST08670,1525.49,Net Banking,Bhopal,20,Low,Location Mismatch,2025-01-12,16:01:29
TXN00018081,CUST08696,1521.84,Credit Card,Jaipur,20,Low,Location Mismatch,2025-12-09,15:23:15
TXN00050972,CUST08458,1519.91,UPI,Vadodara,20,Low,Location Mismatch,2025-02-04,14:51:47
TXN00007827,CUST03048,1519.37,Debit Card,Ahmedabad,20,Low,Location Mismatch,2022-01-20,06:20:36
TXN00069841,CUST02653,1505.62,Wallet,Hyderabad,20,Low,Location Mismatch,2023-05-27,10:53:57
TXN00076617,CUST00746,1498.98,UPI,Mysuru,20,Low,New Device,2024-03-07,19:13:04
TXN00081985,CUST02417,1480.54,UPI,Patna,20,Low,New Device,2021-12-04,17:56:33
TXN00040412,CUST00374,1472.95,Credit Card,Lucknow,20,Low,Location Mismatch,2022-03-02,23:20:05
TXN00091325,CUST06265,1458.84,UPI,Nagpur,20,Low,New Device,2025-04-01,17:38:13
TXN00082011,CUST04564,1432.12,UPI,Chandigarh,20,Low,New Device,2023-05-21,06:45:01
TXN00031539,CUST04967,1404.8,Credit Card,Bhubaneswar,20,Low,New Device,2021-09-11,20:06:48
TXN00013188,CUST04231,1401.6,Credit Card,Bhubaneswar,20,Low,Location Mismatch,2023-05-02,08:51:31
TXN00071926,CUST02792,1393.52,UPI,Thiruvananthapuram,20,Low,New Device,2022-12-30,22:27:00
TXN00040897,CUST01798,1364.11,Credit Card,Surat,20,Low,Location Mismatch,2021-12-31,07:26:41
TXN00002385,CUST09761,1362.65,UPI,Hyderabad,20,Low,Location Mismatch,2023-06-05,19:13:50
TXN00020912,CUST08114,1350.3,Debit Card,Delhi,20,Low,New Device,2024-05-11,09:54:16
TXN00072339,CUST04264,1344.43,UPI,Bhopal,20,Low,Location Mismatch,2022-10-28,08:32:12
TXN00042404,CUST03073,1344.42,UPI,Surat,20,Low,Location Mismatch,2024-09-02,22:19:03
TXN00095688,CUST07116,1326.16,UPI,Ranchi,20,Low,New Device,2023-05-30,12:46:32
TXN00053812,CUST07042,1314.27,UPI,Bhubaneswar,20,Low,New Device,2024-12-17,15:14:43
TXN00006278,CUST01849,1307.22,Net Banking,Vadodara,20,Low,New Device,2024-04-15,12:12:15
TXN00085662,CUST09773,1303.25,UPI,Navi Mumbai,20,Low,New Device,2024-10-10,18:08:09
TXN00021638,CUST02318,1295.73,Wallet,Ahmedabad,20,Low,New Device,2024-02-03,19:46:16
TXN00068247,CUST02889,1277.69,Wallet,Nashik,20,Low,Location Mismatch,2024-09-01,19:23:01
TXN00064860,CUST07974,1273.66,Credit Card,Visakhapatnam,20,Low,New Device,2023-03-27,23:41:44
TXN00018628,CUST09111,1261.68,Debit Card,Coimbatore,20,Low,Location Mismatch,2025-06-03,23:06:35
TXN00003237,CUST05500,1258.93,Debit Card,Jaipur,20,Low,New Device,2024-06-04,08:42:04
TXN00044321,CUST01842,1255.39,Debit Card,Hyderabad,20,Low,Location Mismatch,2025-07-21,12:22:43
TXN00078689,CUST04387,1247.09,Debit Card,Kochi,20,Low,Location Mismatch,2024-03-26,23:56:43
TXN00057917,CUST07754,1238.62,UPI,Kochi,20,Low,Location Mismatch,2022-09-09,06:38:13
TXN00079672,CUST02193,1236.77,UPI,Bhopal,20,Low,Location Mismatch,2025-12-10,23:06:48
TXN00084998,CUST00593,1233.34,UPI,Pune,20,Low,New Device,2022-09-10,22:20:22
TXN00042758,CUST06107,1217.09,Credit Card,Noida,20,Low,New Device,2022-07-15,23:24:18
TXN00069149,CUST09431,1180.87,Wallet,Gurugram,20,Low,Location Mismatch,2024-09-24,07:02:09
TXN00067915,CUST04524,1175.01,UPI,Chennai,20,Low,Location Mismatch,2022-06-14,13:09:51
TXN00095508,CUST00113,1157.56,UPI,Patna,20,Low,New Device,2025-10-08,18:34:38
TXN00048081,CUST07844,1147.79,UPI,Nagpur,20,Low,Location Mismatch,2022-06-24,17:46:38
TXN00000741,CUST06747,1130.54,UPI,Gurugram,20,Low,New Device,2024-05-17,11:47:47
TXN00001118,CUST09394,1129.64,UPI,Noida,20,Low,New Device,2025-04-27,08:03:37
TXN00077332,CUST07925,1126.77,Debit Card,Bhopal,20,Low,Location Mismatch,2024-10-16,21:49:32
TXN00025376,CUST06864,1126.19,UPI,Hyderabad,20,Low,Location Mismatch,2024-03-21,08:22:31
TXN00020759,CUST07346,1105.66,Wallet,Bengaluru,20,Low,Location Mismatch,2023-03-23,20:49:02
TXN00051669,CUST07819,1105.04,Debit Card,Hyderabad,20,Low,New Device,2022-07-14,22:20:10
TXN00024751,CUST08293,1097.92,UPI,Navi Mumbai,20,Low,Location Mismatch,2021-02-12,07:10:23
TXN00000410,CUST02396,1096.88,UPI,Lucknow,20,Low,New Device,2021-07-05,07:44:30
TXN00067366,CUST00440,1090.83,Credit Card,Patna,20,Low,Location Mismatch,2021-02-19,06:35:20
TXN00042196,CUST04346,1084.09,UPI,Aurangabad,20,Low,Location Mismatch,2021-04-23,13:22:50
TXN00032792,CUST05335,1077.81,UPI,Aurangabad,20,Low,New Device,2024-02-23,06:48:43
TXN00012482,CUST06893,1069.13,UPI,Ahmedabad,20,Low,Location Mismatch,2023-01-12,07:30:15
TXN00071729,CUST01798,1057.01,Debit Card,Bhopal,20,Low,New Device,2025-08-13,14:05:13
TXN00001861,CUST02042,1050.17,UPI,Patna,20,Low,New Device,2024-07-28,20:42:47
TXN00062526,CUST07791,1049.24,Wallet,Mumbai,20,Low,Location Mismatch,2025-05-19,17:40:27
TXN00076554,CUST00591,1039.99,UPI,Jaipur,20,Low,Location Mismatch,2021-08-03,21:39:07
TXN00036207,CUST05074,1027.87,Credit Card,Thane,20,Low,New Device,2024-06-16,17:42:31
TXN00015204,CUST09166,1023.37,Credit Card,Mysuru,20,Low,New Device,2022-05-02,15:53:17
TXN00010575,CUST00090,1011.85,Credit Card,Pune,20,Low,New Device,2022-07-16,22:56:00
TXN00076152,CUST08449,1011.62,UPI,Nagpur,20,Low,Location Mismatch,2023-10-21,08:33:59
TXN00020320,CUST00746,1008.58,Credit Card,Kolkata,20,Low,Location Mismatch,2024-11-01,11:50:00
TXN00058593,CUST04340,1003.25,UPI,Bhubaneswar,20,Low,New Device,2024-02-19,19:03:57
TXN00081907,CUST06062,998.63,UPI,Aurangabad,20,Low,Location Mismatch,2021-08-14,07:31:51
TXN00074922,CUST09572,996.41,Credit Card,Ahmedabad,20,Low,New Device,2024-11-26,15:46:47
TXN00095931,CUST09403,986.24,Credit Card,Navi Mumbai,20,Low,Location Mismatch,2023-09-24,14:16:21
TXN00069152,CUST04887,981.89,UPI,Vadodara,20,Low,New Device,2024-11-09,06:16:30
TXN00092356,CUST07058,981.19,Credit Card,Kochi,20,Low,Location Mismatch,2022-05-31,23:19:07
TXN00050218,CUST02407,980.54,UPI,Ahmedabad,20,Low,New Device,2025-11-17,16:29:03
TXN00016860,CUST07667,975.2,UPI,Bhubaneswar,20,Low,Location Mismatch,2024-02-12,15:39:02
TXN00020752,CUST09281,974.34,UPI,Thiruvananthapuram,20,Low,New Device,2021-03-12,12:54:43
TXN00050199,CUST02218,973.7,Credit Card,Delhi,20,Low,Location Mismatch,2021-11-06,15:25:07
TXN00047058,CUST04637,952.72,UPI,Jaipur,20,Low,Location Mismatch,2021-10-24,19:05:58
TXN00050783,CUST09201,951.84,UPI,Hyderabad,20,Low,Location Mismatch,2025-11-04,23:59:38
TXN00079276,CUST01696,949.78,UPI,Visakhapatnam,20,Low,New Device,2025-01-07,20:26:17
TXN00078260,CUST03409,947.16,Debit Card,Hyderabad,20,Low,New Device,2023-12-25,16:27:30
TXN00011717,CUST08258,943.02,UPI,Chennai,20,Low,New Device,2022-06-30,23:34:05
TXN00033157,CUST00276,942.03,Credit Card,Pune,20,Low,Location Mismatch,2021-08-28,11:27:08
TXN00009538,CUST01062,941.52,UPI,Kochi,20,Low,Location Mismatch,2022-03-06,13:39:39
TXN00098526,CUST07849,941.36,UPI,Chennai,20,Low,New Device,2025-06-06,11:55:02
TXN00092888,CUST09779,939.59,UPI,Jaipur,20,Low,Location Mismatch,2025-12-22,12:35:36
TXN00043117,CUST08349,911.97,UPI,Delhi,20,Low,Location Mismatch,2024-04-12,19:28:19
TXN00001317,CUST02114,905.99,UPI,Ahmedabad,20,Low,Location Mismatch,2024-01-13,06:20:49
TXN00011769,CUST05767,891.99,Net Banking,Mysuru,20,Low,Location Mismatch,2024-09-14,14:10:18
TXN00093204,CUST04410,890.31,UPI,Hyderabad,20,Low,Location Mismatch,2021-04-05,20:34:26
TXN00024144,CUST04213,880.48,Debit Card,Pune,20,Low,Location Mismatch,2022-12-18,23:20:01
TXN00096926,CUST05704,873.27,Net Banking,Thiruvananthapuram,20,Low,Location Mismatch,2023-04-30,10:49:45
TXN00005919,CUST06816,844.95,Wallet,Mumbai,20,Low,New Device,2022-10-29,19:41:20
TXN00077331,CUST03389,839.16,UPI,Coimbatore,20,Low,Location Mismatch,2022-08-31,22:54:51
TXN00030679,CUST04103,833.19,Wallet,Thane,20,Low,New Device,2021-12-28,15:30:48
TXN00035819,CUST06197,821.88,AEPS,Surat,20,Low,Location Mismatch,2025-10-21,12:09:44
TXN00009867,CUST05325,820.82,UPI,Aurangabad,20,Low,New Device,2021-10-24,10:38:04
TXN00098208,CUST07771,820.8,UPI,Mysuru,20,Low,New Device,2022-09-20,09:30:31
TXN00014320,CUST04293,813.12,UPI,Bengaluru,20,Low,Location Mismatch,2025-04-17,09:02:02
TXN00038490,CUST09605,806.1,Net Banking,Kolkata,20,Low,Location Mismatch,2022-12-28,09:54:28
TXN00035648,CUST01702,805.38,UPI,Patna,20,Low,Location Mismatch,2021-06-18,21:27:57
TXN00053062,CUST00793,802.94,Net Banking,Patna,20,Low,Location Mismatch,2021-08-20,10:06:09
TXN00081425,CUST06023,799.35,Credit Card,Bengaluru,20,Low,New Device,2021-10-02,17:59:04
TXN00002743,CUST05134,787.96,Credit Card,Lucknow,20,Low,New Device,2024-12-22,22:25:16
TXN00031240,CUST00061,779.74,Debit Card,Delhi,20,Low,New Device,2024-08-07,08:26:43
TXN00070135,CUST05654,776.26,Debit Card,Patna,20,Low,Location Mismatch,2024-03-09,06:06:02
TXN00049209,CUST09778,775.15,Credit Card,Delhi,20,Low,Location Mismatch,2022-01-06,06:42:22
TXN00082550,CUST02184,774.3,UPI,Kolkata,20,Low,New Device,2023-07-11,21:51:44
TXN00046378,CUST02201,767.35,UPI,Coimbatore,20,Low,New Device,2023-03-05,17:40:51
TXN00037256,CUST08998,764.75,UPI,Delhi,20,Low,New Device,2024-03-12,19:16:20
TXN00051654,CUST06792,761.69,UPI,Kolkata,20,Low,Location Mismatch,2023-04-02,16:02:54
TXN00049813,CUST03766,759.53,UPI,Bhopal,20,Low,Location Mismatch,2021-02-06,14:21:17
TXN00002411,CUST04629,756.35,UPI,Thiruvananthapuram,20,Low,Location Mismatch,2022-10-04,08:14:23
TXN00043937,CUST06990,752.72,Credit Card,Mumbai,20,Low,Location Mismatch,2024-01-04,22:31:39
TXN00065707,CUST06446,745.69,UPI,Mysuru,20,Low,New Device,2021-01-18,17:45:08
TXN00044331,CUST06538,745.0,Net Banking,Hyderabad,20,Low,Location Mismatch,2023-11-05,08:34:21
TXN00080055,CUST00267,743.56,Credit Card,Chennai,20,Low,New Device,2021-09-24,22:33:32
TXN00084204,CUST08553,733.96,UPI,Nashik,20,Low,Location Mismatch,2025-12-21,21:27:49
TXN00002147,CUST05486,729.3,UPI,Ranchi,20,Low,Location Mismatch,2021-01-18,08:16:58
TXN00037891,CUST02227,724.14,UPI,Chandigarh,20,Low,Location Mismatch,2022-09-05,18:58:23
TXN00083327,CUST05900,718.89,UPI,Bengaluru,20,Low,Location Mismatch,2024-08-31,23:47:56
TXN00025148,CUST05114,717.43,UPI,Chennai,20,Low,Location Mismatch,2023-05-16,06:58:09
TXN00094418,CUST05461,708.81,UPI,Ranchi,20,Low,New Device,2022-11-05,12:53:45
TXN00092349,CUST08313,698.75,UPI,Pune,20,Low,Location Mismatch,2025-07-16,11:49:59
TXN00033772,CUST07705,696.82,AEPS,Kochi,20,Low,New Device,2021-05-27,07:38:53
TXN00079356,CUST09840,695.23,Debit Card,Aurangabad,20,Low,Location Mismatch,2023-04-19,13:14:49
TXN00056459,CUST01309,694.86,UPI,Nashik,20,Low,Location Mismatch,2021-06-26,12:23:37
TXN00057526,CUST05002,690.87,UPI,Coimbatore,20,Low,New Device,2023-01-19,09:33:50
TXN00050486,CUST02042,689.98,Credit Card,Mumbai,20,Low,Location Mismatch,2024-11-16,23:55:28
TXN00030340,CUST09259,689.83,UPI,Noida,20,Low,Location Mismatch,2021-09-27,06:19:59
TXN00003519,CUST08170,685.12,UPI,Vadodara,20,Low,New Device,2021-06-11,23:11:11
TXN00063854,CUST09832,671.36,UPI,Mumbai,20,Low,Location Mismatch,2025-02-04,14:43:10
TXN00096347,CUST09072,667.79,UPI,Delhi,20,Low,New Device,2022-07-20,09:30:04
TXN00011783,CUST03262,665.27,UPI,Surat,20,Low,New Device,2022-11-15,15:11:12
TXN00073168,CUST07271,664.69,AEPS,Indore,20,Low,New Device,2023-01-04,19:56:16
TXN00024062,CUST05104,662.63,UPI,Chandigarh,20,Low,New Device,2022-02-16,07:02:37
TXN00047285,CUST06545,650.91,UPI,Noida,20,Low,Location Mismatch,2025-09-27,12:41:47
TXN00051004,CUST06526,635.47,Credit Card,Thane,20,Low,Location Mismatch,2022-01-29,19:19:15
TXN00059393,CUST02643,627.6,UPI,Vadodara,20,Low,New Device,2024-07-15,20:43:24
TXN00056776,CUST03522,622.6,UPI,Thiruvananthapuram,20,Low,New Device,2023-03-05,18:21:43
TXN00061777,CUST07818,622.02,UPI,Chennai,20,Low,New Device,2024-12-18,06:32:12
TXN00056271,CUST07766,620.76,UPI,Vadodara,20,Low,New Device,2021-09-05,22:25:55
TXN00073951,CUST06978,619.22,Wallet,Jaipur,20,Low,New Device,2023-05-03,08:26:09
TXN00069084,CUST03622,617.29,Net Banking,Lucknow,20,Low,New Device,2023-09-26,14:30:28
TXN00082958,CUST05487,611.23,UPI,Nagpur,20,Low,New Device,2023-02-01,22:24:41
TXN00032444,CUST08701,603.45,UPI,Kochi,20,Low,Location Mismatch,2025-11-29,06:24:18
TXN00058272,CUST03388,596.59,Net Banking,Vadodara,20,Low,New Device,2025-04-23,18:23:32
TXN00025157,CUST02162,592.84,AEPS,Bengaluru,20,Low,Location Mismatch,2025-10-11,06:07:53
TXN00023377,CUST00098,588.23,Credit Card,Chennai,20,Low,Location Mismatch,2023-01-30,21:45:34
TXN00030788,CUST00719,587.06,Credit Card,Aurangabad,20,Low,Location Mismatch,2021-04-03,16:08:43
TXN00041979,CUST03358,585.12,UPI,Patna,20,Low,Location Mismatch,2022-08-19,06:35:42
TXN00014178,CUST08937,583.25,Wallet,Kolkata,20,Low,Location Mismatch,2024-08-29,11:39:24
TXN00067979,CUST02845,582.13,Wallet,Thiruvananthapuram,20,Low,New Device,2025-08-04,22:43:28
TXN00067328,CUST03497,581.47,UPI,Mumbai,20,Low,New Device,2025-03-22,22:07:17
TXN00042281,CUST02923,581.11,Net Banking,Bhopal,20,Low,New Device,2022-04-27,19:23:27
TXN00065131,CUST03562,575.04,UPI,Navi Mumbai,20,Low,New Device,2022-02-05,17:28:01
TXN00077400,CUST06020,574.43,UPI,Pune,20,Low,New Device,2022-07-31,16:46:00
TXN00033507,CUST07233,574.43,Credit Card,Surat,20,Low,Location Mismatch,2024-04-18,08:55:08
TXN00097024,CUST03740,572.97,UPI,Coimbatore,20,Low,Location Mismatch,2024-12-12,22:03:19
TXN00047929,CUST03303,572.66,UPI,Bhopal,20,Low,New Device,2024-03-09,16:55:40
TXN00010224,CUST08902,569.91,UPI,Gurugram,20,Low,Location Mismatch,2025-09-18,19:29:07
TXN00031525,CUST00023,569.77,UPI,Aurangabad,20,Low,New Device,2021-01-02,10:50:36
TXN00073485,CUST07673,567.72,Wallet,Hyderabad,20,Low,New Device,2021-11-11,13:46:52
TXN00036978,CUST02924,562.93,AEPS,Lucknow,20,Low,Location Mismatch,2024-08-17,06:41:52
TXN00040146,CUST04166,558.75,UPI,Surat,20,Low,Location Mismatch,2024-07-08,22:10:48
TXN00037755,CUST07231,550.96,UPI,Delhi,20,Low,Location Mismatch,2022-05-27,18:12:43
TXN00005048,CUST07154,546.97,Net Banking,Lucknow,20,Low,New Device,2023-05-18,06:03:57
TXN00062136,CUST05901,546.36,Net Banking,Indore,20,Low,New Device,2024-03-15,16:35:03
TXN00016180,CUST04214,545.56,Net Banking,Bhopal,20,Low,New Device,2024-02-22,12:53:07
TXN00019410,CUST08023,538.7,UPI,Lucknow,20,Low,Location Mismatch,2024-09-20,12:52:56
TXN00068344,CUST03395,537.91,UPI,Nashik,20,Low,New Device,2024-07-07,08:18:32
TXN00063111,CUST04607,533.64,Debit Card,Nashik,20,Low,New Device,2022-09-27,06:34:24
TXN00064065,CUST00643,527.15,Net Banking,Mumbai,20,Low,New Device,2025-09-29,19:29:29
TXN00096802,CUST08871,525.33,UPI,Thiruvananthapuram,20,Low,Location Mismatch,2021-04-01,17:59:39
TXN00041435,CUST05232,524.84,UPI,Patna,20,Low,Location Mismatch,2025-10-21,13:05:10
TXN00097170,CUST03012,514.74,UPI,Vadodara,20,Low,New Device,2023-01-25,18:20:27
TXN00069930,CUST08322,514.31,UPI,Surat,20,Low,Location Mismatch,2025-04-17,17:53:32
TXN00049745,CUST09718,507.61,UPI,Hyderabad,20,Low,New Device,2022-08-20,20:27:16
TXN00040034,CUST02468,506.17,Wallet,Gurugram,20,Low,Location Mismatch,2021-12-24,19:34:29
TXN00067986,CUST09226,502.9,UPI,Ahmedabad,20,Low,Location Mismatch,2025-07-15,14:00:02
TXN00091203,CUST08575,501.71,UPI,Hyderabad,20,Low,New Device,2023-06-03,20:55:35
TXN00097863,CUST06456,494.32,Net Banking,Surat,20,Low,New Device,2021-09-02,23:59:17
TXN00042977,CUST01411,488.4,Credit Card,Navi Mumbai,20,Low,New Device,2021-09-15,13:33:06
TXN00004749,CUST09949,485.65,UPI,Mysuru,20,Low,Location Mismatch,2023-05-14,08:06:43
TXN00008367,CUST06563,484.16,UPI,Gurugram,20,Low,New Device,2023-12-27,06:55:28
TXN00038496,CUST06110,477.64,Debit Card,Nashik,20,Low,Location Mismatch,2025-10-16,19:34:15
TXN00066863,CUST00146,465.45,Wallet,Visakhapatnam,20,Low,Location Mismatch,2021-04-06,11:05:15
TXN00040417,CUST00488,462.37,Debit Card,Kochi,20,Low,Location Mismatch,2022-05-18,23:15:02
TXN00085477,CUST00019,460.53,Credit Card,Coimbatore,20,Low,New Device,2025-07-30,10:50:18
TXN00075421,CUST09900,447.61,UPI,Kochi,20,Low,New Device,2024-08-13,23:52:40
TXN00044594,CUST08438,443.79,UPI,Surat,20,Low,New Device,2022-09-26,23:52:18
TXN00071027,CUST04279,443.4,Debit Card,Chandigarh,20,Low,Location Mismatch,2023-05-07,08:07:01
TXN00062419,CUST04640,442.55,UPI,Mumbai,20,Low,New Device,2021-11-20,23:40:36
TXN00071547,CUST05052,437.84,UPI,Navi Mumbai,20,Low,Location Mismatch,2024-02-20,06:52:52
TXN00049117,CUST03089,434.21,Wallet,Ranchi,20,Low,New Device,2024-05-31,16:53:08
TXN00053756,CUST03114,432.01,Debit Card,Nashik,20,Low,New Device,2022-04-13,11:56:04
TXN00025125,CUST07789,429.29,UPI,Visakhapatnam,20,Low,Location Mismatch,2023-11-01,09:47:04
TXN00035233,CUST01499,428.48,UPI,Surat,20,Low,Location Mismatch,2023-10-07,21:52:21
TXN00004847,CUST05730,423.13,UPI,Indore,20,Low,Location Mismatch,2021-01-19,23:45:50
TXN00010577,CUST07930,415.63,UPI,Patna,20,Low,New Device,2022-09-04,17:02:05
TXN00098217,CUST08169,415.42,UPI,Surat,20,Low,Location Mismatch,2021-10-07,07:01:15
TXN00035975,CUST02860,414.0,UPI,Kolkata,20,Low,Location Mismatch,2022-09-26,19:27:39
TXN00026918,CUST04490,412.57,UPI,Jaipur,20,Low,Location Mismatch,2021-10-16,21:22:03
TXN00020111,CUST05145,409.98,Credit Card,Coimbatore,20,Low,New Device,2024-10-31,16:42:45
TXN00031284,CUST07901,409.77,UPI,Delhi,20,Low,New Device,2021-10-05,09:09:20
TXN00056660,CUST01423,408.74,Wallet,Bhopal,20,Low,Location Mismatch,2024-04-12,07:01:40
TXN00077799,CUST08353,400.15,Debit Card,Thiruvananthapuram,20,Low,Location Mismatch,2024-11-12,07:35:10
TXN00013633,CUST07466,399.25,UPI,Nagpur,20,Low,Location Mismatch,2024-09-08,16:33:50
TXN00028541,CUST08623,390.55,UPI,Thiruvananthapuram,20,Low,New Device,2023-03-29,21:30:55
TXN00097682,CUST02130,390.17,UPI,Pune,20,Low,Location Mismatch,2025-04-10,20:01:51
TXN00047626,CUST07276,388.78,Wallet,Aurangabad,20,Low,Location Mismatch,2025-10-17,09:50:36
TXN00017995,CUST01171,385.95,Debit Card,Bhopal,20,Low,New Device,2021-12-07,13:59:03
TXN00047061,CUST06947,385.48,Credit Card,Hyderabad,20,Low,Location Mismatch,2021-12-22,07:02:13
TXN00067868,CUST04725,384.44,UPI,Kochi,20,Low,Location Mismatch,2023-04-24,14:25:13
TXN00092558,CUST09271,383.74,UPI,Aurangabad,20,Low,New Device,2022-03-29,19:46:29
TXN00088120,CUST03146,379.89,Wallet,Lucknow,20,Low,Location Mismatch,2023-05-04,13:54:39
TXN00086045,CUST08741,379.08,Debit Card,Chennai,20,Low,Location Mismatch,2021-09-11,19:36:59
TXN00001994,CUST07234,378.99,Net Banking,Mumbai,20,Low,New Device,2023-08-15,07:43:26
TXN00060938,CUST00454,377.7,UPI,Coimbatore,20,Low,New Device,2024-04-18,08:26:17
TXN00031261,CUST06381,367.03,UPI,Thiruvananthapuram,20,Low,New Device,2021-03-26,15:03:24
TXN00015673,CUST01932,361.65,Credit Card,Gurugram,20,Low,New Device,2022-11-07,23:11:29
TXN00060670,CUST07848,360.39,UPI,Kochi,20,Low,Location Mismatch,2024-12-13,11:24:38
TXN00058462,CUST06441,359.46,UPI,Chennai,20,Low,Location Mismatch,2021-07-21,17:54:09
TXN00097585,CUST09243,357.15,UPI,Thane,20,Low,New Device,2025-04-11,06:53:22
TXN00024620,CUST00906,349.71,UPI,Jaipur,20,Low,Location Mismatch,2022-04-10,14:45:29
TXN00025159,CUST09738,340.71,UPI,Nagpur,20,Low,New Device,2024-12-28,19:37:43
TXN00089594,CUST06126,338.49,Debit Card,Nashik,20,Low,Location Mismatch,2022-11-05,08:27:03
TXN00057307,CUST07138,332.92,Net Banking,Bhubaneswar,20,Low,New Device,2025-07-19,06:15:46
TXN00081525,CUST00673,327.98,UPI,Chandigarh,20,Low,Location Mismatch,2022-04-12,20:19:12
TXN00020968,CUST06781,324.78,UPI,Gurugram,20,Low,New Device,2022-05-19,09:16:56
TXN00011849,CUST00120,316.27,Net Banking,Bengaluru,20,Low,Location Mismatch,2022-01-30,06:50:03
TXN00031593,CUST07216,313.68,Wallet,Delhi,20,Low,New Device,2024-03-23,11:27:16
TXN00061778,CUST00155,308.82,UPI,Delhi,20,Low,New Device,2022-10-07,13:14:56
TXN00054899,CUST01524,307.7,UPI,Aurangabad,20,Low,Location Mismatch,2025-12-09,23:40:56
TXN00069866,CUST04085,307.19,UPI,Kochi,20,Low,New Device,2023-06-27,23:47:27
TXN00090531,CUST00770,306.7,Credit Card,Nashik,20,Low,New Device,2021-10-16,20:20:22
TXN00094871,CUST02967,306.02,UPI,Lucknow,20,Low,Location Mismatch,2025-09-22,19:06:59
TXN00022313,CUST09627,305.59,UPI,Mysuru,20,Low,New Device,2021-08-27,23:23:56
TXN00080756,CUST09790,294.73,Debit Card,Indore,20,Low,New Device,2023-05-15,19:06:28
TXN00097450,CUST07957,291.44,Wallet,Patna,20,Low,Location Mismatch,2021-06-11,09:45:43
TXN00091116,CUST03515,290.79,UPI,Pune,20,Low,Location Mismatch,2025-02-06,12:32:42
TXN00046627,CUST06669,290.7,Net Banking,Kochi,20,Low,New Device,2021-06-04,15:55:37
TXN00005620,CUST01582,284.11,Debit Card,Bengaluru,20,Low,New Device,2021-11-06,23:20:05
TXN00020885,CUST00570,272.62,UPI,Nagpur,20,Low,New Device,2025-07-24,13:45:54
TXN00089588,CUST06604,264.51,UPI,Mumbai,20,Low,New Device,2023-07-24,14:53:14
TXN00082937,CUST09389,260.95,Net Banking,Pune,20,Low,New Device,2021-05-10,15:27:48
TXN00081060,CUST01248,259.76,UPI,Mumbai,20,Low,New Device,2021-02-22,20:18:15
TXN00054721,CUST00017,256.78,Credit Card,Jaipur,20,Low,Location Mismatch,2023-11-29,10:01:24
TXN00096849,CUST03036,254.12,UPI,Kolkata,20,Low,New Device,2025-12-10,06:42:33
TXN00038400,CUST05369,246.87,UPI,Ahmedabad,20,Low,New Device,2021-04-05,10:51:23
TXN00098123,CUST02295,245.04,UPI,Gurugram,20,Low,New Device,2022-10-23,23:46:11
TXN00014870,CUST09634,241.05,Debit Card,Gurugram,20,Low,New Device,2021-10-17,09:27:48
TXN00052781,CUST04110,239.8,UPI,Delhi,20,Low,Location Mismatch,2023-12-25,20:18:11
TXN00031131,CUST03119,236.76,UPI,Ahmedabad,20,Low,New Device,2024-07-18,08:07:44
TXN00093564,CUST08483,235.35,Wallet,Lucknow,20,Low,Location Mismatch,2025-04-12,20:10:32
TXN00092775,CUST07169,233.02,AEPS,Vadodara,20,Low,Location Mismatch,2021-08-15,21:55:42
TXN00011484,CUST09539,231.8,UPI,Indore,20,Low,New Device,2022-03-07,08:21:50
TXN00025266,CUST03459,217.88,Credit Card,Patna,20,Low,New Device,2025-10-10,15:48:32
TXN00076118,CUST00945,211.31,UPI,Pune,20,Low,Location Mismatch,2023-07-03,13:12:56
TXN00060500,CUST09100,209.49,Credit Card,Gurugram,20,Low,Location Mismatch,2023-10-08,14:59:34
TXN00017147,CUST03083,200.63,Credit Card,Bengaluru,20,Low,Location Mismatch,2021-06-09,12:43:45
TXN00007894,CUST04652,200.63,AEPS,Navi Mumbai,20,Low,New Device,2025-04-09,15:50:41
TXN00096215,CUST01979,190.78,UPI,Nashik,20,Low,Location Mismatch,2021-02-19,08:06:58
TXN00066181,CUST01956,189.94,UPI,Bengaluru,20,Low,New Device,2022-07-10,14:33:04
TXN00032927,CUST07316,187.25,Debit Card,Navi Mumbai,20,Low,New Device,2023-03-23,07:10:04
TXN00035575,CUST08128,181.11,UPI,Ahmedabad,20,Low,New Device,2022-03-11,23:55:17
TXN00088197,CUST06769,180.8,UPI,Thane,20,Low,New Device,2022-12-21,09:08:07
TXN00033856,CUST05218,177.02,Debit Card,Pune,20,Low,New Device,2024-10-07,14:40:59
TXN00019924,CUST02731,175.31,Debit Card,Nagpur,20,Low,New Device,2024-09-15,07:18:21
TXN00091220,CUST09116,174.29,UPI,Lucknow,20,Low,Location Mismatch,2022-07-29,08:12:26
TXN00086809,CUST03441,170.48,Credit Card,Kolkata,20,Low,New Device,2025-06-23,14:53:18
TXN00001914,CUST08980,165.11,Credit Card,Patna,20,Low,Location Mismatch,2023-08-23,22:14:18
TXN00078956,CUST00826,164.7,Credit Card,Nashik,20,Low,New Device,2021-11-03,09:30:40
TXN00030822,CUST02913,163.92,Debit Card,Nagpur,20,Low,New Device,2022-09-12,15:23:16
TXN00075870,CUST00641,157.03,UPI,Lucknow,20,Low,New Device,2023-10-04,16:29:39
TXN00080669,CUST09282,153.99,Wallet,Lucknow,20,Low,New Device,2022-03-07,12:11:56
TXN00004742,CUST00138,153.51,UPI,Kolkata,20,Low,New Device,2023-01-21,07:11:46
TXN00038029,CUST07376,148.49,UPI,Visakhapatnam,20,Low,New Device,2021-02-27,19:03:12
TXN00001907,CUST03758,148.39,UPI,Kochi,20,Low,Location Mismatch,2025-04-21,13:33:09
TXN00011486,CUST08915,145.52,UPI,Thane,20,Low,Location Mismatch,2025-02-14,18:01:22
TXN00042649,CUST08616,144.57,Credit Card,Nagpur,20,Low,New Device,2024-07-26,21:28:41
TXN00009523,CUST00661,144.26,Debit Card,Lucknow,20,Low,Location Mismatch,2024-04-23,17:15:08
TXN00014189,CUST07931,143.43,UPI,Nashik,20,Low,New Device,2024-01-28,21:31:02
TXN00073822,CUST02080,142.78,Credit Card,Bengaluru,20,Low,Location Mismatch,2023-12-16,08:21:02
TXN00040127,CUST02740,142.06,UPI,Nashik,20,Low,New Device,2025-08-31,15:04:45
TXN00022076,CUST09500,138.45,Debit Card,Patna,20,Low,Location Mismatch,2024-06-05,19:50:55
TXN00015746,CUST06371,136.67,Wallet,Visakhapatnam,20,Low,New Device,2022-09-15,16:41:44
TXN00002717,CUST08962,135.97,UPI,Navi Mumbai,20,Low,Location Mismatch,2022-11-07,12:06:33
TXN00083645,CUST06936,135.34,UPI,Chandigarh,20,Low,New Device,2021-07-24,13:18:58
TXN00087946,CUST05495,133.8,UPI,Coimbatore,20,Low,Location Mismatch,2021-10-21,15:04:42
TXN00018185,CUST05371,133.38,Wallet,Kochi,20,Low,Location Mismatch,2025-02-16,23:29:36
TXN00076753,CUST01479,131.2,UPI,Aurangabad,20,Low,Location Mismatch,2023-11-19,16:36:25
TXN00078379,CUST08420,130.68,UPI,Bengaluru,20,Low,New Device,2022-03-31,06:13:18
TXN00029974,CUST07006,126.45,Net Banking,Pune,20,Low,New Device,2025-06-25,22:05:41
TXN00026322,CUST08227,125.73,UPI,Thane,20,Low,Location Mismatch,2022-11-17,06:41:40
TXN00001381,CUST03546,125.62,Wallet,Bhubaneswar,20,Low,Location Mismatch,2022-07-03,12:09:27
TXN00013852,CUST02764,123.19,UPI,Bhubaneswar,20,Low,New Device,2022-01-26,12:38:17
TXN00020430,CUST05756,114.33,Debit Card,Nashik,20,Low,Location Mismatch,2021-01-02,11:58:02
TXN00047741,CUST02097,109.29,Credit Card,Delhi,20,Low,Location Mismatch,2022-07-14,21:53:51
TXN00026311,CUST02605,109.11,UPI,Nagpur,20,Low,New Device,2024-09-15,18:43:59
TXN00097027,CUST04208,105.37,UPI,Coimbatore,20,Low,Location Mismatch,2024-03-29,15:13:15
TXN00057980,CUST04579,103.81,UPI,Patna,20,Low,Location Mismatch,2022-01-10,17:06:41
TXN00015596,CUST07105,99.15,UPI,Mysuru,20,Low,Location Mismatch,2023-10-01,06:42:26
TXN00060062,CUST01781,98.39,UPI,Thane,20,Low,New Device,2021-06-07,20:33:12
TXN00022883,CUST00827,93.16,UPI,Aurangabad,20,Low,New Device,2022-09-19,09:37:42
TXN00092360,CUST08642,92.2,UPI,Delhi,20,Low,Location Mismatch,2025-10-02,07:09:01
TXN00076201,CUST05370,90.89,Credit Card,Delhi,20,Low,Location Mismatch,2022-09-17,16:42:43
TXN00072063,CUST02389,88.75,UPI,Aurangabad,20,Low,Location Mismatch,2024-08-16,13:50:20
TXN00061972,CUST02198,77.71,UPI,Gurugram,20,Low,Location Mismatch,2022-09-13,11:01:18
TXN00024754,CUST03606,65.81,UPI,Delhi,20,Low,Location Mismatch,2024-11-12,09:20:11
TXN00004580,CUST01238,61.91,Net Banking,Chennai,20,Low,Location Mismatch,2025-08-09,07:46:06
TXN00038726,CUST07993,60.28,Net Banking,Thane,20,Low,New Device,2023-01-01,11:07:35
TXN00037927,CUST07562,54.45,Credit Card,Chennai,20,Low,Location Mismatch,2023-01-15,07:17:01
TXN00034790,CUST09906,42.24,Debit Card,Hyderabad,20,Low,Location Mismatch,2025-10-03,09:13:45
TXN00033464,CUST00181,35.33,Wallet,Nashik,20,Low,New Device,2025-01-05,20:15:37
TXN00091635,CUST02473,34.13,Wallet,Navi Mumbai,20,Low,New Device,2021-02-25,17:23:59
TXN00028175,CUST01195,30.6,UPI,Ranchi,20,Low,Location Mismatch,2021-10-15,21:52:57
TXN00056111,CUST08781,24.97,Credit Card,Patna,20,Low,New Device,2022-10-27,19:37:32
TXN00019509,CUST07072,103692.04,UPI,Thane,15,Low,IP Mismatch,2023-04-27,12:39:13
TXN00022754,CUST08704,71785.92,Debit Card,Surat,15,Low,IP Mismatch,2024-04-25,09:22:13
TXN00015045,CUST03792,62013.87,Debit Card,Mumbai,15,Low,IP Mismatch,2024-09-14,19:46:18
TXN00073557,CUST05505,53377.3,UPI,Jaipur,15,Low,IP Mismatch,2021-09-15,18:48:54
TXN00001843,CUST05409,52283.38,Credit Card,Ranchi,15,Low,IP Mismatch,2025-11-09,10:00:12
TXN00023910,CUST05320,47439.18,UPI,Nashik,15,Low,IP Mismatch,2024-05-24,20:35:03
TXN00071879,CUST07574,45347.7,Debit Card,Patna,15,Low,IP Mismatch,2023-10-07,18:00:16
TXN00013196,CUST02235,41055.34,UPI,Visakhapatnam,15,Low,IP Mismatch,2025-08-04,10:21:14
TXN00004537,CUST03437,38300.95,UPI,Coimbatore,15,Low,IP Mismatch,2023-09-27,20:21:23
TXN00014958,CUST01632,36891.42,UPI,Aurangabad,15,Low,IP Mismatch,2025-08-02,13:12:03
TXN00080430,CUST01294,36260.84,UPI,Thiruvananthapuram,15,Low,IP Mismatch,2023-12-24,23:30:19
TXN00045609,CUST08664,27317.56,UPI,Ranchi,15,Low,IP Mismatch,2024-05-27,09:46:47
TXN00007898,CUST01733,27093.51,Debit Card,Mysuru,15,Low,IP Mismatch,2023-07-21,12:08:22
TXN00044286,CUST09869,25362.59,UPI,Bhubaneswar,15,Low,IP Mismatch,2021-01-13,09:50:39
TXN00071467,CUST09865,21895.66,Credit Card,Gurugram,15,Low,IP Mismatch,2023-03-04,17:22:49
TXN00043786,CUST04147,21544.39,UPI,Thane,15,Low,IP Mismatch,2023-06-24,20:44:26
TXN00023490,CUST06758,19149.83,UPI,Thiruvananthapuram,15,Low,IP Mismatch,2024-07-27,21:51:04
TXN00042993,CUST07809,18321.7,UPI,Nashik,15,Low,IP Mismatch,2022-09-29,22:22:24
TXN00074396,CUST08540,17044.3,UPI,Mysuru,15,Low,IP Mismatch,2025-03-26,20:37:13
TXN00018289,CUST03847,16234.45,UPI,Mysuru,15,Low,IP Mismatch,2022-11-26,22:03:17
TXN00092003,CUST05303,16148.87,Debit Card,Visakhapatnam,15,Low,IP Mismatch,2024-04-10,15:32:30
TXN00054875,CUST00003,15183.12,UPI,Bengaluru,15,Low,IP Mismatch,2024-11-17,08:20:48
TXN00034966,CUST04286,14449.05,UPI,Lucknow,15,Low,IP Mismatch,2022-05-17,16:10:37
TXN00054048,CUST08639,13615.28,AEPS,Surat,15,Low,IP Mismatch,2023-06-24,22:46:14
TXN00091221,CUST04584,10479.28,Debit Card,Navi Mumbai,15,Low,IP Mismatch,2025-04-28,20:19:07
TXN00077828,CUST05939,9954.14,Credit Card,Bengaluru,15,Low,IP Mismatch,2025-10-28,16:20:20
TXN00046233,CUST02554,9907.94,UPI,Ahmedabad,15,Low,IP Mismatch,2024-06-13,13:14:14
TXN00027880,CUST03988,9522.92,UPI,Nagpur,15,Low,IP Mismatch,2024-09-27,20:34:55
TXN00092270,CUST05380,9062.97,UPI,Kolkata,15,Low,IP Mismatch,2025-07-22,16:08:26
TXN00062992,CUST01766,9041.6,Debit Card,Ranchi,15,Low,IP Mismatch,2024-01-04,20:09:37
TXN00059146,CUST06752,8685.05,UPI,Vadodara,15,Low,IP Mismatch,2021-11-20,18:52:03
TXN00005882,CUST06309,8439.19,AEPS,Thiruvananthapuram,15,Low,IP Mismatch,2025-02-09,23:27:58
TXN00004663,CUST01341,8395.93,UPI,Pune,15,Low,IP Mismatch,2024-07-25,22:58:32
TXN00093451,CUST09835,7790.25,UPI,Mumbai,15,Low,IP Mismatch,2025-12-12,10:37:11
TXN00096907,CUST03450,7661.78,UPI,Visakhapatnam,15,Low,IP Mismatch,2024-10-17,21:42:25
TXN00038444,CUST02089,7516.16,Credit Card,Mysuru,15,Low,IP Mismatch,2021-11-09,07:33:09
TXN00095260,CUST00888,6909.28,UPI,Gurugram,15,Low,IP Mismatch,2025-08-11,19:24:38
TXN00043623,CUST06785,6752.4,UPI,Ranchi,15,Low,IP Mismatch,2024-01-27,12:41:38
TXN00027303,CUST00658,6713.87,UPI,Noida,15,Low,IP Mismatch,2022-01-01,12:42:10
TXN00037302,CUST06189,6429.83,UPI,Delhi,15,Low,IP Mismatch,2024-09-27,23:13:25
TXN00075291,CUST02417,6429.32,UPI,Patna,15,Low,IP Mismatch,2023-11-05,15:41:40
TXN00059319,CUST06891,6396.84,UPI,Mumbai,15,Low,IP Mismatch,2021-11-16,17:17:36
TXN00031510,CUST08848,6138.49,Debit Card,Hyderabad,15,Low,IP Mismatch,2021-07-14,08:42:59
TXN00081743,CUST08596,5962.13,Net Banking,Jaipur,15,Low,IP Mismatch,2024-12-09,18:59:23
TXN00060963,CUST02393,5883.53,Net Banking,Aurangabad,15,Low,IP Mismatch,2022-05-30,21:33:15
TXN00078728,CUST01446,5675.97,UPI,Mumbai,15,Low,IP Mismatch,2022-08-26,13:35:44
TXN00045671,CUST03714,5370.43,Net Banking,Coimbatore,15,Low,IP Mismatch,2025-06-25,06:56:06
TXN00064736,CUST07746,4920.28,Credit Card,Surat,15,Low,IP Mismatch,2023-06-23,15:27:59
TXN00056893,CUST07131,4432.79,UPI,Ranchi,15,Low,IP Mismatch,2025-11-25,13:01:17
TXN00047139,CUST07171,4428.39,Credit Card,Visakhapatnam,15,Low,IP Mismatch,2021-10-11,18:30:31
TXN00090636,CUST08925,4369.09,UPI,Mysuru,15,Low,IP Mismatch,2022-04-10,08:40:21
TXN00019805,CUST05605,4286.64,Debit Card,Ranchi,15,Low,IP Mismatch,2025-07-23,14:05:17
TXN00016222,CUST09295,4268.07,Credit Card,Surat,15,Low,IP Mismatch,2025-05-23,15:22:28
TXN00092421,CUST00323,4156.62,UPI,Kolkata,15,Low,IP Mismatch,2022-03-07,18:16:04
TXN00082960,CUST04114,4093.75,UPI,Jaipur,15,Low,IP Mismatch,2025-12-14,13:24:34
TXN00083149,CUST06803,3983.78,Wallet,Kolkata,15,Low,IP Mismatch,2025-03-23,08:27:34
TXN00027739,CUST09993,3924.17,UPI,Noida,15,Low,IP Mismatch,2021-07-26,15:58:39
TXN00063209,CUST09265,3796.52,Credit Card,Vadodara,15,Low,IP Mismatch,2022-08-01,21:33:56
TXN00001180,CUST05428,3644.84,Credit Card,Surat,15,Low,IP Mismatch,2023-02-19,10:11:30
TXN00065510,CUST07613,3576.62,UPI,Lucknow,15,Low,IP Mismatch,2024-01-14,18:15:52
TXN00069937,CUST01782,3528.62,UPI,Mysuru,15,Low,IP Mismatch,2024-11-17,18:44:59
TXN00092809,CUST04585,3353.23,UPI,Chandigarh,15,Low,IP Mismatch,2023-04-05,09:51:27
TXN00016507,CUST08993,3348.32,Credit Card,Bhopal,15,Low,IP Mismatch,2024-08-27,15:40:18
TXN00070965,CUST05839,3338.78,UPI,Thane,15,Low,IP Mismatch,2022-09-27,07:49:48
TXN00067648,CUST01847,3335.44,UPI,Thiruvananthapuram,15,Low,IP Mismatch,2025-09-25,18:35:39
TXN00086472,CUST01002,3296.0,UPI,Vadodara,15,Low,IP Mismatch,2022-01-11,22:23:25
TXN00048588,CUST04364,3166.65,UPI,Ahmedabad,15,Low,IP Mismatch,2023-07-19,17:14:27
TXN00064558,CUST07692,3161.89,UPI,Gurugram,15,Low,IP Mismatch,2022-05-14,12:24:51
TXN00029802,CUST01314,3101.57,Net Banking,Hyderabad,15,Low,IP Mismatch,2023-04-24,16:37:17
TXN00003583,CUST08104,3072.23,UPI,Ahmedabad,15,Low,IP Mismatch,2023-04-20,13:11:17
TXN00076709,CUST07369,2871.48,Debit Card,Gurugram,15,Low,IP Mismatch,2021-08-22,14:18:46
TXN00025481,CUST03007,2780.85,Credit Card,Navi Mumbai,15,Low,IP Mismatch,2021-06-17,15:53:56
TXN00075838,CUST05167,2731.03,UPI,Mumbai,15,Low,IP Mismatch,2022-02-08,18:11:45
TXN00022450,CUST04121,2627.11,Debit Card,Bhopal,15,Low,IP Mismatch,2021-04-18,18:00:45
TXN00012930,CUST05660,2557.79,Debit Card,Patna,15,Low,IP Mismatch,2024-05-03,07:11:37
TXN00055205,CUST03481,2538.33,AEPS,Gurugram,15,Low,IP Mismatch,2022-09-28,18:40:43
TXN00071762,CUST05043,2537.28,Debit Card,Nagpur,15,Low,IP Mismatch,2022-03-07,07:08:02
TXN00095695,CUST07979,2536.98,UPI,Hyderabad,15,Low,IP Mismatch,2024-06-13,07:36:19
TXN00090753,CUST08933,2397.22,UPI,Mysuru,15,Low,IP Mismatch,2023-12-25,08:10:51
TXN00047886,CUST04668,2223.42,UPI,Pune,15,Low,IP Mismatch,2023-01-11,18:55:00
TXN00028868,CUST01232,2159.24,UPI,Kochi,15,Low,IP Mismatch,2025-11-26,15:00:47
TXN00074431,CUST00838,2145.31,UPI,Navi Mumbai,15,Low,IP Mismatch,2023-11-01,06:26:32
TXN00010552,CUST06679,2128.72,Credit Card,Thiruvananthapuram,15,Low,IP Mismatch,2023-06-19,11:38:31
TXN00098973,CUST09719,2091.64,Debit Card,Indore,15,Low,IP Mismatch,2022-11-26,12:11:18
TXN00082902,CUST02967,2087.34,UPI,Visakhapatnam,15,Low,IP Mismatch,2022-02-03,16:44:16
TXN00081929,CUST00109,2057.36,Debit Card,Kolkata,15,Low,IP Mismatch,2025-12-09,22:00:04
TXN00075532,CUST03243,1891.14,Debit Card,Delhi,15,Low,IP Mismatch,2024-01-09,23:46:47
TXN00014171,CUST03655,1868.66,UPI,Ahmedabad,15,Low,IP Mismatch,2024-12-07,19:50:45
TXN00025562,CUST06724,1859.74,Wallet,Bhopal,15,Low,IP Mismatch,2025-05-29,16:00:01
TXN00093443,CUST09501,1857.78,UPI,Patna,15,Low,IP Mismatch,2022-02-21,06:39:02
TXN00023818,CUST08276,1841.78,Wallet,Bengaluru,15,Low,IP Mismatch,2021-01-17,06:41:36
TXN00096523,CUST01147,1832.69,UPI,Patna,15,Low,IP Mismatch,2025-04-22,23:56:30
TXN00076956,CUST07406,1809.45,Debit Card,Nagpur,15,Low,IP Mismatch,2023-04-13,19:47:26
TXN00042267,CUST08865,1806.13,Debit Card,Noida,15,Low,IP Mismatch,2023-01-23,21:44:29
TXN00049347,CUST03247,1757.17,UPI,Hyderabad,15,Low,IP Mismatch,2023-07-22,17:51:54
TXN00031462,CUST00492,1755.14,Wallet,Bhopal,15,Low,IP Mismatch,2023-09-28,23:45:09
TXN00009967,CUST09972,1698.9,UPI,Patna,15,Low,IP Mismatch,2022-11-14,12:56:42
TXN00012465,CUST03998,1693.0,UPI,Thane,15,Low,IP Mismatch,2021-09-17,20:50:25
TXN00060659,CUST03831,1658.89,UPI,Visakhapatnam,15,Low,IP Mismatch,2022-07-19,07:47:24
TXN00085649,CUST07867,1653.45,UPI,Kolkata,15,Low,IP Mismatch,2025-04-12,10:06:54
TXN00073795,CUST08923,1632.07,Wallet,Kolkata,15,Low,IP Mismatch,2024-10-27,11:44:28
TXN00091716,CUST08468,1628.12,UPI,Patna,15,Low,IP Mismatch,2021-01-16,12:53:06
TXN00075550,CUST04773,1608.68,UPI,Mysuru,15,Low,IP Mismatch,2022-05-18,19:22:01
TXN00039495,CUST06920,1525.27,Debit Card,Nashik,15,Low,IP Mismatch,2023-01-11,06:56:02
TXN00057387,CUST06498,1514.94,Net Banking,Nashik,15,Low,IP Mismatch,2024-05-01,18:35:48
TXN00041796,CUST09301,1508.57,UPI,Gurugram,15,Low,IP Mismatch,2022-10-12,17:10:56
TXN00010309,CUST07620,1490.64,UPI,Jaipur,15,Low,IP Mismatch,2024-06-07,21:45:01
TXN00083304,CUST06791,1438.18,UPI,Pune,15,Low,IP Mismatch,2023-11-10,23:19:44
TXN00013265,CUST01385,1429.09,UPI,Aurangabad,15,Low,IP Mismatch,2024-10-14,09:52:53
TXN00046115,CUST08376,1407.03,UPI,Vadodara,15,Low,IP Mismatch,2021-12-25,21:38:16
TXN00082914,CUST00771,1348.01,UPI,Ahmedabad,15,Low,IP Mismatch,2021-03-24,17:57:55
TXN00026503,CUST09443,1318.1,Credit Card,Lucknow,15,Low,IP Mismatch,2022-04-25,16:37:51
TXN00053078,CUST00144,1304.1,UPI,Jaipur,15,Low,IP Mismatch,2022-07-31,19:04:14
TXN00075973,CUST05018,1296.64,UPI,Thane,15,Low,IP Mismatch,2021-06-01,07:09:23
TXN00069474,CUST03091,1221.82,Debit Card,Mysuru,15,Low,IP Mismatch,2024-07-18,09:52:38
TXN00056222,CUST01396,1192.46,AEPS,Chennai,15,Low,IP Mismatch,2024-09-02,10:16:31
TXN00021992,CUST08777,1172.25,Credit Card,Bhopal,15,Low,IP Mismatch,2025-11-06,08:47:20
TXN00032134,CUST03000,1164.04,UPI,Nagpur,15,Low,IP Mismatch,2022-06-08,11:36:21
TXN00075463,CUST02771,1159.27,UPI,Pune,15,Low,IP Mismatch,2024-08-29,11:37:44
TXN00000969,CUST00177,1129.29,UPI,Chandigarh,15,Low,IP Mismatch,2021-08-06,09:38:59
TXN00076047,CUST04618,1119.74,UPI,Thiruvananthapuram,15,Low,IP Mismatch,2024-01-20,18:08:39
TXN00020660,CUST02871,1118.47,Credit Card,Mumbai,15,Low,IP Mismatch,2024-04-28,23:09:34
TXN00038248,CUST03360,1117.92,UPI,Gurugram,15,Low,IP Mismatch,2022-05-24,12:32:46
TXN00060996,CUST04394,1101.94,Credit Card,Noida,15,Low,IP Mismatch,2021-01-04,20:57:54
TXN00077925,CUST08119,1080.37,UPI,Thane,15,Low,IP Mismatch,2024-01-12,23:25:09
TXN00003089,CUST03212,993.31,UPI,Ahmedabad,15,Low,IP Mismatch,2024-10-19,09:31:56
TXN00074521,CUST09191,991.52,UPI,Chennai,15,Low,IP Mismatch,2022-11-08,18:33:46
TXN00046533,CUST03659,971.75,UPI,Delhi,15,Low,IP Mismatch,2025-02-18,08:42:21
TXN00040436,CUST05309,962.68,Wallet,Surat,15,Low,IP Mismatch,2022-01-02,23:16:53
TXN00016582,CUST09931,961.96,UPI,Delhi,15,Low,IP Mismatch,2021-01-23,17:14:01
TXN00014880,CUST08958,944.62,Debit Card,Kochi,15,Low,IP Mismatch,2021-05-05,22:18:05
TXN00016192,CUST07414,940.84,UPI,Indore,15,Low,IP Mismatch,2021-11-03,07:00:51
TXN00048611,CUST08463,856.85,UPI,Bhubaneswar,15,Low,IP Mismatch,2024-12-05,10:35:47
TXN00067398,CUST04170,844.0,UPI,Kochi,15,Low,IP Mismatch,2024-08-13,12:04:41
TXN00060885,CUST00483,838.77,Net Banking,Bengaluru,15,Low,IP Mismatch,2022-10-12,08:17:17
TXN00016055,CUST02959,837.02,UPI,Ahmedabad,15,Low,IP Mismatch,2021-07-11,12:04:45
TXN00092225,CUST06219,829.6,UPI,Aurangabad,15,Low,IP Mismatch,2023-05-16,12:49:06
TXN00052926,CUST04975,818.43,UPI,Hyderabad,15,Low,IP Mismatch,2023-07-01,08:25:00
TXN00087256,CUST02704,767.77,UPI,Ranchi,15,Low,IP Mismatch,2025-03-16,16:28:31
TXN00005607,CUST04895,763.63,Credit Card,Kolkata,15,Low,IP Mismatch,2021-04-04,08:29:29
TXN00086916,CUST02050,755.23,UPI,Aurangabad,15,Low,IP Mismatch,2021-09-23,09:31:14
TXN00035963,CUST01558,754.84,Wallet,Lucknow,15,Low,IP Mismatch,2023-08-30,13:14:10
TXN00024717,CUST09634,725.71,UPI,Gurugram,15,Low,IP Mismatch,2021-07-04,06:19:57
TXN00028915,CUST04382,717.95,UPI,Thiruvananthapuram,15,Low,IP Mismatch,2025-07-04,13:39:19
TXN00035182,CUST01510,686.45,UPI,Indore,15,Low,IP Mismatch,2024-12-06,17:43:12
TXN00042039,CUST06229,684.05,UPI,Aurangabad,15,Low,IP Mismatch,2021-05-07,23:28:19
TXN00064399,CUST05978,661.99,UPI,Surat,15,Low,IP Mismatch,2025-06-29,06:19:26
TXN00050990,CUST09861,659.81,Debit Card,Chandigarh,15,Low,IP Mismatch,2025-04-24,17:18:35
TXN00081123,CUST00247,626.63,UPI,Nagpur,15,Low,IP Mismatch,2024-05-26,19:41:56
TXN00036645,CUST05145,617.25,Debit Card,Coimbatore,15,Low,IP Mismatch,2025-06-28,16:52:14
TXN00021077,CUST09363,615.07,UPI,Kolkata,15,Low,IP Mismatch,2022-05-09,20:15:52
TXN00069222,CUST00088,566.87,Net Banking,Bhopal,15,Low,IP Mismatch,2021-08-26,16:40:01
TXN00006561,CUST05122,563.74,Credit Card,Ahmedabad,15,Low,IP Mismatch,2025-05-01,20:07:37
TXN00059678,CUST05293,560.65,UPI,Chennai,15,Low,IP Mismatch,2025-01-07,09:37:36
TXN00089515,CUST06327,536.95,UPI,Indore,15,Low,IP Mismatch,2021-04-05,21:04:36
TXN00030596,CUST07611,536.49,UPI,Vadodara,15,Low,IP Mismatch,2023-12-21,14:24:13
TXN00083797,CUST07571,533.28,Wallet,Gurugram,15,Low,IP Mismatch,2021-06-17,22:18:53
TXN00064989,CUST03048,533.12,UPI,Indore,15,Low,IP Mismatch,2023-03-20,17:46:04
TXN00081199,CUST06954,502.03,Credit Card,Aurangabad,15,Low,IP Mismatch,2024-04-16,22:07:14
TXN00032322,CUST06004,449.67,UPI,Bhubaneswar,15,Low,IP Mismatch,2022-03-08,06:53:47
TXN00021555,CUST08935,441.98,UPI,Ahmedabad,15,Low,IP Mismatch,2025-04-01,08:51:16
TXN00009661,CUST02227,440.41,Wallet,Bhopal,15,Low,IP Mismatch,2021-09-14,15:34:43
TXN00089300,CUST00793,438.38,UPI,Surat,15,Low,IP Mismatch,2023-08-18,07:34:09
TXN00006782,CUST04270,437.65,UPI,Thiruvananthapuram,15,Low,IP Mismatch,2025-01-14,17:02:42
TXN00092313,CUST01897,436.28,UPI,Nagpur,15,Low,IP Mismatch,2025-02-25,22:18:46
TXN00052519,CUST01988,417.4,UPI,Mysuru,15,Low,IP Mismatch,2024-10-30,11:10:37
TXN00054943,CUST06429,416.89,UPI,Navi Mumbai,15,Low,IP Mismatch,2021-03-24,07:53:23
TXN00012808,CUST04288,416.05,UPI,Lucknow,15,Low,IP Mismatch,2022-10-10,21:34:38
TXN00049450,CUST05508,411.09,Credit Card,Ranchi,15,Low,IP Mismatch,2025-07-27,08:58:53
TXN00004074,CUST09277,390.24,UPI,Visakhapatnam,15,Low,IP Mismatch,2021-01-24,13:59:12
TXN00033823,CUST04201,376.57,UPI,Patna,15,Low,IP Mismatch,2022-07-16,12:31:25
TXN00060400,CUST09586,350.43,UPI,Jaipur,15,Low,IP Mismatch,2023-09-18,15:19:03
TXN00052024,CUST06561,346.76,UPI,Ahmedabad,15,Low,IP Mismatch,2023-08-04,21:10:17
TXN00079782,CUST00685,320.67,UPI,Delhi,15,Low,IP Mismatch,2023-10-11,16:11:16
TXN00033793,CUST05178,292.41,Credit Card,Lucknow,15,Low,IP Mismatch,2023-08-08,16:54:06
TXN00025890,CUST03038,291.48,UPI,Gurugram,15,Low,IP Mismatch,2021-04-15,21:05:18
TXN00068152,CUST02097,282.86,UPI,Bengaluru,15,Low,IP Mismatch,2024-11-06,08:26:13
TXN00074574,CUST09393,270.14,UPI,Delhi,15,Low,IP Mismatch,2023-01-25,08:21:31
TXN00057357,CUST00089,269.97,Debit Card,Jaipur,15,Low,IP Mismatch,2023-05-14,17:17:29
TXN00096047,CUST03300,253.67,AEPS,Bhopal,15,Low,IP Mismatch,2024-11-17,15:07:16
TXN00062980,CUST06071,252.16,UPI,Bhubaneswar,15,Low,IP Mismatch,2024-06-02,17:33:10
TXN00068431,CUST09885,238.83,UPI,Kochi,15,Low,IP Mismatch,2022-12-15,22:18:42
TXN00072555,CUST03251,236.85,Credit Card,Chennai,15,Low,IP Mismatch,2024-10-23,08:47:13
TXN00081783,CUST09427,234.86,Net Banking,Chennai,15,Low,IP Mismatch,2023-03-18,12:07:04
TXN00095294,CUST01889,233.09,UPI,Coimbatore,15,Low,IP Mismatch,2021-05-31,16:22:22
TXN00017351,CUST06999,232.77,UPI,Chennai,15,Low,IP Mismatch,2023-05-07,19:25:09
TXN00008329,CUST07171,232.67,UPI,Visakhapatnam,15,Low,IP Mismatch,2022-05-14,11:25:33
TXN00003126,CUST06126,228.94,UPI,Mysuru,15,Low,IP Mismatch,2021-03-28,18:34:48
TXN00012478,CUST01028,226.42,UPI,Visakhapatnam,15,Low,IP Mismatch,2023-12-07,07:30:55
TXN00048091,CUST01703,225.16,UPI,Patna,15,Low,IP Mismatch,2025-09-02,19:12:02
TXN00013893,CUST08181,223.48,Wallet,Noida,15,Low,IP Mismatch,2022-06-07,11:45:05
TXN00007953,CUST08145,217.8,Credit Card,Pune,15,Low,IP Mismatch,2022-10-26,08:56:53
TXN00056891,CUST04947,214.93,UPI,Kochi,15,Low,IP Mismatch,2023-11-20,23:31:11
TXN00098482,CUST09142,190.6,UPI,Bhubaneswar,15,Low,IP Mismatch,2022-07-14,20:36:02
TXN00044016,CUST09754,167.26,UPI,Bengaluru,15,Low,IP Mismatch,2022-11-18,13:23:50
TXN00072519,CUST01848,166.59,UPI,Jaipur,15,Low,IP Mismatch,2021-01-26,13:18:57
TXN00070374,CUST04074,164.19,Wallet,Bhopal,15,Low,IP Mismatch,2022-03-28,16:28:55
TXN00098053,CUST03308,159.24,Debit Card,Ahmedabad,15,Low,IP Mismatch,2022-09-15,18:08:12
TXN00092565,CUST08227,156.87,Wallet,Kolkata,15,Low,IP Mismatch,2024-11-15,21:12:11
TXN00058225,CUST07004,149.34,UPI,Mysuru,15,Low,IP Mismatch,2024-12-04,10:47:43
TXN00004676,CUST06474,144.05,Net Banking,Aurangabad,15,Low,IP Mismatch,2023-02-20,07:09:24
TXN00044589,CUST09562,136.28,Wallet,Mumbai,15,Low,IP Mismatch,2023-04-24,12:54:35
TXN00066597,CUST00481,107.25,Wallet,Patna,15,Low,IP Mismatch,2025-03-22,20:12:47
TXN00060673,CUST02891,97.1,Net Banking,Coimbatore,15,Low,IP Mismatch,2021-06-19,13:50:38
TXN00033457,CUST00316,96.08,Wallet,Thane,15,Low,IP Mismatch,2025-08-23,06:36:56
TXN00084031,CUST00570,80.48,AEPS,Nagpur,15,Low,IP Mismatch,2022-07-31,13:41:39
TXN00087130,CUST08499,44.0,UPI,Jaipur,15,Low,IP Mismatch,2023-12-27,06:16:31
TXN00039004,CUST06948,130647.46,UPI,Patna,10,Low,Unusual Hour,2022-07-24,03:19:08
TXN00061534,CUST06633,101307.77,Net Banking,Kolkata,10,Low,Unusual Hour,2021-05-23,22:46:04
TXN00064987,CUST02585,88733.77,UPI,Patna,10,Low,Unusual Hour,2024-12-12,21:15:08
TXN00037872,CUST05023,86814.66,UPI,Kochi,10,Low,Unusual Hour,2025-01-09,09:10:17
TXN00042749,CUST04063,83061.86,UPI,Aurangabad,10,Low,High Amount Anomaly,2021-11-25,00:20:30
TXN00048682,CUST02958,82366.2,Debit Card,Patna,10,Low,Unusual Hour,2023-07-04,23:29:08
TXN00083096,CUST08766,80640.03,Net Banking,Ranchi,10,Low,High Amount Anomaly,2023-06-25,04:37:27
TXN00035119,CUST08956,79766.47,UPI,Noida,10,Low,Unusual Hour,2024-07-03,21:26:21
TXN00064215,CUST00546,79225.41,UPI,Bengaluru,10,Low,High Amount Anomaly,2023-09-24,02:12:24
TXN00064213,CUST07002,77656.58,UPI,Vadodara,10,Low,High Amount Anomaly,2024-03-06,00:43:58
TXN00008327,CUST04147,77036.69,UPI,Thane,10,Low,High Amount Anomaly,2024-05-12,02:15:17
TXN00081686,CUST00717,73599.55,UPI,Thiruvananthapuram,10,Low,High Amount Anomaly,2025-12-28,02:33:10
TXN00004688,CUST02385,72498.39,UPI,Noida,10,Low,High Amount Anomaly,2025-03-30,00:37:12
TXN00036922,CUST01487,71121.63,UPI,Noida,10,Low,High Amount Anomaly,2024-07-20,00:10:19
TXN00035516,CUST08851,70878.24,Credit Card,Aurangabad,10,Low,High Amount Anomaly,2024-01-15,05:53:25
TXN00088376,CUST00821,68045.47,Wallet,Indore,10,Low,High Amount Anomaly,2025-11-22,00:42:57
TXN00028691,CUST09284,67417.41,Net Banking,Ahmedabad,10,Low,High Amount Anomaly,2021-03-29,02:21:32
TXN00095980,CUST06723,66004.5,Credit Card,Vadodara,10,Low,High Amount Anomaly,2025-10-21,04:50:26
TXN00043992,CUST03713,65935.66,Wallet,Visakhapatnam,10,Low,Repeated Failed Attempts,2025-10-08,01:06:04
TXN00087131,CUST07899,65698.56,UPI,Visakhapatnam,10,Low,High Amount Anomaly,2023-09-11,00:04:39
TXN00038728,CUST06453,65473.81,UPI,Bhopal,10,Low,High Amount Anomaly,2021-01-13,02:09:28
TXN00016037,CUST01816,62162.08,UPI,Chennai,10,Low,Velocity Attack,2023-10-30,04:06:14
TXN00027500,CUST07569,61698.93,Credit Card,Aurangabad,10,Low,High Amount Anomaly,2021-11-01,05:17:28
TXN00023601,CUST09386,60629.43,AEPS,Visakhapatnam,10,Low,Unusual Hour,2024-06-14,09:10:24
TXN00024309,CUST09349,59069.44,Credit Card,Ranchi,10,Low,Unusual Hour,2024-10-21,02:27:21
TXN00056538,CUST01176,57923.48,UPI,Indore,10,Low,Unusual Hour,2025-02-27,15:12:00
TXN00026665,CUST01249,54728.25,UPI,Noida,10,Low,Unusual Hour,2022-03-17,13:28:42
TXN00081260,CUST05666,53539.17,UPI,Indore,10,Low,High Amount Anomaly,2024-03-31,00:12:21
TXN00022368,CUST03064,53272.59,UPI,Bengaluru,10,Low,Unusual Hour,2023-10-19,18:42:15
TXN00072632,CUST08682,50366.51,Wallet,Vadodara,10,Low,High Amount Anomaly,2021-10-24,04:44:09
TXN00022035,CUST00061,50000.0,AEPS,Delhi,10,Low,High Amount Anomaly,2021-01-02,02:51:07
TXN00088878,CUST03401,50000.0,Credit Card,Pune,10,Low,High Amount Anomaly,2021-02-08,05:01:14
TXN00068202,CUST07878,50000.0,Debit Card,Pune,10,Low,High Amount Anomaly,2021-02-26,04:23:13
TXN00020274,CUST00101,50000.0,Debit Card,Thane,10,Low,High Amount Anomaly,2021-04-30,05:37:46
TXN00011828,CUST02025,50000.0,UPI,Navi Mumbai,10,Low,High Amount Anomaly,2021-05-02,02:17:33
TXN00071273,CUST07588,50000.0,UPI,Nagpur,10,Low,High Amount Anomaly,2021-05-10,02:11:11
TXN00066356,CUST09580,50000.0,UPI,Aurangabad,10,Low,High Amount Anomaly,2021-05-20,03:23:16
TXN00052840,CUST01645,50000.0,UPI,Chennai,10,Low,High Amount Anomaly,2021-06-17,04:22:41
TXN00092579,CUST01698,50000.0,UPI,Chennai,10,Low,High Amount Anomaly,2021-07-31,00:30:53
TXN00081502,CUST07702,50000.0,UPI,Chandigarh,10,Low,High Amount Anomaly,2021-08-28,02:25:01
TXN00062144,CUST00779,50000.0,UPI,Pune,10,Low,High Amount Anomaly,2021-09-26,01:22:36
TXN00033783,CUST00411,50000.0,Credit Card,Hyderabad,10,Low,High Amount Anomaly,2021-10-10,01:44:27
TXN00070465,CUST08961,50000.0,Credit Card,Ranchi,10,Low,High Amount Anomaly,2021-10-27,03:23:22
TXN00082734,CUST08329,50000.0,Credit Card,Mysuru,10,Low,High Amount Anomaly,2021-11-23,04:20:47
TXN00054058,CUST04029,50000.0,Debit Card,Patna,10,Low,High Amount Anomaly,2021-12-28,04:45:07
TXN00036065,CUST04430,50000.0,UPI,Ahmedabad,10,Low,High Amount Anomaly,2022-01-03,02:49:26
TXN00035771,CUST09624,50000.0,UPI,Surat,10,Low,High Amount Anomaly,2022-01-11,04:23:25
TXN00071810,CUST02065,50000.0,UPI,Vadodara,10,Low,High Amount Anomaly,2022-01-21,02:00:44
TXN00093971,CUST02882,50000.0,UPI,Aurangabad,10,Low,High Amount Anomaly,2022-01-23,04:28:02
TXN00078836,CUST09243,50000.0,AEPS,Thane,10,Low,High Amount Anomaly,2022-02-10,04:17:51
TXN00094483,CUST01928,50000.0,Debit Card,Ahmedabad,10,Low,High Amount Anomaly,2022-02-21,00:37:37
TXN00093532,CUST07435,50000.0,UPI,Gurugram,10,Low,High Amount Anomaly,2022-02-22,01:12:37
TXN00086026,CUST09472,50000.0,UPI,Patna,10,Low,High Amount Anomaly,2022-02-22,01:35:27
TXN00088513,CUST07816,50000.0,UPI,Gurugram,10,Low,High Amount Anomaly,2022-03-12,05:34:06
TXN00027155,CUST09895,50000.0,UPI,Noida,10,Low,High Amount Anomaly,2022-03-19,05:10:12
TXN00059637,CUST01560,50000.0,UPI,Noida,10,Low,High Amount Anomaly,2022-04-05,03:37:17
TXN00079602,CUST03314,50000.0,UPI,Lucknow,10,Low,High Amount Anomaly,2022-05-04,00:40:33
TXN00047713,CUST07408,50000.0,UPI,Gurugram,10,Low,High Amount Anomaly,2022-05-11,01:25:20
TXN00081541,CUST03187,50000.0,UPI,Kochi,10,Low,High Amount Anomaly,2022-06-24,02:15:26
TXN00057329,CUST09277,50000.0,UPI,Visakhapatnam,10,Low,High Amount Anomaly,2022-06-30,00:37:40
TXN00010254,CUST00555,50000.0,UPI,Coimbatore,10,Low,High Amount Anomaly,2022-07-30,05:32:28
TXN00083851,CUST09122,50000.0,Credit Card,Lucknow,10,Low,High Amount Anomaly,2022-09-18,04:10:46
TXN00005805,CUST03271,50000.0,UPI,Indore,10,Low,High Amount Anomaly,2022-09-28,03:31:25
TXN00063060,CUST08375,50000.0,UPI,Surat,10,Low,High Amount Anomaly,2022-10-07,00:42:32
TXN00034784,CUST09249,50000.0,Debit Card,Thiruvananthapuram,10,Low,High Amount Anomaly,2022-10-08,03:03:14
TXN00038150,CUST00682,50000.0,UPI,Visakhapatnam,10,Low,High Amount Anomaly,2022-10-11,02:28:33
TXN00058709,CUST02741,50000.0,Credit Card,Bhubaneswar,10,Low,High Amount Anomaly,2022-10-12,03:19:22
TXN00059430,CUST03833,50000.0,UPI,Jaipur,10,Low,High Amount Anomaly,2022-10-17,03:48:53
TXN00058227,CUST00589,50000.0,Credit Card,Indore,10,Low,High Amount Anomaly,2022-10-24,03:25:23
TXN00021793,CUST04789,50000.0,Debit Card,Gurugram,10,Low,High Amount Anomaly,2022-10-24,04:45:35
TXN00029708,CUST02137,50000.0,Wallet,Nashik,10,Low,High Amount Anomaly,2022-11-05,04:09:13
TXN00096179,CUST09699,50000.0,Debit Card,Jaipur,10,Low,High Amount Anomaly,2022-11-14,00:43:36
TXN00036558,CUST02786,50000.0,UPI,Aurangabad,10,Low,High Amount Anomaly,2022-12-06,05:34:57
TXN00093187,CUST04681,50000.0,Credit Card,Hyderabad,10,Low,High Amount Anomaly,2022-12-21,02:56:50
TXN00034304,CUST03110,50000.0,UPI,Indore,10,Low,High Amount Anomaly,2022-12-26,05:07:54
TXN00000592,CUST03098,50000.0,UPI,Delhi,10,Low,High Amount Anomaly,2023-01-28,04:56:40
TXN00015953,CUST06242,50000.0,Credit Card,Patna,10,Low,High Amount Anomaly,2023-02-01,00:58:59
TXN00093201,CUST01696,50000.0,Credit Card,Visakhapatnam,10,Low,High Amount Anomaly,2023-02-06,02:47:28
TXN00058268,CUST03545,50000.0,UPI,Patna,10,Low,High Amount Anomaly,2023-02-14,00:52:48
TXN00009256,CUST06878,50000.0,Net Banking,Surat,10,Low,High Amount Anomaly,2023-02-19,05:25:07
TXN00001828,CUST07816,50000.0,Credit Card,Gurugram,10,Low,High Amount Anomaly,2023-03-27,04:15:46
TXN00025430,CUST00413,50000.0,UPI,Vadodara,10,Low,High Amount Anomaly,2023-04-04,02:23:38
TXN00001553,CUST08439,50000.0,Net Banking,Bhubaneswar,10,Low,High Amount Anomaly,2023-05-05,05:23:02
TXN00060904,CUST00350,50000.0,AEPS,Bhubaneswar,10,Low,High Amount Anomaly,2023-05-06,03:22:50
TXN00017888,CUST08634,50000.0,UPI,Pune,10,Low,High Amount Anomaly,2023-06-06,01:24:40
TXN00019541,CUST02127,50000.0,Debit Card,Thiruvananthapuram,10,Low,High Amount Anomaly,2023-07-08,00:56:25
TXN00067957,CUST03236,50000.0,UPI,Pune,10,Low,High Amount Anomaly,2023-07-12,03:08:26
TXN00030253,CUST09163,50000.0,Net Banking,Vadodara,10,Low,High Amount Anomaly,2023-07-21,00:50:57
TXN00078684,CUST09110,50000.0,Credit Card,Patna,10,Low,High Amount Anomaly,2023-08-07,02:09:53
TXN00051991,CUST09723,50000.0,UPI,Vadodara,10,Low,High Amount Anomaly,2023-08-19,00:50:46
TXN00049417,CUST03451,50000.0,UPI,Mumbai,10,Low,High Amount Anomaly,2023-08-21,00:57:08
TXN00093241,CUST09007,50000.0,UPI,Ahmedabad,10,Low,High Amount Anomaly,2023-08-31,01:34:29
TXN00053758,CUST08010,50000.0,UPI,Bengaluru,10,Low,High Amount Anomaly,2023-09-22,01:16:02
TXN00018779,CUST01905,50000.0,UPI,Patna,10,Low,High Amount Anomaly,2023-10-20,01:10:09
TXN00084936,CUST03978,50000.0,Net Banking,Ahmedabad,10,Low,High Amount Anomaly,2023-10-23,03:53:25
TXN00036460,CUST00584,50000.0,Net Banking,Noida,10,Low,High Amount Anomaly,2023-10-26,01:03:22
TXN00058553,CUST05152,50000.0,UPI,Mysuru,10,Low,High Amount Anomaly,2023-10-30,05:34:41
TXN00084471,CUST08667,50000.0,Wallet,Bhubaneswar,10,Low,High Amount Anomaly,2023-11-18,03:55:27
TXN00017028,CUST06388,50000.0,Credit Card,Hyderabad,10,Low,High Amount Anomaly,2023-11-19,02:30:05
TXN00054917,CUST05125,50000.0,Debit Card,Coimbatore,10,Low,High Amount Anomaly,2023-11-28,00:38:56
TXN00009500,CUST05236,50000.0,UPI,Noida,10,Low,High Amount Anomaly,2023-12-03,04:28:58
TXN00010162,CUST07116,50000.0,UPI,Ranchi,10,Low,High Amount Anomaly,2023-12-04,03:48:53
TXN00063462,CUST01370,50000.0,Wallet,Bengaluru,10,Low,High Amount Anomaly,2023-12-12,05:04:39
TXN00013010,CUST09031,50000.0,UPI,Navi Mumbai,10,Low,High Amount Anomaly,2023-12-25,01:24:25
TXN00009186,CUST06755,50000.0,Debit Card,Indore,10,Low,High Amount Anomaly,2023-12-28,00:01:45
TXN00066875,CUST07688,50000.0,Credit Card,Bengaluru,10,Low,High Amount Anomaly,2024-01-06,03:18:08
TXN00066503,CUST04453,50000.0,UPI,Visakhapatnam,10,Low,High Amount Anomaly,2024-01-20,02:59:51
TXN00040322,CUST04770,50000.0,Net Banking,Mysuru,10,Low,High Amount Anomaly,2024-02-07,00:43:10
TXN00023079,CUST07411,50000.0,Debit Card,Pune,10,Low,High Amount Anomaly,2024-03-22,01:24:33
TXN00008499,CUST08840,50000.0,UPI,Bengaluru,10,Low,High Amount Anomaly,2024-03-28,02:16:35
TXN00076337,CUST06667,50000.0,Net Banking,Navi Mumbai,10,Low,High Amount Anomaly,2024-04-05,01:16:14
TXN00002967,CUST05188,50000.0,UPI,Delhi,10,Low,High Amount Anomaly,2024-04-19,01:44:39
TXN00028621,CUST08780,50000.0,UPI,Delhi,10,Low,High Amount Anomaly,2024-04-21,04:00:12
TXN00061114,CUST09298,50000.0,UPI,Vadodara,10,Low,High Amount Anomaly,2024-05-14,04:58:34
TXN00073012,CUST05048,50000.0,Wallet,Indore,10,Low,High Amount Anomaly,2024-05-17,00:12:34
TXN00030460,CUST06500,50000.0,Net Banking,Aurangabad,10,Low,High Amount Anomaly,2024-06-07,01:43:23
TXN00056138,CUST03755,50000.0,Debit Card,Visakhapatnam,10,Low,High Amount Anomaly,2024-06-22,03:05:03
TXN00080838,CUST09229,50000.0,UPI,Delhi,10,Low,High Amount Anomaly,2024-07-20,01:39:41
TXN00011984,CUST00447,50000.0,UPI,Bengaluru,10,Low,High Amount Anomaly,2024-08-10,05:12:45
TXN00027300,CUST01541,50000.0,UPI,Navi Mumbai,10,Low,High Amount Anomaly,2024-08-15,04:28:35
TXN00063867,CUST07714,50000.0,UPI,Bhubaneswar,10,Low,High Amount Anomaly,2024-08-26,00:41:30
TXN00065104,CUST09575,50000.0,UPI,Kolkata,10,Low,High Amount Anomaly,2024-09-03,00:31:59
TXN00025556,CUST03288,50000.0,Wallet,Kolkata,10,Low,High Amount Anomaly,2024-09-11,02:09:26
TXN00020610,CUST02114,50000.0,Net Banking,Patna,10,Low,High Amount Anomaly,2024-10-07,02:26:47
TXN00047747,CUST03146,50000.0,Credit Card,Vadodara,10,Low,High Amount Anomaly,2024-10-14,01:03:23
TXN00026182,CUST03741,50000.0,UPI,Mysuru,10,Low,High Amount Anomaly,2024-11-06,05:05:56
TXN00020439,CUST04968,50000.0,UPI,Surat,10,Low,High Amount Anomaly,2024-12-19,02:33:47
TXN00016833,CUST07231,50000.0,UPI,Ranchi,10,Low,High Amount Anomaly,2024-12-24,00:49:08
TXN00095380,CUST04003,50000.0,UPI,Lucknow,10,Low,High Amount Anomaly,2024-12-30,02:19:21
TXN00079538,CUST04737,50000.0,Net Banking,Jaipur,10,Low,High Amount Anomaly,2025-01-03,03:59:19
TXN00091836,CUST04659,50000.0,AEPS,Coimbatore,10,Low,High Amount Anomaly,2025-01-09,00:49:26
TXN00032572,CUST04279,50000.0,Debit Card,Bhubaneswar,10,Low,High Amount Anomaly,2025-01-22,00:52:07
TXN00049063,CUST06194,50000.0,Net Banking,Mumbai,10,Low,High Amount Anomaly,2025-01-31,00:25:52
TXN00066661,CUST05772,50000.0,Credit Card,Chandigarh,10,Low,High Amount Anomaly,2025-02-05,04:14:54
TXN00019871,CUST06354,50000.0,Wallet,Mumbai,10,Low,High Amount Anomaly,2025-02-11,05:03:53
TXN00055470,CUST05094,50000.0,UPI,Chandigarh,10,Low,High Amount Anomaly,2025-02-12,02:59:22
TXN00038651,CUST08776,50000.0,Net Banking,Bhubaneswar,10,Low,High Amount Anomaly,2025-02-21,02:56:10
TXN00055357,CUST06502,50000.0,UPI,Gurugram,10,Low,High Amount Anomaly,2025-02-25,05:56:47
TXN00086970,CUST06032,50000.0,UPI,Nashik,10,Low,High Amount Anomaly,2025-03-08,03:34:08
TXN00096795,CUST07855,50000.0,UPI,Bengaluru,10,Low,High Amount Anomaly,2025-04-04,04:49:05
TXN00066200,CUST07783,50000.0,UPI,Ahmedabad,10,Low,High Amount Anomaly,2025-05-22,03:07:41
TXN00024174,CUST04953,50000.0,UPI,Delhi,10,Low,High Amount Anomaly,2025-06-19,01:48:12
TXN00001613,CUST09893,50000.0,Debit Card,Hyderabad,10,Low,High Amount Anomaly,2025-06-28,05:47:31
TXN00094443,CUST04236,50000.0,Credit Card,Ranchi,10,Low,High Amount Anomaly,2025-07-06,02:44:20
TXN00021284,CUST07542,50000.0,Net Banking,Navi Mumbai,10,Low,High Amount Anomaly,2025-07-19,00:31:11
TXN00073900,CUST07481,50000.0,UPI,Bhubaneswar,10,Low,High Amount Anomaly,2025-07-20,05:24:24
TXN00073749,CUST07557,50000.0,UPI,Surat,10,Low,High Amount Anomaly,2025-09-04,01:30:47
TXN00098177,CUST06441,50000.0,Debit Card,Patna,10,Low,High Amount Anomaly,2025-09-13,00:46:26
TXN00016551,CUST09817,50000.0,UPI,Aurangabad,10,Low,High Amount Anomaly,2025-10-20,02:40:39
TXN00099251,CUST05165,50000.0,UPI,Bhubaneswar,10,Low,High Amount Anomaly,2025-10-27,03:16:16
TXN00032594,CUST07833,50000.0,Credit Card,Ranchi,10,Low,High Amount Anomaly,2025-11-17,04:27:53
TXN00043698,CUST08517,50000.0,Credit Card,Surat,10,Low,High Amount Anomaly,2025-11-25,04:28:31
TXN00073518,CUST05817,50000.0,UPI,Pune,10,Low,High Amount Anomaly,2025-12-01,02:48:17
TXN00084301,CUST05571,50000.0,Wallet,Visakhapatnam,10,Low,High Amount Anomaly,2025-12-01,05:24:56
TXN00009231,CUST03905,50000.0,UPI,Ranchi,10,Low,High Amount Anomaly,2025-12-02,00:30:50
TXN00096157,CUST07687,50000.0,UPI,Thane,10,Low,High Amount Anomaly,2025-12-16,02:56:44
TXN00087989,CUST03461,48698.65,UPI,Surat,10,Low,Unusual Hour,2022-07-23,13:57:58
TXN00069916,CUST02803,48669.49,Credit Card,Visakhapatnam,10,Low,Unusual Hour,2023-05-31,23:31:32
TXN00007935,CUST05636,47432.02,UPI,Ahmedabad,10,Low,Velocity Attack,2025-10-25,02:59:17
TXN00083542,CUST07764,45636.32,Credit Card,Noida,10,Low,Repeated Failed Attempts,2025-04-02,02:45:01
TXN00023356,CUST03527,44652.03,Credit Card,Mysuru,10,Low,Repeated Failed Attempts,2022-11-24,05:46:04
TXN00068874,CUST09256,38882.24,Wallet,Patna,10,Low,Unusual Hour,2025-04-22,08:10:05
TXN00079914,CUST03264,38631.33,UPI,Pune,10,Low,Velocity Attack,2025-05-31,03:46:48
TXN00076192,CUST04224,38615.82,Credit Card,Vadodara,10,Low,Unusual Hour,2021-08-13,04:36:46
TXN00047282,CUST07772,36385.25,Debit Card,Ranchi,10,Low,Unusual Hour,2023-04-10,14:29:19
TXN00044681,CUST09822,36317.49,UPI,Mysuru,10,Low,Velocity Attack,2022-06-19,00:29:56
TXN00007725,CUST08831,34722.58,Credit Card,Nashik,10,Low,Unusual Hour,2022-05-13,19:56:51
TXN00055702,CUST04613,34422.18,UPI,Thane,10,Low,Unusual Hour,2025-07-28,21:34:38
TXN00091492,CUST03532,34087.57,Debit Card,Bhubaneswar,10,Low,Unusual Hour,2024-09-09,21:03:51
TXN00095740,CUST08747,33434.91,UPI,Chandigarh,10,Low,Unusual Hour,2025-01-10,11:39:44
TXN00058016,CUST07534,32845.15,UPI,Nashik,10,Low,Unusual Hour,2025-02-08,16:58:03
TXN00070688,CUST02788,31962.08,Debit Card,Thiruvananthapuram,10,Low,Repeated Failed Attempts,2021-01-26,03:58:54
TXN00003962,CUST03306,31804.5,Wallet,Kochi,10,Low,Unusual Hour,2021-12-23,21:48:40
TXN00010220,CUST01331,30875.51,UPI,Kochi,10,Low,Unusual Hour,2022-12-09,00:05:01
TXN00052424,CUST01336,29734.77,UPI,Chennai,10,Low,Unusual Hour,2023-02-13,17:03:33
TXN00030561,CUST02167,27650.21,UPI,Gurugram,10,Low,Unusual Hour,2025-05-16,22:46:45
TXN00023880,CUST04763,25972.92,UPI,Jaipur,10,Low,Repeated Failed Attempts,2023-01-14,02:27:54
TXN00022501,CUST01081,25398.21,UPI,Visakhapatnam,10,Low,Unusual Hour,2024-04-28,09:30:04
TXN00060453,CUST01460,25360.16,UPI,Delhi,10,Low,Unusual Hour,2022-09-05,00:34:23
TXN00049124,CUST07548,24970.15,UPI,Thiruvananthapuram,10,Low,Velocity Attack,2024-09-08,05:00:45
TXN00024191,CUST07958,23991.23,Credit Card,Ahmedabad,10,Low,Repeated Failed Attempts,2023-12-05,04:57:31
TXN00012142,CUST08369,23804.34,UPI,Mumbai,10,Low,Unusual Hour,2022-05-23,09:43:53
TXN00086781,CUST01486,22544.04,UPI,Kolkata,10,Low,Unusual Hour,2024-07-03,06:51:06
TXN00046865,CUST02236,22501.45,UPI,Ranchi,10,Low,Repeated Failed Attempts,2021-05-12,01:39:59
TXN00093704,CUST09616,22171.31,UPI,Nashik,10,Low,Unusual Hour,2023-01-04,00:09:48
TXN00039831,CUST08688,21570.62,UPI,Bhopal,10,Low,Velocity Attack,2021-06-21,01:17:16
TXN00080270,CUST03323,21521.31,Net Banking,Patna,10,Low,Unusual Hour,2025-04-29,12:41:56
TXN00038599,CUST00893,21471.43,AEPS,Mumbai,10,Low,Unusual Hour,2022-11-10,11:13:48
TXN00062126,CUST06711,21136.32,UPI,Hyderabad,10,Low,Unusual Hour,2025-08-06,16:39:41
TXN00086578,CUST04728,20971.81,UPI,Lucknow,10,Low,Unusual Hour,2024-08-11,12:59:10
TXN00014236,CUST03731,20835.53,Wallet,Kochi,10,Low,Unusual Hour,2022-07-26,06:03:03
TXN00008510,CUST00383,20645.79,UPI,Mumbai,10,Low,Velocity Attack,2021-10-22,01:21:17
TXN00012832,CUST04716,20214.38,UPI,Surat,10,Low,Unusual Hour,2021-10-28,10:26:08
TXN00000900,CUST04286,20015.52,Credit Card,Lucknow,10,Low,Unusual Hour,2021-07-28,15:42:13
TXN00016228,CUST03760,18114.78,UPI,Thane,10,Low,Repeated Failed Attempts,2023-02-13,00:41:55
TXN00011190,CUST03027,17976.21,UPI,Mysuru,10,Low,Velocity Attack,2022-11-13,00:10:42
TXN00043570,CUST06586,17302.1,UPI,Coimbatore,10,Low,Unusual Hour,2024-08-13,11:35:14
TXN00041334,CUST08492,15480.61,UPI,Lucknow,10,Low,Unusual Hour,2021-01-23,20:41:17
TXN00043433,CUST07188,15314.14,UPI,Nashik,10,Low,Unusual Hour,2023-02-14,08:24:56
TXN00050901,CUST01684,14883.52,UPI,Ahmedabad,10,Low,Unusual Hour,2022-06-04,18:10:01
TXN00014495,CUST08929,14557.23,Credit Card,Mysuru,10,Low,Repeated Failed Attempts,2025-05-11,04:18:30
TXN00098553,CUST08924,14375.94,UPI,Mysuru,10,Low,Unusual Hour,2021-02-17,20:13:00
TXN00072344,CUST01658,13879.46,UPI,Mysuru,10,Low,Unusual Hour,2024-11-25,14:52:48
TXN00052806,CUST01426,13461.05,Debit Card,Bhubaneswar,10,Low,Repeated Failed Attempts,2023-07-18,03:22:46
TXN00043807,CUST06852,13238.45,Credit Card,Chennai,10,Low,Unusual Hour,2021-09-30,19:38:59
TXN00019299,CUST03188,13234.57,UPI,Patna,10,Low,Velocity Attack,2023-09-02,00:43:08
TXN00080481,CUST06258,13219.69,Credit Card,Ahmedabad,10,Low,Repeated Failed Attempts,2025-04-10,03:05:27
TXN00037702,CUST01618,13139.48,UPI,Bhopal,10,Low,Repeated Failed Attempts,2021-07-21,04:02:33
TXN00057969,CUST04818,13061.15,UPI,Navi Mumbai,10,Low,Velocity Attack,2022-11-21,03:56:14
TXN00049226,CUST08469,12587.81,UPI,Ahmedabad,10,Low,Unusual Hour,2025-12-26,06:11:47
TXN00072907,CUST01136,12444.48,UPI,Bengaluru,10,Low,Unusual Hour,2022-05-04,10:50:56
TXN00056643,CUST05203,12406.24,Net Banking,Indore,10,Low,Unusual Hour,2021-04-03,12:57:07
TXN00076518,CUST06057,12088.86,UPI,Gurugram,10,Low,Unusual Hour,2021-05-08,13:06:47
TXN00028946,CUST05705,11400.8,UPI,Thiruvananthapuram,10,Low,Unusual Hour,2022-08-11,06:15:43
TXN00005673,CUST03031,11345.84,UPI,Bhubaneswar,10,Low,Unusual Hour,2021-08-26,07:55:39
TXN00013101,CUST05570,11278.02,UPI,Visakhapatnam,10,Low,Velocity Attack,2021-07-04,03:46:17
TXN00095507,CUST02851,11144.9,UPI,Mumbai,10,Low,Velocity Attack,2022-06-19,00:46:40
TXN00024895,CUST04589,10929.56,Wallet,Kochi,10,Low,Unusual Hour,2022-07-24,13:54:29
TXN00060910,CUST04359,10617.51,UPI,Navi Mumbai,10,Low,Velocity Attack,2024-11-17,02:14:20
TXN00017556,CUST09194,10427.56,UPI,Noida,10,Low,Unusual Hour,2025-07-31,19:19:39
TXN00048844,CUST06330,10116.45,UPI,Mysuru,10,Low,Unusual Hour,2024-04-22,00:30:04
TXN00052513,CUST08966,9886.88,UPI,Hyderabad,10,Low,Unusual Hour,2021-03-26,20:32:26
TXN00081921,CUST05067,9830.93,UPI,Mumbai,10,Low,Unusual Hour,2024-03-12,15:01:13
TXN00088763,CUST01007,9785.29,UPI,Thiruvananthapuram,10,Low,Unusual Hour,2025-11-26,12:00:34
TXN00024890,CUST02434,9315.57,Net Banking,Mysuru,10,Low,Unusual Hour,2022-05-23,05:17:38
TXN00033727,CUST00355,9275.72,UPI,Bhubaneswar,10,Low,Unusual Hour,2021-10-10,04:38:33
TXN00044768,CUST06188,8904.5,UPI,Vadodara,10,Low,Velocity Attack,2021-10-14,05:59:20
TXN00032574,CUST09211,8471.68,UPI,Bhopal,10,Low,Repeated Failed Attempts,2024-08-15,00:55:39
TXN00004229,CUST09392,8350.24,UPI,Mysuru,10,Low,Repeated Failed Attempts,2025-10-17,02:58:49
TXN00039118,CUST05357,8190.83,Wallet,Bhopal,10,Low,Unusual Hour,2024-11-15,05:09:57
TXN00015350,CUST06051,8176.03,Wallet,Bhubaneswar,10,Low,Repeated Failed Attempts,2024-01-02,05:14:54
TXN00043369,CUST04474,8126.34,UPI,Bhopal,10,Low,Unusual Hour,2025-12-30,17:16:15
TXN00021985,CUST01705,8093.84,UPI,Kochi,10,Low,Unusual Hour,2025-07-30,07:04:19
TXN00056358,CUST00682,8088.24,UPI,Visakhapatnam,10,Low,Unusual Hour,2024-12-11,18:13:14
TXN00088220,CUST08064,8007.11,Net Banking,Thiruvananthapuram,10,Low,Unusual Hour,2022-06-08,19:35:43
TXN00071664,CUST04560,7901.83,UPI,Pune,10,Low,Unusual Hour,2021-08-15,08:57:25
TXN00006453,CUST04535,7701.2,UPI,Mysuru,10,Low,Unusual Hour,2022-07-21,03:17:22
TXN00052903,CUST09608,7641.26,UPI,Mysuru,10,Low,Unusual Hour,2023-09-16,04:34:06
TXN00004769,CUST04712,7595.73,UPI,Surat,10,Low,Velocity Attack,2022-03-21,02:35:46
TXN00053163,CUST08760,7533.24,UPI,Hyderabad,10,Low,Unusual Hour,2025-01-20,00:09:35
TXN00010333,CUST02328,7261.12,UPI,Delhi,10,Low,Unusual Hour,2023-04-23,20:10:41
TXN00087295,CUST09225,7060.78,Debit Card,Indore,10,Low,Unusual Hour,2021-01-03,16:53:55
TXN00027495,CUST02269,6870.15,Wallet,Mysuru,10,Low,Unusual Hour,2023-08-17,12:22:58
TXN00050878,CUST04070,6825.52,Debit Card,Vadodara,10,Low,Unusual Hour,2023-02-19,00:23:12
TXN00044872,CUST09357,6798.94,UPI,Visakhapatnam,10,Low,Unusual Hour,2025-10-23,00:52:24
TXN00051963,CUST01547,6795.85,UPI,Lucknow,10,Low,Unusual Hour,2024-12-03,05:10:14
TXN00024879,CUST03204,6552.41,UPI,Gurugram,10,Low,Unusual Hour,2025-01-12,07:25:45
TXN00091967,CUST06196,6513.87,Net Banking,Hyderabad,10,Low,Unusual Hour,2023-05-22,08:55:32
TXN00097094,CUST00974,6177.08,UPI,Kochi,10,Low,Velocity Attack,2023-04-05,02:24:48
TXN00059719,CUST05179,6117.36,Wallet,Kochi,10,Low,Unusual Hour,2022-08-02,05:46:20
TXN00037101,CUST00658,6096.21,UPI,Noida,10,Low,Unusual Hour,2021-04-20,08:27:09
TXN00066973,CUST02385,5939.78,Wallet,Noida,10,Low,Unusual Hour,2024-03-01,06:13:18
TXN00082373,CUST05203,5662.17,UPI,Indore,10,Low,Unusual Hour,2022-10-27,17:25:17
TXN00040010,CUST02239,5640.34,UPI,Hyderabad,10,Low,Repeated Failed Attempts,2024-12-13,00:51:57
TXN00065591,CUST09934,5361.46,UPI,Bengaluru,10,Low,Unusual Hour,2025-07-14,08:40:12
TXN00011711,CUST02081,5283.03,UPI,Thiruvananthapuram,10,Low,Velocity Attack,2024-04-19,00:21:07
TXN00014774,CUST09489,5137.22,UPI,Aurangabad,10,Low,Velocity Attack,2024-06-05,00:07:33
TXN00047658,CUST00258,4991.83,Debit Card,Vadodara,10,Low,Repeated Failed Attempts,2023-01-08,04:24:34
TXN00095019,CUST07593,4991.74,UPI,Chandigarh,10,Low,Velocity Attack,2025-11-23,03:54:39
TXN00091301,CUST07889,4965.5,UPI,Thiruvananthapuram,10,Low,Unusual Hour,2024-03-12,04:30:59
TXN00077104,CUST06419,4963.06,UPI,Gurugram,10,Low,Unusual Hour,2022-01-13,08:44:46
TXN00050907,CUST02778,4928.25,UPI,Bengaluru,10,Low,Unusual Hour,2021-06-30,04:25:34
TXN00041495,CUST03235,4863.89,Debit Card,Chennai,10,Low,Unusual Hour,2021-12-17,08:40:18
TXN00004713,CUST09274,4863.22,UPI,Gurugram,10,Low,Velocity Attack,2022-02-03,01:47:00
TXN00017096,CUST02129,4823.0,UPI,Navi Mumbai,10,Low,Repeated Failed Attempts,2021-03-04,01:29:10
TXN00052022,CUST07886,4802.24,Debit Card,Chandigarh,10,Low,Unusual Hour,2024-12-02,18:56:18
TXN00053573,CUST08424,4789.43,Net Banking,Thiruvananthapuram,10,Low,Unusual Hour,2023-04-12,06:11:29
TXN00000045,CUST00193,4776.63,UPI,Thiruvananthapuram,10,Low,Unusual Hour,2022-12-07,20:39:08
TXN00094415,CUST00013,4740.11,AEPS,Kochi,10,Low,Unusual Hour,2023-05-28,17:29:03
TXN00012329,CUST05628,4627.31,AEPS,Navi Mumbai,10,Low,Repeated Failed Attempts,2022-06-29,01:49:30
TXN00007904,CUST03250,4624.83,Net Banking,Delhi,10,Low,Unusual Hour,2025-01-20,19:09:07
TXN00015190,CUST06825,4604.14,Net Banking,Aurangabad,10,Low,Unusual Hour,2024-01-22,03:16:28
TXN00084720,CUST09506,4588.56,Credit Card,Vadodara,10,Low,Repeated Failed Attempts,2023-03-23,03:32:05
TXN00092527,CUST07436,4588.15,UPI,Mysuru,10,Low,Repeated Failed Attempts,2023-05-22,04:59:19
TXN00055563,CUST05501,4504.23,Net Banking,Nagpur,10,Low,Unusual Hour,2021-06-26,13:48:21
TXN00090027,CUST05909,4458.7,Net Banking,Bhopal,10,Low,Unusual Hour,2023-07-30,02:32:12
TXN00005840,CUST05394,4319.96,Credit Card,Patna,10,Low,Unusual Hour,2025-08-07,23:49:34
TXN00078170,CUST04151,4259.1,UPI,Chennai,10,Low,Unusual Hour,2021-08-07,15:18:21
TXN00027387,CUST00254,4244.02,Debit Card,Noida,10,Low,Unusual Hour,2022-06-02,16:21:35
TXN00065052,CUST09580,4224.0,UPI,Aurangabad,10,Low,Repeated Failed Attempts,2025-03-12,04:38:30
TXN00085357,CUST07249,4154.65,UPI,Mysuru,10,Low,Unusual Hour,2023-09-06,19:04:59
TXN00057749,CUST07970,4094.41,UPI,Ranchi,10,Low,Repeated Failed Attempts,2023-01-27,05:22:53
TXN00041482,CUST07516,4088.53,UPI,Chandigarh,10,Low,Unusual Hour,2024-04-26,06:34:17
TXN00032390,CUST06648,4044.46,Credit Card,Mysuru,10,Low,Unusual Hour,2025-10-05,03:41:29
TXN00080781,CUST02991,3975.49,Debit Card,Kolkata,10,Low,Unusual Hour,2021-10-26,01:08:18
TXN00067274,CUST00422,3850.22,Debit Card,Ahmedabad,10,Low,Unusual Hour,2022-03-08,05:58:48
TXN00003370,CUST03208,3846.91,UPI,Indore,10,Low,Unusual Hour,2021-12-01,08:05:47
TXN00087518,CUST09848,3766.62,Credit Card,Ranchi,10,Low,Unusual Hour,2024-08-18,18:33:50
TXN00023175,CUST01888,3746.53,Credit Card,Ranchi,10,Low,Unusual Hour,2025-08-08,15:51:00
TXN00002442,CUST07809,3735.39,Net Banking,Nashik,10,Low,Unusual Hour,2025-08-16,17:33:15
TXN00049703,CUST04239,3729.47,UPI,Mumbai,10,Low,Velocity Attack,2024-06-25,02:37:27
TXN00047935,CUST00389,3516.01,UPI,Chandigarh,10,Low,Unusual Hour,2021-11-22,03:20:16
TXN00082006,CUST07137,3503.56,UPI,Gurugram,10,Low,Unusual Hour,2024-11-06,23:38:30
TXN00030187,CUST03604,3453.26,UPI,Indore,10,Low,Velocity Attack,2024-12-07,05:55:16
TXN00034490,CUST04544,3301.02,UPI,Mysuru,10,Low,Repeated Failed Attempts,2022-01-05,03:48:34
TXN00068706,CUST08540,3274.3,Credit Card,Mysuru,10,Low,Unusual Hour,2024-03-04,18:10:16
TXN00007786,CUST08815,3224.91,Credit Card,Vadodara,10,Low,Unusual Hour,2021-01-25,01:12:24
TXN00012922,CUST07746,3207.07,UPI,Surat,10,Low,Velocity Attack,2022-01-10,05:00:07
TXN00033128,CUST03358,3194.1,UPI,Surat,10,Low,Unusual Hour,2025-07-11,10:13:22
TXN00057198,CUST06784,3176.16,Credit Card,Ahmedabad,10,Low,Repeated Failed Attempts,2023-11-09,03:27:05
TXN00042284,CUST06165,3154.18,UPI,Bhopal,10,Low,Unusual Hour,2025-10-30,12:49:49
TXN00025464,CUST06738,3153.28,Wallet,Noida,10,Low,Unusual Hour,2024-08-16,11:59:04
TXN00091480,CUST00317,3109.11,Net Banking,Chandigarh,10,Low,Unusual Hour,2025-03-20,08:45:27
TXN00041336,CUST06634,3083.96,UPI,Thane,10,Low,Repeated Failed Attempts,2022-09-16,00:21:28
TXN00080092,CUST09408,3063.87,UPI,Indore,10,Low,Unusual Hour,2025-08-03,22:25:12
TXN00079036,CUST07816,3061.43,UPI,Gurugram,10,Low,Velocity Attack,2025-08-15,05:40:42
TXN00093916,CUST03161,3059.29,UPI,Patna,10,Low,Unusual Hour,2024-10-16,19:17:29
TXN00023014,CUST03886,3046.72,UPI,Bengaluru,10,Low,Velocity Attack,2024-08-16,01:41:57
TXN00042261,CUST00965,3043.0,UPI,Navi Mumbai,10,Low,Repeated Failed Attempts,2022-03-13,02:41:58
TXN00071207,CUST01668,3021.38,Debit Card,Visakhapatnam,10,Low,Unusual Hour,2023-04-03,18:00:27
TXN00010882,CUST04912,2941.31,UPI,Bengaluru,10,Low,Unusual Hour,2022-10-08,21:34:47
TXN00080264,CUST03559,2914.39,Credit Card,Nashik,10,Low,Unusual Hour,2023-05-25,20:22:31
TXN00032221,CUST03347,2902.63,Credit Card,Noida,10,Low,Unusual Hour,2021-12-30,05:05:42
TXN00037926,CUST04746,2891.82,UPI,Bhopal,10,Low,Unusual Hour,2021-03-27,16:19:42
TXN00036218,CUST07973,2882.17,UPI,Delhi,10,Low,Unusual Hour,2024-10-02,14:16:22
TXN00083268,CUST08904,2869.42,UPI,Lucknow,10,Low,Unusual Hour,2025-11-17,11:22:05
TXN00024070,CUST04612,2818.07,Wallet,Kolkata,10,Low,Unusual Hour,2021-08-24,23:57:18
TXN00085126,CUST04729,2801.48,Net Banking,Aurangabad,10,Low,Unusual Hour,2025-09-10,09:40:00
TXN00000745,CUST05345,2766.05,UPI,Pune,10,Low,Velocity Attack,2022-07-18,03:04:26
TXN00012216,CUST06750,2732.83,Wallet,Lucknow,10,Low,Repeated Failed Attempts,2022-08-03,03:21:23
TXN00018976,CUST00704,2721.62,UPI,Vadodara,10,Low,Unusual Hour,2024-05-21,01:19:16
TXN00078691,CUST09953,2714.21,UPI,Mumbai,10,Low,Velocity Attack,2025-10-06,03:42:51
TXN00061956,CUST01358,2651.94,Credit Card,Noida,10,Low,Unusual Hour,2021-02-02,08:32:00
TXN00037676,CUST01716,2622.46,UPI,Noida,10,Low,Unusual Hour,2022-05-22,05:05:02
TXN00012829,CUST07052,2553.26,Net Banking,Bhubaneswar,10,Low,Repeated Failed Attempts,2025-04-21,00:17:23
TXN00083271,CUST06422,2496.15,Debit Card,Kochi,10,Low,Unusual Hour,2024-09-10,03:05:42
TXN00064396,CUST07613,2451.46,UPI,Lucknow,10,Low,Velocity Attack,2021-06-15,00:29:46
TXN00081176,CUST07828,2449.03,UPI,Kochi,10,Low,Repeated Failed Attempts,2024-03-24,01:14:00
TXN00049570,CUST05043,2434.39,UPI,Nagpur,10,Low,Unusual Hour,2022-12-13,12:21:33
TXN00073407,CUST03441,2426.84,UPI,Kolkata,10,Low,Unusual Hour,2023-01-17,15:57:38
TXN00032612,CUST04139,2423.36,Net Banking,Visakhapatnam,10,Low,Unusual Hour,2025-09-24,08:40:11
TXN00036364,CUST09092,2421.32,UPI,Mysuru,10,Low,Unusual Hour,2025-08-07,14:47:46
TXN00093342,CUST01212,2416.28,Wallet,Surat,10,Low,Unusual Hour,2025-09-14,18:23:47
TXN00029247,CUST07915,2403.72,UPI,Nagpur,10,Low,Repeated Failed Attempts,2024-10-13,04:22:15
TXN00080648,CUST01288,2309.38,UPI,Hyderabad,10,Low,Unusual Hour,2022-03-30,14:21:29
TXN00071687,CUST03599,2262.76,UPI,Ranchi,10,Low,Velocity Attack,2023-07-07,05:25:16
TXN00002180,CUST00569,2254.95,Wallet,Kochi,10,Low,Unusual Hour,2023-05-23,15:54:27
TXN00010168,CUST06824,2243.61,UPI,Lucknow,10,Low,Unusual Hour,2023-05-05,21:04:40
TXN00095406,CUST04006,2231.97,Debit Card,Ahmedabad,10,Low,Repeated Failed Attempts,2022-07-06,05:35:02
TXN00016135,CUST02564,2202.97,UPI,Kolkata,10,Low,Unusual Hour,2023-02-10,07:59:39
TXN00041036,CUST02518,2192.53,Net Banking,Chennai,10,Low,Unusual Hour,2025-10-26,16:40:41
TXN00065331,CUST09214,2190.34,UPI,Aurangabad,10,Low,Unusual Hour,2023-07-13,23:47:33
TXN00079114,CUST07256,2159.94,UPI,Kolkata,10,Low,Unusual Hour,2023-01-11,07:43:09
TXN00034178,CUST09026,2151.72,UPI,Kochi,10,Low,Unusual Hour,2024-03-28,21:25:34
TXN00063666,CUST06863,2143.09,UPI,Gurugram,10,Low,Unusual Hour,2022-10-22,20:07:51
TXN00008436,CUST08653,2140.5,UPI,Gurugram,10,Low,Unusual Hour,2024-05-13,16:40:54
TXN00064683,CUST03073,2119.4,UPI,Ahmedabad,10,Low,Unusual Hour,2024-04-28,09:38:34
TXN00092735,CUST06071,2093.99,Credit Card,Bhubaneswar,10,Low,Repeated Failed Attempts,2022-11-08,02:54:52
TXN00036784,CUST03153,2089.72,Credit Card,Noida,10,Low,Unusual Hour,2023-01-23,05:28:15
TXN00071327,CUST03266,2078.09,UPI,Pune,10,Low,Unusual Hour,2023-01-01,23:58:46
TXN00009871,CUST01795,2053.14,Credit Card,Gurugram,10,Low,Unusual Hour,2024-07-29,07:42:31
TXN00036102,CUST03038,2044.28,UPI,Gurugram,10,Low,Repeated Failed Attempts,2021-02-02,05:22:49
TXN00038218,CUST03323,2026.09,Debit Card,Patna,10,Low,Unusual Hour,2022-01-10,11:08:56
TXN00088000,CUST00915,1971.05,UPI,Coimbatore,10,Low,Unusual Hour,2023-10-20,09:01:45
TXN00002783,CUST08828,1968.99,Debit Card,Patna,10,Low,Repeated Failed Attempts,2025-05-19,05:43:20
TXN00074806,CUST03166,1956.62,UPI,Aurangabad,10,Low,Unusual Hour,2025-03-24,00:00:44
TXN00052937,CUST00005,1864.66,UPI,Vadodara,10,Low,Velocity Attack,2022-04-16,04:20:30
TXN00034343,CUST08745,1830.61,UPI,Mysuru,10,Low,Unusual Hour,2025-01-16,19:54:24
TXN00085474,CUST06820,1792.93,UPI,Ranchi,10,Low,Unusual Hour,2025-09-05,18:39:59
TXN00023391,CUST02589,1757.93,UPI,Indore,10,Low,Velocity Attack,2025-05-11,02:43:14
TXN00025423,CUST08447,1754.94,UPI,Hyderabad,10,Low,Unusual Hour,2025-08-10,21:44:51
TXN00015561,CUST06500,1731.89,UPI,Aurangabad,10,Low,Velocity Attack,2022-04-29,04:33:02
TXN00072213,CUST08683,1726.19,Net Banking,Thane,10,Low,Repeated Failed Attempts,2025-06-05,02:00:47
TXN00023891,CUST06108,1721.2,UPI,Coimbatore,10,Low,Velocity Attack,2023-01-14,01:46:34
TXN00087539,CUST06654,1711.71,UPI,Patna,10,Low,Unusual Hour,2021-12-26,00:55:25
TXN00041957,CUST06582,1709.54,Debit Card,Chennai,10,Low,Unusual Hour,2025-06-10,03:24:52
TXN00019896,CUST02696,1705.44,UPI,Visakhapatnam,10,Low,Unusual Hour,2024-05-02,01:34:30
TXN00056511,CUST07324,1704.47,Credit Card,Delhi,10,Low,Unusual Hour,2022-09-29,03:39:41
TXN00098006,CUST05685,1701.85,Credit Card,Indore,10,Low,Unusual Hour,2022-04-09,07:34:19
TXN00087096,CUST08720,1691.79,UPI,Bengaluru,10,Low,Unusual Hour,2022-10-13,12:24:49
TXN00060074,CUST08375,1685.39,Wallet,Surat,10,Low,Unusual Hour,2023-07-02,18:24:07
TXN00014934,CUST03317,1675.8,UPI,Thiruvananthapuram,10,Low,Unusual Hour,2021-01-17,07:00:15
TXN00079956,CUST06451,1669.87,UPI,Gurugram,10,Low,Unusual Hour,2024-07-13,23:53:48
TXN00098458,CUST00201,1666.77,UPI,Gurugram,10,Low,Unusual Hour,2023-12-25,23:34:36
TXN00064974,CUST06693,1644.12,UPI,Kochi,10,Low,Repeated Failed Attempts,2023-11-17,00:34:33
TXN00090529,CUST00957,1630.57,UPI,Chennai,10,Low,Unusual Hour,2024-01-25,08:10:26
TXN00070790,CUST06210,1615.09,UPI,Vadodara,10,Low,Unusual Hour,2021-12-27,23:01:51
TXN00098174,CUST07107,1609.51,UPI,Hyderabad,10,Low,Unusual Hour,2025-10-10,22:29:43
TXN00096488,CUST06357,1581.59,UPI,Lucknow,10,Low,Repeated Failed Attempts,2025-12-19,04:39:42
TXN00037977,CUST07437,1577.53,Credit Card,Gurugram,10,Low,Unusual Hour,2023-07-10,07:31:38
TXN00004860,CUST09738,1566.79,UPI,Nagpur,10,Low,Unusual Hour,2025-03-03,11:33:48
TXN00002010,CUST01074,1561.3,Net Banking,Ranchi,10,Low,Unusual Hour,2021-06-29,16:08:00
TXN00005528,CUST04677,1523.97,UPI,Vadodara,10,Low,Unusual Hour,2023-06-20,18:03:26
TXN00085096,CUST08231,1520.02,Debit Card,Nashik,10,Low,Unusual Hour,2022-02-14,09:28:11
TXN00084546,CUST04655,1496.06,Debit Card,Lucknow,10,Low,Unusual Hour,2025-10-17,20:02:32
TXN00021914,CUST06047,1495.43,UPI,Mumbai,10,Low,Unusual Hour,2022-02-26,20:57:53
TXN00067264,CUST04733,1486.47,UPI,Coimbatore,10,Low,Unusual Hour,2025-01-20,02:03:02
TXN00044750,CUST04113,1455.07,Net Banking,Kochi,10,Low,Repeated Failed Attempts,2022-12-26,05:59:03
TXN00004637,CUST02512,1446.04,UPI,Bengaluru,10,Low,Repeated Failed Attempts,2023-05-27,05:00:07
TXN00069451,CUST01461,1444.2,Credit Card,Mysuru,10,Low,Unusual Hour,2022-09-24,15:52:42
TXN00098097,CUST05003,1438.11,UPI,Chennai,10,Low,Unusual Hour,2025-10-19,13:06:58
TXN00065873,CUST02278,1433.44,UPI,Thane,10,Low,Unusual Hour,2024-08-26,00:43:53
TXN00011993,CUST00990,1427.91,Debit Card,Chandigarh,10,Low,Unusual Hour,2023-04-24,06:29:16
TXN00098714,CUST00382,1413.19,UPI,Bengaluru,10,Low,Unusual Hour,2021-11-13,23:55:28
TXN00075653,CUST03834,1402.3,Net Banking,Mysuru,10,Low,Unusual Hour,2023-11-01,04:01:00
TXN00009195,CUST00974,1396.41,UPI,Kochi,10,Low,Unusual Hour,2024-04-02,08:17:13
TXN00087007,CUST02597,1395.76,UPI,Gurugram,10,Low,Repeated Failed Attempts,2022-06-01,02:04:09
TXN00005473,CUST03950,1386.09,UPI,Bhubaneswar,10,Low,Repeated Failed Attempts,2022-12-19,01:11:27
TXN00036080,CUST05625,1368.1,Wallet,Mysuru,10,Low,Repeated Failed Attempts,2024-02-08,05:51:14
TXN00095200,CUST01619,1347.61,Wallet,Mumbai,10,Low,Repeated Failed Attempts,2022-01-02,03:10:26
TXN00078122,CUST02058,1344.59,UPI,Navi Mumbai,10,Low,Unusual Hour,2023-08-27,16:22:49
TXN00072913,CUST09758,1342.93,UPI,Ranchi,10,Low,Velocity Attack,2022-11-10,01:38:21
TXN00096550,CUST02509,1320.7,UPI,Bhubaneswar,10,Low,Repeated Failed Attempts,2022-04-12,03:43:08
TXN00050146,CUST09914,1317.26,UPI,Ranchi,10,Low,Unusual Hour,2022-04-23,04:26:07
TXN00003776,CUST08059,1314.21,UPI,Navi Mumbai,10,Low,Unusual Hour,2023-12-19,10:05:45
TXN00089414,CUST04563,1301.38,UPI,Thane,10,Low,Unusual Hour,2025-02-11,21:31:09
TXN00048938,CUST04710,1300.77,UPI,Lucknow,10,Low,Repeated Failed Attempts,2021-01-02,00:37:56
TXN00021841,CUST01038,1295.1,UPI,Aurangabad,10,Low,Unusual Hour,2024-05-25,16:04:17
TXN00092950,CUST09798,1276.19,UPI,Aurangabad,10,Low,Velocity Attack,2023-11-05,00:34:54
TXN00034237,CUST07202,1240.29,Credit Card,Bhopal,10,Low,Unusual Hour,2023-03-26,02:21:18
TXN00092343,CUST04184,1234.0,UPI,Thiruvananthapuram,10,Low,Velocity Attack,2023-10-23,02:23:00
TXN00036012,CUST01184,1229.66,UPI,Aurangabad,10,Low,Velocity Attack,2024-05-27,04:44:24
TXN00054779,CUST03152,1221.71,UPI,Bhubaneswar,10,Low,Unusual Hour,2022-07-28,01:02:55
TXN00081954,CUST01037,1214.13,UPI,Vadodara,10,Low,Unusual Hour,2021-05-31,19:34:01
TXN00054847,CUST09861,1198.34,Net Banking,Chandigarh,10,Low,Unusual Hour,2021-04-16,09:02:45
TXN00015582,CUST07351,1163.32,UPI,Patna,10,Low,Velocity Attack,2023-05-08,01:10:26
TXN00024904,CUST02716,1161.26,Credit Card,Chandigarh,10,Low,Unusual Hour,2021-10-01,17:50:46
TXN00043652,CUST01449,1149.15,UPI,Kochi,10,Low,Unusual Hour,2022-11-30,09:59:46
TXN00066729,CUST06427,1136.93,UPI,Chennai,10,Low,Unusual Hour,2022-08-25,13:04:44
TXN00099960,CUST06421,1133.45,Net Banking,Bengaluru,10,Low,Unusual Hour,2023-09-20,03:38:02
TXN00053741,CUST06162,1127.92,Debit Card,Lucknow,10,Low,Repeated Failed Attempts,2023-11-07,02:11:24
TXN00093129,CUST05961,1112.58,UPI,Indore,10,Low,Unusual Hour,2024-09-29,16:11:58
TXN00038556,CUST07330,1111.47,UPI,Navi Mumbai,10,Low,Velocity Attack,2021-01-23,02:19:03
TXN00036870,CUST00852,1105.69,UPI,Visakhapatnam,10,Low,Velocity Attack,2022-05-17,02:26:26
TXN00031792,CUST04323,1092.66,UPI,Nagpur,10,Low,Unusual Hour,2024-02-18,20:41:30
TXN00038286,CUST02335,1091.64,Wallet,Lucknow,10,Low,Unusual Hour,2021-01-27,14:20:42
TXN00029286,CUST08308,1089.78,UPI,Kochi,10,Low,Unusual Hour,2024-05-16,16:16:48
TXN00028033,CUST08211,1082.88,UPI,Patna,10,Low,Unusual Hour,2024-11-01,07:28:11
TXN00061399,CUST09282,1081.13,AEPS,Lucknow,10,Low,Unusual Hour,2025-11-15,01:16:28
TXN00027985,CUST02826,1065.68,Debit Card,Chandigarh,10,Low,Unusual Hour,2021-03-13,03:24:50
TXN00020910,CUST08025,1043.96,Debit Card,Ahmedabad,10,Low,Repeated Failed Attempts,2024-02-05,01:58:33
TXN00052281,CUST01851,1031.7,UPI,Bhubaneswar,10,Low,Unusual Hour,2021-03-30,15:58:00
TXN00002037,CUST09253,988.11,Debit Card,Ranchi,10,Low,Unusual Hour,2022-03-01,02:10:52
TXN00060210,CUST08903,984.22,UPI,Lucknow,10,Low,Unusual Hour,2022-07-02,20:56:38
TXN00097923,CUST02061,983.15,Credit Card,Mumbai,10,Low,Unusual Hour,2022-05-24,16:59:25
TXN00031755,CUST04449,981.87,Net Banking,Thane,10,Low,Unusual Hour,2021-10-31,08:38:43
TXN00014202,CUST00649,972.64,UPI,Kolkata,10,Low,Unusual Hour,2023-12-25,03:14:53
TXN00060343,CUST07365,968.39,Wallet,Mysuru,10,Low,Unusual Hour,2021-10-09,19:27:18
TXN00003363,CUST04246,963.58,UPI,Lucknow,10,Low,Unusual Hour,2023-05-15,13:21:07
TXN00098693,CUST07228,963.26,Wallet,Chennai,10,Low,Unusual Hour,2023-07-01,06:52:55
TXN00073381,CUST03661,956.18,UPI,Jaipur,10,Low,Unusual Hour,2022-05-30,08:55:18
TXN00007136,CUST01563,936.22,UPI,Vadodara,10,Low,Unusual Hour,2025-01-04,09:09:35
TXN00032531,CUST05129,929.35,UPI,Bengaluru,10,Low,Unusual Hour,2024-02-26,09:08:15
TXN00009998,CUST07303,929.05,Net Banking,Hyderabad,10,Low,Repeated Failed Attempts,2025-05-07,05:34:01
TXN00044530,CUST02561,919.98,UPI,Ahmedabad,10,Low,Unusual Hour,2022-05-16,22:35:29
TXN00015521,CUST00612,919.24,UPI,Coimbatore,10,Low,Unusual Hour,2021-08-02,23:49:43
TXN00008758,CUST03208,871.11,UPI,Indore,10,Low,Unusual Hour,2023-08-25,11:03:05
TXN00055434,CUST07438,865.6,Debit Card,Delhi,10,Low,Unusual Hour,2023-07-11,19:10:04
TXN00066601,CUST06746,861.11,Wallet,Mumbai,10,Low,Unusual Hour,2021-05-15,21:52:18
TXN00050309,CUST07708,852.28,UPI,Bhopal,10,Low,Unusual Hour,2025-08-14,01:38:11
TXN00078040,CUST02400,828.49,UPI,Delhi,10,Low,Repeated Failed Attempts,2021-05-19,04:59:55
TXN00041866,CUST03684,827.99,UPI,Bhopal,10,Low,Repeated Failed Attempts,2023-02-10,03:37:02
TXN00076125,CUST07713,827.5,UPI,Gurugram,10,Low,Unusual Hour,2025-12-17,05:58:32
TXN00039893,CUST07382,825.0,UPI,Vadodara,10,Low,Unusual Hour,2024-09-20,00:49:58
TXN00035303,CUST00877,811.38,UPI,Nashik,10,Low,Unusual Hour,2022-01-19,22:07:29
TXN00035745,CUST02124,810.52,Debit Card,Nashik,10,Low,Unusual Hour,2025-06-01,11:15:58
TXN00039427,CUST07286,808.68,UPI,Kochi,10,Low,Unusual Hour,2024-03-08,13:32:40
TXN00034106,CUST06424,805.19,UPI,Ranchi,10,Low,Unusual Hour,2025-09-26,01:34:18
TXN00064145,CUST03320,800.27,UPI,Chandigarh,10,Low,Repeated Failed Attempts,2022-08-08,05:39:10
TXN00063162,CUST07031,788.81,UPI,Nagpur,10,Low,Unusual Hour,2025-07-09,07:46:39
TXN00051570,CUST00306,764.35,Credit Card,Thane,10,Low,Unusual Hour,2021-12-15,03:44:41
TXN00024366,CUST05399,755.54,Credit Card,Ahmedabad,10,Low,Unusual Hour,2025-12-05,08:00:38
TXN00068935,CUST05870,751.72,UPI,Mumbai,10,Low,Unusual Hour,2023-12-05,14:54:07
TXN00004361,CUST07791,743.35,UPI,Noida,10,Low,Unusual Hour,2024-04-28,01:29:19
TXN00016590,CUST06092,730.4,UPI,Thiruvananthapuram,10,Low,Unusual Hour,2022-09-26,20:25:22
TXN00023785,CUST06519,729.8,UPI,Ranchi,10,Low,Velocity Attack,2021-08-29,04:35:44
TXN00099091,CUST08244,727.86,UPI,Gurugram,10,Low,Unusual Hour,2022-12-13,21:47:24
TXN00038174,CUST05310,714.95,UPI,Aurangabad,10,Low,Unusual Hour,2024-06-08,05:58:41
TXN00045417,CUST00041,713.07,UPI,Bhopal,10,Low,Unusual Hour,2023-11-06,20:16:51
TXN00043419,CUST04033,710.52,UPI,Aurangabad,10,Low,Unusual Hour,2021-05-21,21:54:00
TXN00041500,CUST01129,699.86,UPI,Bhubaneswar,10,Low,Unusual Hour,2024-11-06,07:38:51
TXN00098478,CUST09864,692.87,Debit Card,Mysuru,10,Low,Repeated Failed Attempts,2023-04-17,05:06:31
TXN00063622,CUST06769,669.51,UPI,Thane,10,Low,Unusual Hour,2025-05-09,08:44:12
TXN00004888,CUST03104,662.37,UPI,Chandigarh,10,Low,Unusual Hour,2024-09-02,02:05:21
TXN00066070,CUST02369,659.93,AEPS,Bengaluru,10,Low,Repeated Failed Attempts,2023-09-14,01:51:34
TXN00058149,CUST08262,659.19,UPI,Lucknow,10,Low,Unusual Hour,2021-07-29,16:24:39
TXN00033820,CUST00842,657.63,UPI,Navi Mumbai,10,Low,Velocity Attack,2022-01-04,02:58:16
TXN00063776,CUST05984,651.81,UPI,Aurangabad,10,Low,Unusual Hour,2021-02-23,20:46:40
TXN00054083,CUST00826,643.27,Net Banking,Nashik,10,Low,Unusual Hour,2024-12-10,02:46:52
TXN00083325,CUST05867,631.88,UPI,Chennai,10,Low,Unusual Hour,2024-08-25,20:41:29
TXN00077781,CUST03768,631.1,UPI,Lucknow,10,Low,Unusual Hour,2023-07-22,04:56:47
TXN00067608,CUST01930,624.95,Debit Card,Noida,10,Low,Unusual Hour,2021-07-23,22:11:32
TXN00001642,CUST06750,624.15,Net Banking,Lucknow,10,Low,Repeated Failed Attempts,2023-09-20,04:51:58
TXN00041618,CUST07515,617.98,UPI,Mysuru,10,Low,Unusual Hour,2025-08-16,04:59:22
TXN00037104,CUST06253,617.73,UPI,Visakhapatnam,10,Low,Unusual Hour,2022-09-01,15:33:25
TXN00056453,CUST00174,607.83,UPI,Jaipur,10,Low,Repeated Failed Attempts,2021-03-13,03:45:44
TXN00009246,CUST05251,590.1,UPI,Patna,10,Low,Repeated Failed Attempts,2024-07-05,00:26:40
TXN00034256,CUST02901,579.32,UPI,Chennai,10,Low,Unusual Hour,2023-03-15,15:14:24
TXN00035160,CUST08473,574.07,Net Banking,Coimbatore,10,Low,Unusual Hour,2023-08-25,07:51:50
TXN00095749,CUST00433,567.44,Wallet,Thiruvananthapuram,10,Low,Unusual Hour,2025-03-21,09:22:02
TXN00092807,CUST00198,547.2,UPI,Bengaluru,10,Low,Velocity Attack,2023-09-11,01:31:26
TXN00025655,CUST02431,536.66,UPI,Kolkata,10,Low,Repeated Failed Attempts,2025-11-29,02:11:01
TXN00058673,CUST05701,535.02,Credit Card,Bhopal,10,Low,Unusual Hour,2021-02-08,15:30:18
TXN00092626,CUST06662,532.4,UPI,Bhopal,10,Low,Unusual Hour,2025-03-19,13:34:02
TXN00065343,CUST00630,532.1,Credit Card,Gurugram,10,Low,Unusual Hour,2025-05-06,00:02:06
TXN00007649,CUST01758,531.46,UPI,Mumbai,10,Low,Unusual Hour,2021-05-16,19:45:53
TXN00034970,CUST08134,525.37,UPI,Thiruvananthapuram,10,Low,Velocity Attack,2025-08-02,01:43:41
TXN00081517,CUST09223,524.6,UPI,Mumbai,10,Low,Unusual Hour,2025-05-20,18:16:53
TXN00062478,CUST06232,513.41,UPI,Pune,10,Low,Repeated Failed Attempts,2025-07-21,05:44:30
TXN00069088,CUST01239,510.1,UPI,Kolkata,10,Low,Unusual Hour,2025-07-30,06:52:06
TXN00054099,CUST04172,507.64,UPI,Thiruvananthapuram,10,Low,Velocity Attack,2021-05-25,05:59:10
TXN00071675,CUST03290,506.08,UPI,Hyderabad,10,Low,Velocity Attack,2021-04-15,05:01:04
TXN00089500,CUST08725,501.35,Credit Card,Mumbai,10,Low,Unusual Hour,2024-06-02,06:19:37
TXN00094468,CUST06138,501.28,UPI,Nagpur,10,Low,Velocity Attack,2022-11-02,02:23:47
TXN00041646,CUST08024,500.47,Credit Card,Indore,10,Low,Unusual Hour,2024-07-06,15:37:47
TXN00094223,CUST09485,487.81,Wallet,Coimbatore,10,Low,Unusual Hour,2024-02-28,21:19:39
TXN00047790,CUST07302,479.87,Net Banking,Coimbatore,10,Low,Unusual Hour,2021-01-27,17:49:58
TXN00027670,CUST02883,471.25,Net Banking,Kolkata,10,Low,Unusual Hour,2024-08-30,22:15:09
TXN00052202,CUST03569,469.12,UPI,Vadodara,10,Low,Unusual Hour,2025-03-29,03:37:08
TXN00078151,CUST09763,467.79,Debit Card,Ranchi,10,Low,Repeated Failed Attempts,2021-11-10,00:32:45
TXN00060473,CUST09788,467.77,UPI,Mumbai,10,Low,Unusual Hour,2025-06-30,01:11:05
TXN00020475,CUST02598,456.98,Debit Card,Thiruvananthapuram,10,Low,Unusual Hour,2022-01-15,03:51:54
TXN00013881,CUST06939,455.32,Net Banking,Patna,10,Low,Unusual Hour,2022-02-20,06:32:09
TXN00028771,CUST02654,454.11,UPI,Coimbatore,10,Low,Unusual Hour,2024-12-03,01:41:32
TXN00044778,CUST04869,451.81,UPI,Chandigarh,10,Low,Unusual Hour,2025-12-09,14:44:16
TXN00094934,CUST00138,451.03,UPI,Kolkata,10,Low,Unusual Hour,2024-11-02,08:02:35
TXN00009811,CUST03074,451.01,Debit Card,Surat,10,Low,Unusual Hour,2021-07-10,10:23:33
TXN00082157,CUST00949,445.01,UPI,Lucknow,10,Low,Velocity Attack,2024-01-06,04:52:56
TXN00036944,CUST08855,443.98,UPI,Bengaluru,10,Low,Unusual Hour,2021-05-19,10:04:35
TXN00059126,CUST06077,438.84,Debit Card,Nagpur,10,Low,Repeated Failed Attempts,2021-12-29,05:39:00
TXN00070770,CUST00710,434.72,UPI,Bhopal,10,Low,Repeated Failed Attempts,2022-03-09,02:13:15
TXN00081397,CUST07013,428.77,UPI,Lucknow,10,Low,Velocity Attack,2022-05-17,01:15:25
TXN00047738,CUST06882,426.53,AEPS,Kochi,10,Low,Unusual Hour,2024-06-17,22:12:43
TXN00031336,CUST00276,425.05,Wallet,Thane,10,Low,Unusual Hour,2023-02-10,12:21:36
TXN00011268,CUST04707,423.15,Debit Card,Coimbatore,10,Low,Repeated Failed Attempts,2021-05-10,05:32:47
TXN00074162,CUST06206,420.43,UPI,Jaipur,10,Low,Unusual Hour,2023-02-15,21:44:40
TXN00069679,CUST09781,415.23,UPI,Lucknow,10,Low,Unusual Hour,2023-04-01,13:55:01
TXN00046298,CUST03377,413.79,UPI,Ranchi,10,Low,Unusual Hour,2025-05-16,03:50:40
TXN00065460,CUST03877,409.48,UPI,Gurugram,10,Low,Unusual Hour,2021-03-16,06:57:51
TXN00009042,CUST06761,403.79,UPI,Mysuru,10,Low,Repeated Failed Attempts,2021-02-10,05:01:44
TXN00054346,CUST09583,402.18,Credit Card,Ahmedabad,10,Low,Unusual Hour,2023-07-16,09:37:30
TXN00038354,CUST09041,401.62,UPI,Jaipur,10,Low,Unusual Hour,2025-04-20,06:29:13
TXN00092430,CUST00161,401.06,UPI,Mumbai,10,Low,Velocity Attack,2025-08-13,05:07:24
TXN00084788,CUST07525,397.61,Net Banking,Thane,10,Low,Unusual Hour,2024-09-18,20:42:09
TXN00099494,CUST07233,376.95,Wallet,Chennai,10,Low,Unusual Hour,2021-10-16,16:43:55
TXN00067583,CUST00232,374.55,UPI,Nagpur,10,Low,Repeated Failed Attempts,2025-12-18,02:18:30
TXN00052946,CUST08669,367.47,UPI,Pune,10,Low,Unusual Hour,2025-09-04,11:15:02
TXN00046567,CUST04004,365.24,UPI,Ranchi,10,Low,Unusual Hour,2022-09-29,12:01:18
TXN00070729,CUST02377,355.2,UPI,Navi Mumbai,10,Low,Unusual Hour,2023-01-23,03:35:00
TXN00024599,CUST04905,349.11,UPI,Chandigarh,10,Low,Repeated Failed Attempts,2021-11-01,05:33:28
TXN00030826,CUST00919,348.01,UPI,Visakhapatnam,10,Low,Unusual Hour,2025-03-14,18:31:22
TXN00074062,CUST00278,347.88,UPI,Mumbai,10,Low,Unusual Hour,2023-03-14,20:08:47
TXN00014195,CUST02604,342.51,UPI,Indore,10,Low,Unusual Hour,2022-10-06,07:05:48
TXN00082336,CUST00598,340.44,Credit Card,Mysuru,10,Low,Unusual Hour,2021-08-08,11:29:03
TXN00009319,CUST01885,334.77,UPI,Kochi,10,Low,Unusual Hour,2022-07-06,04:32:42
TXN00046916,CUST01548,330.61,UPI,Jaipur,10,Low,Unusual Hour,2025-09-09,06:18:59
TXN00020852,CUST00610,330.07,Net Banking,Noida,10,Low,Unusual Hour,2023-08-01,13:12:31
TXN00031144,CUST00628,328.18,Net Banking,Indore,10,Low,Unusual Hour,2025-06-26,12:35:08
TXN00058328,CUST07745,327.32,UPI,Gurugram,10,Low,Velocity Attack,2022-10-24,00:50:19
TXN00093936,CUST05981,319.27,UPI,Patna,10,Low,Unusual Hour,2023-07-09,11:07:21
TXN00011890,CUST01582,301.91,Net Banking,Bengaluru,10,Low,Unusual Hour,2023-05-27,23:25:43
TXN00082932,CUST09660,296.25,UPI,Nagpur,10,Low,Unusual Hour,2025-07-30,23:57:29
TXN00063304,CUST02427,289.25,UPI,Thiruvananthapuram,10,Low,Velocity Attack,2022-10-08,04:22:42
TXN00053360,CUST05024,289.11,Credit Card,Vadodara,10,Low,Unusual Hour,2022-01-08,15:03:27
TXN00061975,CUST01387,285.22,Debit Card,Delhi,10,Low,Unusual Hour,2021-01-11,16:39:44
TXN00011314,CUST02268,285.13,UPI,Ranchi,10,Low,Unusual Hour,2022-09-27,18:34:06
TXN00084816,CUST09084,283.13,UPI,Bhopal,10,Low,Repeated Failed Attempts,2024-06-19,05:40:48
TXN00000245,CUST05104,279.63,UPI,Chandigarh,10,Low,Unusual Hour,2022-08-13,04:54:47
TXN00070365,CUST06454,274.55,Net Banking,Kochi,10,Low,Unusual Hour,2021-07-09,03:38:51
TXN00079329,CUST05752,263.6,UPI,Hyderabad,10,Low,Unusual Hour,2025-07-01,14:44:26
TXN00096316,CUST02597,261.52,UPI,Gurugram,10,Low,Repeated Failed Attempts,2021-07-11,05:12:14
TXN00029512,CUST01652,257.84,UPI,Mysuru,10,Low,Unusual Hour,2021-05-27,11:03:08
TXN00034292,CUST01753,256.56,Debit Card,Coimbatore,10,Low,Unusual Hour,2023-01-23,19:23:26
TXN00022852,CUST05234,255.13,UPI,Ahmedabad,10,Low,Unusual Hour,2024-06-12,00:51:18
TXN00095390,CUST07575,246.07,UPI,Ahmedabad,10,Low,Unusual Hour,2025-06-13,13:54:21
TXN00064630,CUST05552,242.52,Credit Card,Kochi,10,Low,Unusual Hour,2024-09-15,19:04:23
TXN00002556,CUST03677,236.35,UPI,Bhubaneswar,10,Low,Velocity Attack,2022-11-25,03:59:52
TXN00015946,CUST06881,232.57,UPI,Ranchi,10,Low,Unusual Hour,2023-04-04,17:21:10
TXN00050342,CUST04520,230.99,UPI,Mysuru,10,Low,Unusual Hour,2021-04-12,04:14:56
TXN00069339,CUST02929,226.59,UPI,Surat,10,Low,Unusual Hour,2021-09-11,06:43:23
TXN00032632,CUST04713,225.4,UPI,Hyderabad,10,Low,Unusual Hour,2024-09-24,05:18:43
TXN00062268,CUST09068,223.96,UPI,Gurugram,10,Low,Repeated Failed Attempts,2021-11-12,03:14:25
TXN00032360,CUST03950,221.37,Credit Card,Bhubaneswar,10,Low,Repeated Failed Attempts,2022-05-19,03:27:57
TXN00059828,CUST02247,219.3,UPI,Nashik,10,Low,Velocity Attack,2023-12-30,00:05:53
TXN00084333,CUST00428,216.84,UPI,Thiruvananthapuram,10,Low,Repeated Failed Attempts,2022-12-28,00:30:06
TXN00035657,CUST09850,213.38,UPI,Bhubaneswar,10,Low,Unusual Hour,2023-07-12,09:31:27
TXN00073176,CUST05380,210.87,UPI,Kolkata,10,Low,Velocity Attack,2025-08-18,00:42:07
TXN00052870,CUST08182,204.11,UPI,Mysuru,10,Low,Unusual Hour,2024-08-23,19:31:37
TXN00098688,CUST05480,200.31,Net Banking,Indore,10,Low,Unusual Hour,2025-03-05,06:22:11
TXN00037850,CUST03074,198.94,Wallet,Surat,10,Low,Unusual Hour,2025-03-11,06:38:05
TXN00027949,CUST08512,190.09,UPI,Hyderabad,10,Low,Repeated Failed Attempts,2025-05-01,01:09:07
TXN00093089,CUST04406,189.82,Net Banking,Delhi,10,Low,Repeated Failed Attempts,2023-11-25,01:51:43
TXN00008204,CUST01224,186.22,UPI,Vadodara,10,Low,Repeated Failed Attempts,2021-12-15,02:44:00
TXN00049192,CUST01685,183.67,UPI,Jaipur,10,Low,Unusual Hour,2025-07-07,20:59:24
TXN00052163,CUST09156,183.64,UPI,Chennai,10,Low,Unusual Hour,2022-01-06,13:52:47
TXN00042179,CUST04798,181.19,Wallet,Thiruvananthapuram,10,Low,Unusual Hour,2021-08-23,16:31:37
TXN00060731,CUST03062,163.12,UPI,Ranchi,10,Low,Unusual Hour,2023-11-16,00:12:16
TXN00007207,CUST06753,161.3,UPI,Chennai,10,Low,Unusual Hour,2025-05-30,18:49:41
TXN00055551,CUST00763,158.45,Debit Card,Noida,10,Low,Unusual Hour,2024-11-08,17:33:30
TXN00069347,CUST08110,157.7,Credit Card,Thane,10,Low,Unusual Hour,2024-01-31,18:45:38
TXN00015897,CUST02004,154.76,Debit Card,Thiruvananthapuram,10,Low,Unusual Hour,2022-04-26,14:09:29
TXN00082648,CUST00127,153.07,AEPS,Nagpur,10,Low,Repeated Failed Attempts,2025-02-01,00:05:06
TXN00011614,CUST07571,147.52,Credit Card,Gurugram,10,Low,Unusual Hour,2023-02-05,03:14:55
TXN00041389,CUST05117,145.57,Debit Card,Noida,10,Low,Repeated Failed Attempts,2024-10-04,00:24:09
TXN00014943,CUST04101,139.23,Net Banking,Bhubaneswar,10,Low,Repeated Failed Attempts,2021-05-05,03:17:45
TXN00091085,CUST05844,124.8,UPI,Bhopal,10,Low,Velocity Attack,2022-02-18,05:57:54
TXN00086093,CUST02105,103.93,UPI,Coimbatore,10,Low,Repeated Failed Attempts,2025-06-14,05:11:56
TXN00022895,CUST00746,101.26,Debit Card,Mysuru,10,Low,Unusual Hour,2021-02-25,08:49:33
TXN00024573,CUST08437,91.58,UPI,Aurangabad,10,Low,Unusual Hour,2023-02-09,15:52:01
TXN00065774,CUST01987,82.03,UPI,Mysuru,10,Low,Unusual Hour,2025-10-10,08:18:45
TXN00080171,CUST05754,76.35,UPI,Visakhapatnam,10,Low,Velocity Attack,2022-09-14,02:38:38
TXN00071494,CUST03910,71.76,UPI,Mumbai,10,Low,Unusual Hour,2023-01-16,18:03:53
TXN00046893,CUST09830,65.52,Net Banking,Thiruvananthapuram,10,Low,Unusual Hour,2024-10-17,14:05:31
TXN00089755,CUST06718,63.23,UPI,Pune,10,Low,Repeated Failed Attempts,2024-06-21,00:04:17
TXN00061557,CUST01097,58.69,Net Banking,Thiruvananthapuram,10,Low,Unusual Hour,2022-04-07,12:42:09
TXN00032916,CUST07562,50.18,UPI,Indore,10,Low,Unusual Hour,2024-10-18,10:46:54
TXN00012869,CUST05190,47.01,UPI,Ranchi,10,Low,Velocity Attack,2023-07-17,04:33:54
TXN00037345,CUST03576,109819.43,UPI,Kochi,0,Low,High Amount Anomaly,2022-03-03,06:27:04
TXN00075526,CUST05581,99748.82,UPI,Nashik,0,Low,High Amount Anomaly,2021-02-14,10:56:37
TXN00079610,CUST09360,96216.98,UPI,Nagpur,0,Low,High Amount Anomaly,2024-03-22,06:56:22
TXN00010368,CUST07144,96123.89,UPI,Mysuru,0,Low,High Amount Anomaly,2023-08-12,15:48:49
TXN00035228,CUST06460,95490.62,Debit Card,Mysuru,0,Low,High Amount Anomaly,2025-09-18,20:46:14
TXN00051907,CUST06078,89490.96,UPI,Nashik,0,Low,High Amount Anomaly,2021-08-21,10:51:29
TXN00062186,CUST07133,88660.08,UPI,Ahmedabad,0,Low,High Amount Anomaly,2021-12-11,18:43:31
TXN00010102,CUST03467,88482.3,AEPS,Mumbai,0,Low,High Amount Anomaly,2021-04-25,15:44:54
TXN00031370,CUST06001,88256.83,UPI,Patna,0,Low,Velocity Attack,2022-05-07,20:55:23
TXN00033295,CUST07472,87757.08,UPI,Jaipur,0,Low,High Amount Anomaly,2023-02-26,09:59:48
TXN00030239,CUST04768,87425.28,UPI,Nashik,0,Low,High Amount Anomaly,2023-11-14,08:17:17
TXN00052328,CUST08583,86326.99,AEPS,Surat,0,Low,High Amount Anomaly,2025-10-23,09:01:09
TXN00044062,CUST07948,84979.77,Debit Card,Surat,0,Low,High Amount Anomaly,2022-12-07,13:13:08
TXN00053256,CUST03269,82280.8,UPI,Thane,0,Low,High Amount Anomaly,2024-03-15,11:32:25
TXN00015272,CUST04802,80335.82,UPI,Ahmedabad,0,Low,Velocity Attack,2022-05-02,21:22:03
TXN00098110,CUST04828,80162.48,Debit Card,Chandigarh,0,Low,High Amount Anomaly,2021-03-06,14:41:49
TXN00087521,CUST05007,79947.81,UPI,Nagpur,0,Low,Velocity Attack,2024-04-28,09:31:50
TXN00053890,CUST01842,79673.78,Debit Card,Chandigarh,0,Low,High Amount Anomaly,2025-04-20,18:04:42
TXN00020209,CUST03961,78951.43,Net Banking,Bengaluru,0,Low,High Amount Anomaly,2023-12-21,23:22:32
TXN00079375,CUST04248,78810.72,UPI,Noida,0,Low,High Amount Anomaly,2022-09-03,15:35:33
TXN00016825,CUST02429,78557.52,UPI,Hyderabad,0,Low,Velocity Attack,2021-12-06,14:32:57
TXN00009096,CUST06393,76023.41,UPI,Chandigarh,0,Low,High Amount Anomaly,2024-09-19,07:05:34
TXN00020366,CUST00193,74164.24,UPI,Thiruvananthapuram,0,Low,High Amount Anomaly,2022-11-06,21:18:28
TXN00008043,CUST03163,74088.12,UPI,Coimbatore,0,Low,High Amount Anomaly,2022-04-23,11:41:03
TXN00070703,CUST05633,73329.95,Net Banking,Ahmedabad,0,Low,High Amount Anomaly,2024-01-14,12:44:13
TXN00082156,CUST01627,70451.06,AEPS,Pune,0,Low,High Amount Anomaly,2025-07-09,15:08:54
TXN00022492,CUST09655,69522.96,Net Banking,Bhopal,0,Low,High Amount Anomaly,2022-10-02,11:30:12
TXN00050913,CUST06695,69196.2,Credit Card,Bhubaneswar,0,Low,High Amount Anomaly,2021-12-25,19:51:40
TXN00010039,CUST06140,68583.34,Wallet,Indore,0,Low,High Amount Anomaly,2021-10-17,20:18:30
TXN00003305,CUST07047,68573.47,UPI,Chennai,0,Low,High Amount Anomaly,2024-11-09,17:12:17
TXN00051609,CUST03466,67853.29,AEPS,Bengaluru,0,Low,High Amount Anomaly,2023-12-23,10:22:56
TXN00087535,CUST08506,66967.78,UPI,Gurugram,0,Low,High Amount Anomaly,2025-12-14,15:32:19
TXN00002810,CUST06721,65360.89,UPI,Ranchi,0,Low,High Amount Anomaly,2022-07-25,18:13:43
TXN00011664,CUST01469,64959.32,UPI,Pune,0,Low,High Amount Anomaly,2024-08-16,13:40:19
TXN00038526,CUST04980,63285.4,UPI,Kochi,0,Low,High Amount Anomaly,2023-04-14,08:06:32
TXN00082115,CUST04763,62758.36,Debit Card,Jaipur,0,Low,High Amount Anomaly,2024-11-23,07:06:54
TXN00052807,CUST08704,62422.54,UPI,Surat,0,Low,Velocity Attack,2024-12-26,20:30:47
TXN00015934,CUST00953,62255.82,Credit Card,Surat,0,Low,High Amount Anomaly,2021-11-14,12:44:53
TXN00002231,CUST02429,62084.37,UPI,Hyderabad,0,Low,High Amount Anomaly,2022-02-14,07:36:14
TXN00067798,CUST06113,61166.69,Debit Card,Indore,0,Low,High Amount Anomaly,2025-05-03,20:46:56
TXN00036184,CUST04195,60332.49,UPI,Surat,0,Low,High Amount Anomaly,2025-10-28,12:54:41
TXN00012439,CUST06789,60157.06,Credit Card,Vadodara,0,Low,High Amount Anomaly,2021-08-01,07:43:03
TXN00039450,CUST00234,59824.46,UPI,Surat,0,Low,High Amount Anomaly,2023-02-01,23:41:23
TXN00094719,CUST07914,59719.16,UPI,Visakhapatnam,0,Low,High Amount Anomaly,2024-11-27,15:35:44
TXN00019013,CUST09339,59521.35,UPI,Delhi,0,Low,Velocity Attack,2021-02-17,13:27:06
TXN00061206,CUST02253,59491.66,Wallet,Kochi,0,Low,High Amount Anomaly,2023-11-21,07:50:26
TXN00096530,CUST09478,59059.94,Credit Card,Gurugram,0,Low,High Amount Anomaly,2021-06-17,18:11:08
TXN00088456,CUST05293,58884.97,Debit Card,Chennai,0,Low,High Amount Anomaly,2025-03-19,07:54:51
TXN00070789,CUST02934,57503.65,UPI,Nagpur,0,Low,High Amount Anomaly,2025-03-13,17:05:12
TXN00099597,CUST02878,56606.11,UPI,Pune,0,Low,High Amount Anomaly,2024-02-03,09:54:26
TXN00011713,CUST08614,56405.97,UPI,Mysuru,0,Low,High Amount Anomaly,2021-11-28,10:51:51
TXN00035728,CUST02471,54813.87,Debit Card,Indore,0,Low,High Amount Anomaly,2024-08-17,07:32:14
TXN00098423,CUST05518,54400.42,UPI,Ahmedabad,0,Low,High Amount Anomaly,2023-10-29,15:08:11
TXN00058129,CUST08900,54369.2,UPI,Noida,0,Low,High Amount Anomaly,2025-01-30,11:28:46
TXN00097320,CUST08610,53829.27,UPI,Jaipur,0,Low,High Amount Anomaly,2023-08-08,21:59:52
TXN00092277,CUST08859,53500.61,Wallet,Gurugram,0,Low,High Amount Anomaly,2022-10-14,18:31:06
TXN00095484,CUST06922,51138.01,Debit Card,Vadodara,0,Low,High Amount Anomaly,2024-11-28,06:33:28
TXN00093068,CUST04254,50801.11,UPI,Ahmedabad,0,Low,High Amount Anomaly,2021-02-15,16:51:59
TXN00001999,CUST08185,50000.0,UPI,Bhopal,0,Low,High Amount Anomaly,2021-01-01,17:58:33
TXN00018670,CUST03873,50000.0,UPI,Patna,0,Low,High Amount Anomaly,2021-01-17,07:17:58
TXN00017326,CUST09910,50000.0,UPI,Kolkata,0,Low,High Amount Anomaly,2021-01-20,10:40:31
TXN00058871,CUST05021,50000.0,Credit Card,Nashik,0,Low,High Amount Anomaly,2021-01-26,16:22:01
TXN00006787,CUST08270,50000.0,UPI,Lucknow,0,Low,High Amount Anomaly,2021-01-28,14:22:18
TXN00097914,CUST00312,50000.0,AEPS,Chandigarh,0,Low,High Amount Anomaly,2021-01-30,07:18:41
TXN00064096,CUST02683,50000.0,UPI,Ahmedabad,0,Low,High Amount Anomaly,2021-02-01,07:27:55
TXN00061135,CUST02082,50000.0,UPI,Mysuru,0,Low,High Amount Anomaly,2021-02-11,09:10:18
TXN00021584,CUST05531,50000.0,UPI,Aurangabad,0,Low,High Amount Anomaly,2021-02-19,09:57:52
TXN00091670,CUST01601,50000.0,UPI,Noida,0,Low,High Amount Anomaly,2021-02-23,06:30:58
TXN00067223,CUST01629,50000.0,UPI,Indore,0,Low,High Amount Anomaly,2021-02-23,08:56:33
TXN00027200,CUST06103,50000.0,UPI,Indore,0,Low,High Amount Anomaly,2021-02-23,20:30:08
TXN00025839,CUST08069,50000.0,UPI,Vadodara,0,Low,High Amount Anomaly,2021-02-25,10:51:59
TXN00063271,CUST00693,50000.0,Net Banking,Vadodara,0,Low,High Amount Anomaly,2021-03-03,09:57:35
TXN00032945,CUST07198,50000.0,UPI,Mumbai,0,Low,High Amount Anomaly,2021-03-03,20:32:07
TXN00044128,CUST04365,50000.0,Debit Card,Kolkata,0,Low,High Amount Anomaly,2021-03-04,09:49:08
TXN00093823,CUST01780,50000.0,UPI,Navi Mumbai,0,Low,High Amount Anomaly,2021-03-13,07:59:58
TXN00076055,CUST03048,50000.0,Wallet,Indore,0,Low,High Amount Anomaly,2021-03-16,16:49:04
TXN00015354,CUST04622,50000.0,UPI,Pune,0,Low,High Amount Anomaly,2021-04-08,22:12:38
TXN00051148,CUST00231,50000.0,AEPS,Jaipur,0,Low,High Amount Anomaly,2021-04-10,21:35:46
TXN00040179,CUST06713,50000.0,AEPS,Jaipur,0,Low,High Amount Anomaly,2021-04-11,18:16:44
TXN00093931,CUST00022,50000.0,UPI,Lucknow,0,Low,High Amount Anomaly,2021-04-14,06:45:53
TXN00073357,CUST07057,50000.0,Credit Card,Coimbatore,0,Low,High Amount Anomaly,2021-04-22,14:53:39
TXN00061502,CUST07457,50000.0,UPI,Ranchi,0,Low,High Amount Anomaly,2021-04-23,19:44:27
TXN00066053,CUST04767,50000.0,Credit Card,Delhi,0,Low,High Amount Anomaly,2021-04-25,17:52:03
TXN00059484,CUST07351,50000.0,UPI,Patna,0,Low,High Amount Anomaly,2021-04-27,17:01:09
TXN00097058,CUST02319,50000.0,UPI,Aurangabad,0,Low,High Amount Anomaly,2021-04-28,07:16:34
TXN00067772,CUST09383,50000.0,UPI,Noida,0,Low,High Amount Anomaly,2021-05-09,23:40:42
TXN00012116,CUST01836,50000.0,UPI,Nashik,0,Low,High Amount Anomaly,2021-05-10,10:05:52
TXN00080163,CUST04715,50000.0,Debit Card,Patna,0,Low,High Amount Anomaly,2021-05-10,22:28:17
TXN00080758,CUST06599,50000.0,Credit Card,Lucknow,0,Low,High Amount Anomaly,2021-05-11,10:22:13
TXN00013259,CUST02734,50000.0,UPI,Aurangabad,0,Low,High Amount Anomaly,2021-05-11,16:59:29
TXN00079910,CUST02445,50000.0,Debit Card,Chandigarh,0,Low,High Amount Anomaly,2021-05-12,11:12:00
TXN00025913,CUST05159,50000.0,Credit Card,Jaipur,0,Low,High Amount Anomaly,2021-05-17,15:05:07
TXN00092615,CUST01953,50000.0,UPI,Vadodara,0,Low,High Amount Anomaly,2021-05-30,19:51:59
TXN00017423,CUST08781,50000.0,UPI,Patna,0,Low,High Amount Anomaly,2021-05-31,23:56:09
TXN00024566,CUST03273,50000.0,Debit Card,Ahmedabad,0,Low,High Amount Anomaly,2021-06-02,19:24:40
TXN00065969,CUST02252,50000.0,UPI,Kolkata,0,Low,High Amount Anomaly,2021-06-08,11:26:06
TXN00088602,CUST07179,50000.0,UPI,Lucknow,0,Low,High Amount Anomaly,2021-06-13,09:06:33
TXN00039604,CUST07929,50000.0,UPI,Hyderabad,0,Low,High Amount Anomaly,2021-06-29,19:15:03
TXN00059789,CUST04999,50000.0,Debit Card,Bhopal,0,Low,High Amount Anomaly,2021-07-01,10:44:47
TXN00056335,CUST05097,50000.0,UPI,Pune,0,Low,High Amount Anomaly,2021-07-05,17:39:16
TXN00052057,CUST09585,50000.0,UPI,Mysuru,0,Low,High Amount Anomaly,2021-07-14,10:55:36
TXN00082164,CUST05203,50000.0,Credit Card,Indore,0,Low,High Amount Anomaly,2021-07-16,21:20:51
TXN00021615,CUST05962,50000.0,UPI,Nagpur,0,Low,High Amount Anomaly,2021-07-28,07:24:03
TXN00084794,CUST02820,50000.0,UPI,Thiruvananthapuram,0,Low,High Amount Anomaly,2021-07-28,11:18:53
TXN00068396,CUST07167,50000.0,Debit Card,Aurangabad,0,Low,High Amount Anomaly,2021-07-30,22:10:57
TXN00075557,CUST06453,50000.0,UPI,Bhopal,0,Low,High Amount Anomaly,2021-08-02,22:44:46
TXN00067871,CUST08738,50000.0,Net Banking,Coimbatore,0,Low,High Amount Anomaly,2021-08-05,18:18:13
TXN00059443,CUST07791,50000.0,UPI,Noida,0,Low,High Amount Anomaly,2021-08-06,14:38:30
TXN00066265,CUST01014,50000.0,Wallet,Chennai,0,Low,High Amount Anomaly,2021-08-09,18:10:15
TXN00074204,CUST02861,50000.0,Credit Card,Kolkata,0,Low,High Amount Anomaly,2021-08-13,13:25:14
TXN00034263,CUST09273,50000.0,AEPS,Chandigarh,0,Low,High Amount Anomaly,2021-08-14,13:53:04
TXN00001556,CUST04404,50000.0,UPI,Navi Mumbai,0,Low,High Amount Anomaly,2021-08-23,06:43:30
TXN00061254,CUST00061,50000.0,UPI,Delhi,0,Low,High Amount Anomaly,2021-08-25,07:13:18
TXN00073904,CUST08151,50000.0,Debit Card,Bengaluru,0,Low,High Amount Anomaly,2021-08-28,08:49:18
TXN00071623,CUST03849,50000.0,Debit Card,Navi Mumbai,0,Low,High Amount Anomaly,2021-08-31,13:13:34
TXN00086162,CUST00994,50000.0,Credit Card,Bhopal,0,Low,High Amount Anomaly,2021-09-02,20:04:39
TXN00079801,CUST05775,50000.0,Net Banking,Chennai,0,Low,High Amount Anomaly,2021-09-03,16:48:43
TXN00073183,CUST01832,50000.0,Wallet,Thane,0,Low,High Amount Anomaly,2021-09-16,16:55:11
TXN00070195,CUST07545,50000.0,UPI,Patna,0,Low,High Amount Anomaly,2021-09-18,13:16:16
TXN00044526,CUST04953,50000.0,Credit Card,Delhi,0,Low,High Amount Anomaly,2021-09-24,15:47:13
TXN00019787,CUST00371,50000.0,UPI,Lucknow,0,Low,High Amount Anomaly,2021-10-09,08:35:33
TXN00034027,CUST06889,50000.0,UPI,Gurugram,0,Low,High Amount Anomaly,2021-10-11,08:45:35
TXN00004729,CUST05787,50000.0,Credit Card,Vadodara,0,Low,High Amount Anomaly,2021-10-14,20:41:38
TXN00033968,CUST00799,50000.0,Credit Card,Visakhapatnam,0,Low,High Amount Anomaly,2021-10-20,08:16:25
TXN00014814,CUST09637,50000.0,UPI,Lucknow,0,Low,High Amount Anomaly,2021-10-20,23:02:20
TXN00032082,CUST08832,50000.0,UPI,Jaipur,0,Low,High Amount Anomaly,2021-10-21,14:50:41
TXN00029107,CUST08526,50000.0,UPI,Ahmedabad,0,Low,High Amount Anomaly,2021-10-29,13:10:40
TXN00000778,CUST00935,50000.0,UPI,Bhopal,0,Low,High Amount Anomaly,2021-11-03,12:02:53
TXN00003880,CUST02217,50000.0,UPI,Coimbatore,0,Low,High Amount Anomaly,2021-11-06,19:41:39
TXN00038009,CUST08494,50000.0,Debit Card,Kolkata,0,Low,High Amount Anomaly,2021-11-09,17:29:55
TXN00037573,CUST07542,50000.0,UPI,Navi Mumbai,0,Low,High Amount Anomaly,2021-11-10,08:32:53
TXN00094588,CUST02659,50000.0,Net Banking,Hyderabad,0,Low,High Amount Anomaly,2021-11-11,14:31:27
TXN00031699,CUST07806,50000.0,Wallet,Mumbai,0,Low,High Amount Anomaly,2021-11-14,18:57:18
TXN00009677,CUST00094,50000.0,UPI,Nagpur,0,Low,High Amount Anomaly,2021-11-17,08:12:35
TXN00005052,CUST03419,50000.0,Net Banking,Thane,0,Low,High Amount Anomaly,2021-12-02,18:32:25
TXN00012843,CUST03898,50000.0,UPI,Aurangabad,0,Low,High Amount Anomaly,2021-12-03,06:53:00
TXN00032177,CUST07204,50000.0,Credit Card,Coimbatore,0,Low,High Amount Anomaly,2021-12-03,13:37:14
TXN00040112,CUST03353,50000.0,UPI,Bhopal,0,Low,High Amount Anomaly,2021-12-22,06:25:45
TXN00097477,CUST09925,50000.0,Debit Card,Bhubaneswar,0,Low,High Amount Anomaly,2021-12-29,06:38:00
TXN00010434,CUST03149,50000.0,Net Banking,Ranchi,0,Low,High Amount Anomaly,2022-01-11,11:08:02
TXN00017370,CUST09600,50000.0,Debit Card,Nashik,0,Low,High Amount Anomaly,2022-01-11,17:13:02
TXN00090112,CUST05090,50000.0,UPI,Chandigarh,0,Low,High Amount Anomaly,2022-01-13,19:31:27
TXN00031152,CUST04914,50000.0,UPI,Indore,0,Low,High Amount Anomaly,2022-01-16,23:06:55
TXN00089260,CUST00049,50000.0,UPI,Lucknow,0,Low,High Amount Anomaly,2022-01-18,14:01:08
TXN00066902,CUST09452,50000.0,UPI,Gurugram,0,Low,High Amount Anomaly,2022-01-22,22:56:54
TXN00004897,CUST00552,50000.0,UPI,Vadodara,0,Low,High Amount Anomaly,2022-01-26,11:46:19
TXN00064121,CUST06048,50000.0,Debit Card,Visakhapatnam,0,Low,High Amount Anomaly,2022-01-31,15:19:17
TXN00032541,CUST08313,50000.0,UPI,Gurugram,0,Low,High Amount Anomaly,2022-02-05,13:40:44
TXN00040048,CUST01073,50000.0,UPI,Chandigarh,0,Low,High Amount Anomaly,2022-02-07,09:16:48
TXN00066658,CUST01441,50000.0,UPI,Ahmedabad,0,Low,High Amount Anomaly,2022-02-12,07:33:42
TXN00010498,CUST09719,50000.0,UPI,Indore,0,Low,High Amount Anomaly,2022-02-18,22:17:20
TXN00005098,CUST00584,50000.0,Wallet,Noida,0,Low,High Amount Anomaly,2022-02-20,21:16:46
TXN00080879,CUST04424,50000.0,UPI,Jaipur,0,Low,High Amount Anomaly,2022-02-23,09:04:05
TXN00087519,CUST01368,50000.0,Credit Card,Nashik,0,Low,High Amount Anomaly,2022-02-25,15:07:13
TXN00070323,CUST00541,50000.0,AEPS,Bengaluru,0,Low,High Amount Anomaly,2022-03-03,12:06:24
TXN00024081,CUST08123,50000.0,UPI,Nashik,0,Low,High Amount Anomaly,2022-03-03,16:37:48
TXN00017124,CUST04371,50000.0,Net Banking,Delhi,0,Low,High Amount Anomaly,2022-03-12,09:16:36
TXN00019440,CUST01820,50000.0,UPI,Ranchi,0,Low,High Amount Anomaly,2022-03-14,11:07:48
TXN00041025,CUST06054,50000.0,UPI,Patna,0,Low,High Amount Anomaly,2022-03-17,10:53:02
TXN00040874,CUST05044,50000.0,UPI,Mumbai,0,Low,High Amount Anomaly,2022-03-25,11:40:22
TXN00024675,CUST09074,50000.0,UPI,Navi Mumbai,0,Low,High Amount Anomaly,2022-04-06,06:52:35
TXN00055115,CUST08913,50000.0,UPI,Lucknow,0,Low,High Amount Anomaly,2022-04-07,17:59:07
TXN00066694,CUST04846,50000.0,Debit Card,Surat,0,Low,High Amount Anomaly,2022-04-20,16:34:57
TXN00041663,CUST02034,50000.0,UPI,Ranchi,0,Low,High Amount Anomaly,2022-04-22,16:21:47
TXN00018251,CUST07509,50000.0,UPI,Ahmedabad,0,Low,High Amount Anomaly,2022-04-26,16:16:55
TXN00067478,CUST07629,50000.0,UPI,Delhi,0,Low,High Amount Anomaly,2022-04-28,19:16:24
TXN00055440,CUST01069,50000.0,UPI,Jaipur,0,Low,High Amount Anomaly,2022-05-03,22:13:44
TXN00061700,CUST08624,50000.0,UPI,Aurangabad,0,Low,High Amount Anomaly,2022-05-08,11:54:09
TXN00089946,CUST04795,50000.0,Wallet,Mysuru,0,Low,High Amount Anomaly,2022-05-21,18:51:21
TXN00045726,CUST04176,50000.0,UPI,Noida,0,Low,High Amount Anomaly,2022-05-28,22:04:26
TXN00002779,CUST03806,50000.0,Credit Card,Kolkata,0,Low,High Amount Anomaly,2022-06-04,11:15:18
TXN00056124,CUST07910,50000.0,UPI,Pune,0,Low,High Amount Anomaly,2022-06-08,21:06:38
TXN00060061,CUST04246,50000.0,Debit Card,Lucknow,0,Low,High Amount Anomaly,2022-06-10,17:56:01
TXN00009559,CUST02023,50000.0,Debit Card,Indore,0,Low,High Amount Anomaly,2022-06-11,12:45:10
TXN00055273,CUST01501,50000.0,UPI,Patna,0,Low,High Amount Anomaly,2022-06-25,18:11:20
TXN00088208,CUST03296,50000.0,UPI,Gurugram,0,Low,High Amount Anomaly,2022-07-10,16:09:42
TXN00095431,CUST06499,50000.0,Net Banking,Surat,0,Low,High Amount Anomaly,2022-07-11,14:21:10
TXN00059267,CUST06957,50000.0,Wallet,Aurangabad,0,Low,High Amount Anomaly,2022-07-12,11:44:16
TXN00042857,CUST09688,50000.0,UPI,Bhubaneswar,0,Low,High Amount Anomaly,2022-07-13,07:15:40
TXN00065429,CUST09289,50000.0,UPI,Visakhapatnam,0,Low,High Amount Anomaly,2022-07-29,23:28:57
TXN00035437,CUST02341,50000.0,UPI,Aurangabad,0,Low,High Amount Anomaly,2022-07-30,15:42:37
TXN00072859,CUST07946,50000.0,UPI,Coimbatore,0,Low,High Amount Anomaly,2022-07-31,10:58:46
TXN00013388,CUST07895,50000.0,UPI,Coimbatore,0,Low,High Amount Anomaly,2022-08-05,21:54:49
TXN00022393,CUST06564,50000.0,UPI,Vadodara,0,Low,High Amount Anomaly,2022-08-10,14:11:12
TXN00034337,CUST03715,50000.0,Net Banking,Nashik,0,Low,High Amount Anomaly,2022-08-12,18:28:42
TXN00039677,CUST01708,50000.0,UPI,Indore,0,Low,High Amount Anomaly,2022-08-12,23:46:09
TXN00009443,CUST02908,50000.0,Wallet,Kochi,0,Low,High Amount Anomaly,2022-08-16,10:30:22
TXN00091490,CUST07179,50000.0,Credit Card,Lucknow,0,Low,High Amount Anomaly,2022-08-20,17:58:04
TXN00091095,CUST04677,50000.0,UPI,Vadodara,0,Low,High Amount Anomaly,2022-08-31,11:37:56
TXN00033945,CUST00705,50000.0,UPI,Mysuru,0,Low,High Amount Anomaly,2022-09-01,20:23:46
TXN00073808,CUST00015,50000.0,Credit Card,Lucknow,0,Low,High Amount Anomaly,2022-09-05,08:28:10
TXN00017695,CUST07560,50000.0,Credit Card,Bengaluru,0,Low,High Amount Anomaly,2022-09-08,14:00:15
TXN00001756,CUST04455,50000.0,UPI,Gurugram,0,Low,High Amount Anomaly,2022-09-09,08:24:01
TXN00028562,CUST01795,50000.0,Credit Card,Gurugram,0,Low,High Amount Anomaly,2022-09-11,21:29:49
TXN00035198,CUST03943,50000.0,UPI,Chandigarh,0,Low,High Amount Anomaly,2022-09-13,10:30:41
TXN00063057,CUST02207,50000.0,UPI,Ranchi,0,Low,High Amount Anomaly,2022-09-15,20:05:15
TXN00083689,CUST09395,50000.0,Net Banking,Bengaluru,0,Low,High Amount Anomaly,2022-09-23,09:16:41
TXN00068939,CUST06936,50000.0,UPI,Chandigarh,0,Low,High Amount Anomaly,2022-09-28,07:19:54
TXN00060045,CUST00488,50000.0,Wallet,Thiruvananthapuram,0,Low,High Amount Anomaly,2022-09-29,10:09:26
TXN00088439,CUST04575,50000.0,UPI,Bengaluru,0,Low,High Amount Anomaly,2022-10-05,06:59:08
TXN00055516,CUST00534,50000.0,Debit Card,Nagpur,0,Low,High Amount Anomaly,2022-10-05,14:59:49
TXN00090949,CUST09337,50000.0,UPI,Nagpur,0,Low,High Amount Anomaly,2022-10-09,07:47:30
TXN00021610,CUST04690,50000.0,UPI,Jaipur,0,Low,High Amount Anomaly,2022-10-10,19:23:57
TXN00085517,CUST01749,50000.0,UPI,Chennai,0,Low,High Amount Anomaly,2022-10-22,20:52:40
TXN00003708,CUST08274,50000.0,UPI,Delhi,0,Low,High Amount Anomaly,2022-10-23,19:03:54
TXN00053202,CUST08016,50000.0,UPI,Coimbatore,0,Low,High Amount Anomaly,2022-10-25,12:16:26
TXN00010950,CUST02186,50000.0,Net Banking,Mysuru,0,Low,High Amount Anomaly,2022-10-29,16:56:39
TXN00016717,CUST01645,50000.0,AEPS,Chennai,0,Low,High Amount Anomaly,2022-11-04,11:38:04
TXN00025317,CUST01045,50000.0,Credit Card,Pune,0,Low,High Amount Anomaly,2022-11-05,07:36:57
TXN00075847,CUST05012,50000.0,UPI,Thiruvananthapuram,0,Low,High Amount Anomaly,2022-11-09,06:16:07
TXN00041893,CUST02117,50000.0,UPI,Kolkata,0,Low,High Amount Anomaly,2022-11-11,07:19:28
TXN00059544,CUST03325,50000.0,UPI,Kochi,0,Low,High Amount Anomaly,2022-11-14,14:06:00
TXN00084312,CUST06516,50000.0,Wallet,Noida,0,Low,High Amount Anomaly,2022-11-16,11:19:24
TXN00042262,CUST01630,50000.0,UPI,Jaipur,0,Low,High Amount Anomaly,2022-11-25,15:09:46
TXN00039809,CUST07272,50000.0,UPI,Jaipur,0,Low,High Amount Anomaly,2022-11-25,22:16:45
TXN00089545,CUST04199,50000.0,UPI,Delhi,0,Low,High Amount Anomaly,2022-12-08,18:12:33
TXN00056364,CUST04325,50000.0,Debit Card,Kolkata,0,Low,High Amount Anomaly,2022-12-20,23:27:24
TXN00090530,CUST04128,50000.0,UPI,Navi Mumbai,0,Low,High Amount Anomaly,2022-12-26,23:28:46
TXN00018708,CUST06344,50000.0,Net Banking,Thane,0,Low,High Amount Anomaly,2022-12-30,19:15:01
TXN00084410,CUST05105,50000.0,UPI,Mumbai,0,Low,High Amount Anomaly,2023-01-02,17:54:22
TXN00046632,CUST05656,50000.0,UPI,Nagpur,0,Low,High Amount Anomaly,2023-01-14,21:21:05
TXN00079990,CUST01409,50000.0,Net Banking,Chandigarh,0,Low,High Amount Anomaly,2023-01-18,17:24:25
TXN00049773,CUST05859,50000.0,Net Banking,Kolkata,0,Low,High Amount Anomaly,2023-01-23,15:21:49
TXN00015856,CUST02808,50000.0,UPI,Ahmedabad,0,Low,High Amount Anomaly,2023-01-28,07:31:26
TXN00071453,CUST04825,50000.0,UPI,Bengaluru,0,Low,High Amount Anomaly,2023-02-01,18:47:59
TXN00059592,CUST06444,50000.0,UPI,Kolkata,0,Low,High Amount Anomaly,2023-02-01,22:31:48
TXN00045499,CUST09724,50000.0,Net Banking,Chandigarh,0,Low,High Amount Anomaly,2023-02-03,14:12:27
TXN00002296,CUST03776,50000.0,UPI,Noida,0,Low,High Amount Anomaly,2023-02-04,17:44:23
TXN00038986,CUST08336,50000.0,Net Banking,Ranchi,0,Low,High Amount Anomaly,2023-02-08,09:53:17
TXN00042642,CUST03325,50000.0,UPI,Kochi,0,Low,High Amount Anomaly,2023-02-09,16:05:10
TXN00001296,CUST04410,50000.0,UPI,Patna,0,Low,High Amount Anomaly,2023-02-25,23:03:04
TXN00040924,CUST07383,50000.0,Wallet,Mysuru,0,Low,High Amount Anomaly,2023-02-26,17:07:59
TXN00016599,CUST05247,50000.0,Net Banking,Ranchi,0,Low,High Amount Anomaly,2023-03-10,21:23:45
TXN00040448,CUST02980,50000.0,Credit Card,Chennai,0,Low,High Amount Anomaly,2023-03-13,17:08:26
TXN00042312,CUST02115,50000.0,UPI,Kochi,0,Low,High Amount Anomaly,2023-03-17,11:49:26
TXN00088381,CUST06744,50000.0,UPI,Lucknow,0,Low,High Amount Anomaly,2023-03-22,14:28:16
TXN00041373,CUST01332,50000.0,UPI,Thiruvananthapuram,0,Low,High Amount Anomaly,2023-03-27,19:27:11
TXN00021578,CUST07445,50000.0,Net Banking,Kolkata,0,Low,High Amount Anomaly,2023-03-28,10:21:12
TXN00044004,CUST02267,50000.0,UPI,Pune,0,Low,High Amount Anomaly,2023-04-05,08:02:36
TXN00095326,CUST05794,50000.0,Debit Card,Ahmedabad,0,Low,High Amount Anomaly,2023-04-11,08:50:35
TXN00081724,CUST05749,50000.0,Net Banking,Jaipur,0,Low,High Amount Anomaly,2023-04-13,23:48:11
TXN00020460,CUST07599,50000.0,UPI,Nagpur,0,Low,High Amount Anomaly,2023-04-16,19:59:29
TXN00066117,CUST02388,50000.0,Credit Card,Patna,0,Low,High Amount Anomaly,2023-04-16,22:50:26
TXN00082603,CUST06817,50000.0,UPI,Noida,0,Low,High Amount Anomaly,2023-04-26,19:47:58
TXN00051227,CUST06002,50000.0,UPI,Ranchi,0,Low,High Amount Anomaly,2023-04-27,07:32:40
TXN00051296,CUST04476,50000.0,Debit Card,Chandigarh,0,Low,High Amount Anomaly,2023-04-30,14:53:24
TXN00040142,CUST08140,50000.0,UPI,Thiruvananthapuram,0,Low,High Amount Anomaly,2023-05-02,18:40:33
TXN00068400,CUST09056,50000.0,UPI,Nagpur,0,Low,High Amount Anomaly,2023-05-06,16:59:49
TXN00053159,CUST06777,50000.0,UPI,Patna,0,Low,High Amount Anomaly,2023-05-09,20:20:52
TXN00029515,CUST08660,50000.0,Wallet,Aurangabad,0,Low,High Amount Anomaly,2023-05-12,07:59:49
TXN00041313,CUST03627,50000.0,UPI,Thiruvananthapuram,0,Low,High Amount Anomaly,2023-05-13,21:54:35
TXN00035634,CUST03994,50000.0,UPI,Hyderabad,0,Low,High Amount Anomaly,2023-05-14,09:02:12
TXN00095729,CUST08753,50000.0,AEPS,Kolkata,0,Low,High Amount Anomaly,2023-05-18,11:14:51
TXN00078380,CUST03105,50000.0,Debit Card,Kolkata,0,Low,High Amount Anomaly,2023-06-01,11:15:39
TXN00022780,CUST03429,50000.0,Wallet,Patna,0,Low,High Amount Anomaly,2023-06-05,12:01:01
TXN00041913,CUST06777,50000.0,UPI,Patna,0,Low,High Amount Anomaly,2023-06-18,06:05:53
TXN00064103,CUST07450,50000.0,UPI,Surat,0,Low,High Amount Anomaly,2023-06-24,18:00:50
TXN00005512,CUST07219,50000.0,UPI,Visakhapatnam,0,Low,High Amount Anomaly,2023-07-01,08:26:44
TXN00037330,CUST07306,50000.0,UPI,Nashik,0,Low,High Amount Anomaly,2023-07-08,12:53:17
TXN00058443,CUST06424,50000.0,UPI,Ranchi,0,Low,High Amount Anomaly,2023-07-10,18:18:56
TXN00081039,CUST07284,50000.0,UPI,Chennai,0,Low,High Amount Anomaly,2023-07-13,15:33:52
TXN00026193,CUST00038,50000.0,UPI,Vadodara,0,Low,High Amount Anomaly,2023-07-14,13:51:10
TXN00093148,CUST01523,50000.0,UPI,Bengaluru,0,Low,High Amount Anomaly,2023-07-19,06:26:41
TXN00058784,CUST09947,50000.0,Credit Card,Noida,0,Low,High Amount Anomaly,2023-07-20,06:28:35
TXN00093367,CUST04408,50000.0,Debit Card,Nagpur,0,Low,High Amount Anomaly,2023-07-30,18:01:41
TXN00075485,CUST03947,50000.0,Net Banking,Ranchi,0,Low,High Amount Anomaly,2023-08-01,10:49:21
TXN00035833,CUST06175,50000.0,Credit Card,Visakhapatnam,0,Low,High Amount Anomaly,2023-08-04,18:53:02
TXN00098876,CUST03839,50000.0,UPI,Jaipur,0,Low,High Amount Anomaly,2023-08-10,07:06:40
TXN00074433,CUST06733,50000.0,UPI,Jaipur,0,Low,High Amount Anomaly,2023-08-10,12:07:39
TXN00052296,CUST06453,50000.0,UPI,Bhopal,0,Low,High Amount Anomaly,2023-08-11,10:16:41
TXN00060890,CUST05700,50000.0,UPI,Thiruvananthapuram,0,Low,High Amount Anomaly,2023-08-15,08:39:22
TXN00041807,CUST03936,50000.0,Debit Card,Mumbai,0,Low,High Amount Anomaly,2023-08-22,16:53:04
TXN00052858,CUST07020,50000.0,UPI,Indore,0,Low,High Amount Anomaly,2023-08-26,07:45:27
TXN00028622,CUST04451,50000.0,Net Banking,Surat,0,Low,High Amount Anomaly,2023-08-29,13:41:53
TXN00080125,CUST09719,50000.0,Credit Card,Indore,0,Low,High Amount Anomaly,2023-08-31,14:18:01
TXN00001928,CUST07943,50000.0,UPI,Visakhapatnam,0,Low,High Amount Anomaly,2023-09-04,14:06:01
TXN00042094,CUST03891,50000.0,UPI,Hyderabad,0,Low,High Amount Anomaly,2023-09-14,22:13:06
TXN00019731,CUST09265,50000.0,UPI,Vadodara,0,Low,High Amount Anomaly,2023-09-25,09:39:46
TXN00036557,CUST02738,50000.0,UPI,Noida,0,Low,High Amount Anomaly,2023-09-28,12:54:40
TXN00000458,CUST03614,50000.0,UPI,Visakhapatnam,0,Low,High Amount Anomaly,2023-10-04,14:52:37
TXN00071026,CUST00755,50000.0,UPI,Indore,0,Low,High Amount Anomaly,2023-10-17,07:19:13
TXN00080104,CUST00483,50000.0,UPI,Bengaluru,0,Low,High Amount Anomaly,2023-10-18,08:45:23
TXN00072987,CUST05237,50000.0,Debit Card,Vadodara,0,Low,High Amount Anomaly,2023-10-21,18:50:18
TXN00095295,CUST05558,50000.0,UPI,Vadodara,0,Low,High Amount Anomaly,2023-10-23,21:43:19
TXN00057212,CUST01278,50000.0,Wallet,Kochi,0,Low,High Amount Anomaly,2023-10-25,15:22:04
TXN00064508,CUST01981,50000.0,UPI,Aurangabad,0,Low,High Amount Anomaly,2023-10-27,15:50:54
TXN00041956,CUST01120,50000.0,Debit Card,Ahmedabad,0,Low,High Amount Anomaly,2023-11-02,23:32:45
TXN00029603,CUST09802,50000.0,Credit Card,Noida,0,Low,High Amount Anomaly,2023-11-05,20:45:54
TXN00071994,CUST08915,50000.0,UPI,Indore,0,Low,High Amount Anomaly,2023-11-14,15:35:10
TXN00073291,CUST08735,50000.0,Debit Card,Indore,0,Low,High Amount Anomaly,2023-11-23,10:38:20
TXN00002007,CUST01453,50000.0,Credit Card,Mumbai,0,Low,High Amount Anomaly,2023-12-03,16:48:19
TXN00046797,CUST07968,50000.0,Debit Card,Thane,0,Low,High Amount Anomaly,2023-12-09,12:32:35
TXN00079991,CUST03099,50000.0,UPI,Bengaluru,0,Low,High Amount Anomaly,2023-12-11,07:24:05
TXN00054869,CUST05958,50000.0,UPI,Patna,0,Low,High Amount Anomaly,2023-12-17,19:02:38
TXN00045293,CUST08661,50000.0,UPI,Ahmedabad,0,Low,High Amount Anomaly,2023-12-23,20:10:31
TXN00048298,CUST01411,50000.0,Debit Card,Navi Mumbai,0,Low,High Amount Anomaly,2023-12-25,06:54:35
TXN00002330,CUST07567,50000.0,UPI,Bhopal,0,Low,High Amount Anomaly,2023-12-27,12:54:25
TXN00064461,CUST00404,50000.0,UPI,Ranchi,0,Low,High Amount Anomaly,2023-12-28,07:12:53
TXN00095636,CUST00783,50000.0,Net Banking,Pune,0,Low,High Amount Anomaly,2023-12-29,21:10:27
TXN00073274,CUST09902,50000.0,UPI,Surat,0,Low,High Amount Anomaly,2024-01-10,07:23:13
TXN00058668,CUST02593,50000.0,Debit Card,Pune,0,Low,High Amount Anomaly,2024-01-13,19:25:30
TXN00078348,CUST06863,50000.0,AEPS,Gurugram,0,Low,High Amount Anomaly,2024-01-20,22:01:02
TXN00044761,CUST04374,50000.0,UPI,Pune,0,Low,High Amount Anomaly,2024-01-27,17:10:35
TXN00022004,CUST00022,50000.0,UPI,Lucknow,0,Low,High Amount Anomaly,2024-02-03,11:02:36
TXN00045851,CUST00624,50000.0,UPI,Coimbatore,0,Low,High Amount Anomaly,2024-02-05,10:41:42
TXN00055887,CUST03074,50000.0,UPI,Surat,0,Low,High Amount Anomaly,2024-02-11,21:53:00
TXN00068328,CUST04371,50000.0,UPI,Delhi,0,Low,High Amount Anomaly,2024-02-19,20:35:20
TXN00009038,CUST09657,50000.0,Debit Card,Kolkata,0,Low,High Amount Anomaly,2024-02-23,17:20:49
TXN00029508,CUST08918,50000.0,Wallet,Delhi,0,Low,High Amount Anomaly,2024-03-04,22:49:29
TXN00041007,CUST05508,50000.0,UPI,Ranchi,0,Low,High Amount Anomaly,2024-03-05,08:43:22
TXN00052989,CUST02880,50000.0,UPI,Mysuru,0,Low,High Amount Anomaly,2024-03-06,06:21:36
TXN00084049,CUST05389,50000.0,Wallet,Hyderabad,0,Low,High Amount Anomaly,2024-03-07,20:32:53
TXN00057934,CUST08292,50000.0,Wallet,Noida,0,Low,High Amount Anomaly,2024-03-10,12:44:15
TXN00069545,CUST05245,50000.0,UPI,Hyderabad,0,Low,High Amount Anomaly,2024-03-10,17:23:14
TXN00026486,CUST01015,50000.0,UPI,Ahmedabad,0,Low,High Amount Anomaly,2024-03-15,22:45:16
TXN00044435,CUST03295,50000.0,Debit Card,Chennai,0,Low,High Amount Anomaly,2024-03-25,22:42:42
TXN00028244,CUST07430,50000.0,UPI,Bhubaneswar,0,Low,High Amount Anomaly,2024-03-29,18:47:31
TXN00079836,CUST09338,50000.0,Debit Card,Ahmedabad,0,Low,High Amount Anomaly,2024-03-31,09:15:16
TXN00013877,CUST07563,50000.0,UPI,Surat,0,Low,High Amount Anomaly,2024-04-29,10:42:23
TXN00019686,CUST02911,50000.0,UPI,Nashik,0,Low,High Amount Anomaly,2024-05-02,22:49:33
TXN00039578,CUST03629,50000.0,Credit Card,Noida,0,Low,High Amount Anomaly,2024-05-09,16:29:54
TXN00094991,CUST04382,50000.0,UPI,Thiruvananthapuram,0,Low,High Amount Anomaly,2024-05-10,12:50:10
TXN00013691,CUST01678,50000.0,UPI,Aurangabad,0,Low,High Amount Anomaly,2024-05-12,08:50:00
TXN00049653,CUST08121,50000.0,UPI,Jaipur,0,Low,High Amount Anomaly,2024-05-20,06:49:57
TXN00017718,CUST06600,50000.0,Net Banking,Bengaluru,0,Low,High Amount Anomaly,2024-05-27,17:26:55
TXN00034785,CUST05663,50000.0,Debit Card,Ahmedabad,0,Low,High Amount Anomaly,2024-05-31,21:27:36
TXN00016808,CUST05291,50000.0,UPI,Ahmedabad,0,Low,High Amount Anomaly,2024-06-09,11:15:56
TXN00064642,CUST07016,50000.0,UPI,Pune,0,Low,High Amount Anomaly,2024-06-20,08:07:33
TXN00038379,CUST04617,50000.0,UPI,Gurugram,0,Low,High Amount Anomaly,2024-06-25,06:33:53
TXN00063614,CUST02652,50000.0,UPI,Ranchi,0,Low,High Amount Anomaly,2024-06-26,11:05:48
TXN00055781,CUST03185,50000.0,UPI,Noida,0,Low,High Amount Anomaly,2024-07-05,07:45:15
TXN00060663,CUST01093,50000.0,UPI,Thane,0,Low,High Amount Anomaly,2024-07-21,23:14:55
TXN00059374,CUST05406,50000.0,UPI,Thiruvananthapuram,0,Low,High Amount Anomaly,2024-07-24,17:31:30
TXN00057792,CUST01302,50000.0,UPI,Hyderabad,0,Low,High Amount Anomaly,2024-08-03,17:56:32
TXN00029088,CUST03275,50000.0,Net Banking,Gurugram,0,Low,High Amount Anomaly,2024-08-22,07:59:41
TXN00023179,CUST09197,50000.0,UPI,Noida,0,Low,High Amount Anomaly,2024-08-24,19:56:04
TXN00025616,CUST03602,50000.0,Debit Card,Coimbatore,0,Low,High Amount Anomaly,2024-08-26,22:18:06
TXN00079442,CUST07287,50000.0,UPI,Patna,0,Low,High Amount Anomaly,2024-08-27,06:55:29
TXN00097816,CUST07353,50000.0,UPI,Coimbatore,0,Low,High Amount Anomaly,2024-09-11,06:24:59
TXN00011565,CUST03140,50000.0,Net Banking,Vadodara,0,Low,High Amount Anomaly,2024-09-13,16:10:08
TXN00063248,CUST04879,50000.0,UPI,Mumbai,0,Low,High Amount Anomaly,2024-09-26,18:49:15
TXN00077608,CUST04923,50000.0,Net Banking,Navi Mumbai,0,Low,High Amount Anomaly,2024-09-27,09:23:37
TXN00045031,CUST01456,50000.0,UPI,Kochi,0,Low,High Amount Anomaly,2024-09-27,19:14:01
TXN00047108,CUST02890,50000.0,Net Banking,Aurangabad,0,Low,High Amount Anomaly,2024-10-01,11:04:52
TXN00031711,CUST03605,50000.0,Credit Card,Visakhapatnam,0,Low,High Amount Anomaly,2024-10-07,23:33:01
TXN00095956,CUST04147,50000.0,UPI,Thane,0,Low,High Amount Anomaly,2024-10-17,13:54:23
TXN00068081,CUST02318,50000.0,Net Banking,Ahmedabad,0,Low,High Amount Anomaly,2024-10-22,17:33:59
TXN00004911,CUST06907,50000.0,UPI,Gurugram,0,Low,High Amount Anomaly,2024-10-29,10:16:52
TXN00005905,CUST07840,50000.0,UPI,Nashik,0,Low,High Amount Anomaly,2024-11-29,21:37:12
TXN00063611,CUST04792,50000.0,UPI,Aurangabad,0,Low,High Amount Anomaly,2024-12-09,07:37:41
TXN00079184,CUST05611,50000.0,Wallet,Coimbatore,0,Low,High Amount Anomaly,2024-12-10,16:05:03
TXN00084552,CUST01587,50000.0,Wallet,Mysuru,0,Low,High Amount Anomaly,2024-12-11,19:47:19
TXN00061191,CUST00761,50000.0,UPI,Pune,0,Low,High Amount Anomaly,2024-12-13,06:17:56
TXN00024555,CUST03060,50000.0,Net Banking,Nagpur,0,Low,High Amount Anomaly,2024-12-27,06:15:30
TXN00005772,CUST05573,50000.0,UPI,Navi Mumbai,0,Low,High Amount Anomaly,2024-12-28,12:47:07
TXN00074498,CUST09062,50000.0,Credit Card,Nagpur,0,Low,High Amount Anomaly,2024-12-29,15:07:03
TXN00049110,CUST01859,50000.0,UPI,Coimbatore,0,Low,High Amount Anomaly,2025-01-03,17:44:16
TXN00076366,CUST04554,50000.0,UPI,Pune,0,Low,High Amount Anomaly,2025-01-16,08:03:54
TXN00048700,CUST07561,50000.0,UPI,Nagpur,0,Low,High Amount Anomaly,2025-01-24,11:19:14
TXN00078649,CUST01549,50000.0,Credit Card,Vadodara,0,Low,High Amount Anomaly,2025-01-31,22:12:15
TXN00004390,CUST09078,50000.0,Net Banking,Vadodara,0,Low,High Amount Anomaly,2025-02-05,11:42:35
TXN00047328,CUST03928,50000.0,Debit Card,Noida,0,Low,High Amount Anomaly,2025-02-07,09:21:55
TXN00060273,CUST04667,50000.0,UPI,Thane,0,Low,High Amount Anomaly,2025-02-15,07:54:21
TXN00053262,CUST09171,50000.0,UPI,Chandigarh,0,Low,High Amount Anomaly,2025-02-19,16:15:33
TXN00077499,CUST09980,50000.0,Wallet,Nashik,0,Low,High Amount Anomaly,2025-02-19,16:41:26
TXN00091704,CUST00892,50000.0,Debit Card,Delhi,0,Low,High Amount Anomaly,2025-03-01,15:05:51
TXN00055371,CUST04441,50000.0,UPI,Coimbatore,0,Low,High Amount Anomaly,2025-03-02,11:08:54
TXN00074076,CUST03865,50000.0,UPI,Hyderabad,0,Low,High Amount Anomaly,2025-03-05,17:01:27
TXN00019505,CUST04132,50000.0,UPI,Vadodara,0,Low,High Amount Anomaly,2025-03-17,10:41:27
TXN00071046,CUST04011,50000.0,Debit Card,Jaipur,0,Low,High Amount Anomaly,2025-03-17,21:38:05
TXN00037587,CUST09934,50000.0,Wallet,Bengaluru,0,Low,High Amount Anomaly,2025-03-18,21:31:46
TXN00064486,CUST08328,50000.0,AEPS,Thane,0,Low,High Amount Anomaly,2025-03-22,06:55:15
TXN00035502,CUST07026,50000.0,UPI,Vadodara,0,Low,High Amount Anomaly,2025-03-22,12:38:11
TXN00017901,CUST05300,50000.0,AEPS,Thiruvananthapuram,0,Low,High Amount Anomaly,2025-03-27,16:21:34
TXN00047075,CUST00261,50000.0,UPI,Coimbatore,0,Low,High Amount Anomaly,2025-04-03,14:47:10
TXN00004195,CUST04117,50000.0,Debit Card,Thane,0,Low,High Amount Anomaly,2025-04-05,08:16:40
TXN00003302,CUST00023,50000.0,Debit Card,Aurangabad,0,Low,High Amount Anomaly,2025-04-14,06:22:28
TXN00098951,CUST09821,50000.0,Credit Card,Mumbai,0,Low,High Amount Anomaly,2025-04-15,19:32:47
TXN00096923,CUST06204,50000.0,UPI,Nashik,0,Low,High Amount Anomaly,2025-04-21,22:20:46
TXN00055753,CUST07483,50000.0,Credit Card,Indore,0,Low,High Amount Anomaly,2025-04-22,13:58:50
TXN00049280,CUST03818,50000.0,UPI,Kochi,0,Low,High Amount Anomaly,2025-04-29,12:49:00
TXN00088756,CUST06575,50000.0,Wallet,Aurangabad,0,Low,High Amount Anomaly,2025-05-04,11:58:32
TXN00031229,CUST09864,50000.0,Debit Card,Mysuru,0,Low,High Amount Anomaly,2025-05-09,09:05:39
TXN00090363,CUST09390,50000.0,Debit Card,Gurugram,0,Low,High Amount Anomaly,2025-05-12,12:17:26
TXN00066751,CUST04375,50000.0,Wallet,Kolkata,0,Low,High Amount Anomaly,2025-05-18,14:21:43
TXN00007833,CUST08383,50000.0,UPI,Hyderabad,0,Low,High Amount Anomaly,2025-05-31,14:56:19
TXN00096485,CUST04722,50000.0,UPI,Navi Mumbai,0,Low,High Amount Anomaly,2025-06-02,09:54:35
TXN00001983,CUST03772,50000.0,UPI,Vadodara,0,Low,High Amount Anomaly,2025-06-09,18:16:52
TXN00071975,CUST03234,50000.0,Credit Card,Mumbai,0,Low,High Amount Anomaly,2025-06-10,08:43:02
TXN00026491,CUST07012,50000.0,UPI,Lucknow,0,Low,High Amount Anomaly,2025-06-14,19:39:49
TXN00021857,CUST02957,50000.0,Wallet,Bhopal,0,Low,High Amount Anomaly,2025-06-19,20:15:09
TXN00028699,CUST05645,50000.0,UPI,Aurangabad,0,Low,High Amount Anomaly,2025-07-08,22:33:55
TXN00059362,CUST09873,50000.0,Debit Card,Ahmedabad,0,Low,High Amount Anomaly,2025-07-17,09:35:46
TXN00045872,CUST09147,50000.0,UPI,Patna,0,Low,High Amount Anomaly,2025-07-21,18:38:36
TXN00033784,CUST03453,50000.0,Credit Card,Visakhapatnam,0,Low,High Amount Anomaly,2025-07-28,12:33:30
TXN00074054,CUST08685,50000.0,Net Banking,Lucknow,0,Low,High Amount Anomaly,2025-08-12,20:38:35
TXN00083653,CUST07841,50000.0,UPI,Hyderabad,0,Low,High Amount Anomaly,2025-08-22,13:00:38
TXN00080755,CUST08558,50000.0,UPI,Hyderabad,0,Low,High Amount Anomaly,2025-09-07,23:31:19
TXN00018429,CUST00311,50000.0,UPI,Hyderabad,0,Low,High Amount Anomaly,2025-09-15,10:38:04
TXN00001067,CUST04693,50000.0,Debit Card,Pune,0,Low,High Amount Anomaly,2025-09-23,15:28:45
TXN00084956,CUST08335,50000.0,Debit Card,Mumbai,0,Low,High Amount Anomaly,2025-10-01,12:33:15
TXN00025321,CUST09867,50000.0,UPI,Ranchi,0,Low,High Amount Anomaly,2025-10-01,15:10:44
TXN00038884,CUST08186,50000.0,UPI,Bhubaneswar,0,Low,High Amount Anomaly,2025-10-16,16:44:44
TXN00006080,CUST07594,50000.0,AEPS,Ranchi,0,Low,High Amount Anomaly,2025-10-24,14:09:18
TXN00019339,CUST01151,50000.0,UPI,Bhopal,0,Low,High Amount Anomaly,2025-11-09,21:19:53
TXN00098451,CUST09276,50000.0,UPI,Chennai,0,Low,High Amount Anomaly,2025-11-26,15:35:09
TXN00078162,CUST03954,50000.0,UPI,Mumbai,0,Low,High Amount Anomaly,2025-11-30,12:43:37
TXN00088222,CUST04487,50000.0,UPI,Bengaluru,0,Low,High Amount Anomaly,2025-12-08,22:47:25
TXN00010356,CUST05738,50000.0,UPI,Nagpur,0,Low,High Amount Anomaly,2025-12-12,10:11:02
TXN00041747,CUST01671,50000.0,UPI,Indore,0,Low,High Amount Anomaly,2025-12-23,16:20:22
TXN00084271,CUST00830,50000.0,Net Banking,Coimbatore,0,Low,High Amount Anomaly,2025-12-25,17:48:43
TXN00070362,CUST09325,50000.0,Debit Card,Thane,0,Low,High Amount Anomaly,2025-12-28,07:44:37
TXN00021378,CUST03240,50000.0,Net Banking,Hyderabad,0,Low,High Amount Anomaly,2025-12-29,18:15:27
TXN00062295,CUST03505,48251.74,Wallet,Indore,0,Low,Repeated Failed Attempts,2025-09-17,14:52:15
TXN00000420,CUST05897,44738.62,Credit Card,Vadodara,0,Low,Repeated Failed Attempts,2022-02-08,10:35:33
TXN00027984,CUST03365,44562.34,UPI,Navi Mumbai,0,Low,Velocity Attack,2023-09-20,17:40:20
TXN00034506,CUST08078,44087.13,UPI,Patna,0,Low,Velocity Attack,2024-07-17,12:33:32
TXN00007246,CUST01412,40532.26,UPI,Navi Mumbai,0,Low,Repeated Failed Attempts,2021-08-11,12:25:36
TXN00046863,CUST08639,32355.05,UPI,Surat,0,Low,Repeated Failed Attempts,2021-03-30,10:48:36
TXN00094375,CUST05000,32083.23,UPI,Bhubaneswar,0,Low,Velocity Attack,2025-08-02,23:18:48
TXN00074580,CUST04838,30012.58,UPI,Hyderabad,0,Low,Velocity Attack,2025-06-19,23:35:16
TXN00014569,CUST05614,30001.52,UPI,Patna,0,Low,Velocity Attack,2022-11-10,21:35:29
TXN00068681,CUST08480,27271.61,UPI,Coimbatore,0,Low,Repeated Failed Attempts,2022-06-23,14:10:09
TXN00059229,CUST06227,27001.0,UPI,Thane,0,Low,Velocity Attack,2021-06-17,16:54:03
TXN00005179,CUST01435,26867.9,UPI,Indore,0,Low,Repeated Failed Attempts,2025-07-25,21:18:06
TXN00072328,CUST02870,26022.46,UPI,Lucknow,0,Low,Repeated Failed Attempts,2023-06-11,21:35:38
TXN00051443,CUST08297,25095.37,UPI,Bhopal,0,Low,Repeated Failed Attempts,2023-02-09,22:41:38
TXN00023704,CUST02595,24756.75,UPI,Hyderabad,0,Low,Velocity Attack,2022-10-29,19:55:49
TXN00093866,CUST06958,24640.05,UPI,Ranchi,0,Low,Velocity Attack,2021-01-26,08:06:19
TXN00088807,CUST03927,22587.83,UPI,Kochi,0,Low,Velocity Attack,2021-10-24,21:20:03
TXN00089218,CUST04226,22454.85,UPI,Jaipur,0,Low,Repeated Failed Attempts,2023-06-13,12:16:51
TXN00029895,CUST06788,21867.67,UPI,Nagpur,0,Low,Repeated Failed Attempts,2021-07-02,12:31:44
TXN00053220,CUST07602,20814.88,UPI,Nashik,0,Low,Repeated Failed Attempts,2021-09-21,17:44:06
TXN00058051,CUST09919,20532.74,UPI,Gurugram,0,Low,Velocity Attack,2024-03-21,12:17:20
TXN00035869,CUST08382,20489.24,UPI,Hyderabad,0,Low,Velocity Attack,2022-03-25,22:28:18
TXN00002343,CUST07461,20182.0,UPI,Bengaluru,0,Low,Velocity Attack,2025-10-14,12:21:10
TXN00008384,CUST09388,18974.54,AEPS,Chandigarh,0,Low,Repeated Failed Attempts,2025-10-06,17:26:38
TXN00055917,CUST02576,18963.24,Wallet,Patna,0,Low,Repeated Failed Attempts,2022-10-27,19:29:10
TXN00086120,CUST06172,18613.65,UPI,Thiruvananthapuram,0,Low,Velocity Attack,2025-04-27,18:30:56
TXN00035875,CUST03770,18581.15,UPI,Chandigarh,0,Low,Velocity Attack,2021-12-18,18:53:46
TXN00032061,CUST03304,18311.67,UPI,Nagpur,0,Low,Velocity Attack,2024-09-20,10:35:30
TXN00003169,CUST01073,17430.91,UPI,Chandigarh,0,Low,Velocity Attack,2023-03-13,12:37:46
TXN00005839,CUST07019,17195.85,UPI,Chennai,0,Low,Repeated Failed Attempts,2021-02-25,23:28:42
TXN00028435,CUST05538,16875.87,UPI,Navi Mumbai,0,Low,Velocity Attack,2024-12-03,07:45:14
TXN00042843,CUST04223,16748.73,UPI,Jaipur,0,Low,Velocity Attack,2021-08-19,07:41:46
TXN00053165,CUST05084,16154.42,Net Banking,Thiruvananthapuram,0,Low,Repeated Failed Attempts,2024-05-15,06:31:35
TXN00062232,CUST07034,15854.41,UPI,Surat,0,Low,Repeated Failed Attempts,2025-11-24,06:56:32
TXN00084022,CUST04962,15770.05,UPI,Visakhapatnam,0,Low,Repeated Failed Attempts,2023-06-13,20:41:11
TXN00009219,CUST03560,15310.19,Net Banking,Kochi,0,Low,Repeated Failed Attempts,2024-05-03,07:59:33
TXN00059257,CUST01328,14960.28,UPI,Kochi,0,Low,Repeated Failed Attempts,2024-11-06,21:09:13
TXN00050384,CUST03100,14497.32,Credit Card,Ahmedabad,0,Low,Repeated Failed Attempts,2022-01-11,11:49:31
TXN00001474,CUST09824,14013.97,UPI,Surat,0,Low,Velocity Attack,2021-06-04,23:18:03
TXN00069880,CUST03006,13915.75,UPI,Chandigarh,0,Low,Velocity Attack,2023-08-12,22:52:56
TXN00094671,CUST05908,13749.59,UPI,Vadodara,0,Low,Velocity Attack,2022-05-18,07:28:44
TXN00095645,CUST09203,13674.59,UPI,Visakhapatnam,0,Low,Velocity Attack,2023-06-26,22:36:32
TXN00071333,CUST05614,12942.4,Debit Card,Patna,0,Low,Repeated Failed Attempts,2023-06-12,20:33:13
TXN00004697,CUST09445,12927.45,Credit Card,Nashik,0,Low,Repeated Failed Attempts,2021-05-25,07:31:27
TXN00059507,CUST02990,12920.41,UPI,Chandigarh,0,Low,Repeated Failed Attempts,2025-09-22,12:35:37
TXN00062270,CUST00191,12829.74,UPI,Hyderabad,0,Low,Repeated Failed Attempts,2022-02-25,18:23:23
TXN00033516,CUST02637,12444.45,UPI,Chandigarh,0,Low,Velocity Attack,2023-04-21,18:07:58
TXN00057019,CUST09515,12253.67,UPI,Ahmedabad,0,Low,Repeated Failed Attempts,2025-09-14,09:13:35
TXN00035240,CUST09899,11632.8,UPI,Vadodara,0,Low,Velocity Attack,2024-09-14,12:16:21
TXN00003569,CUST01936,11505.47,UPI,Jaipur,0,Low,Velocity Attack,2024-08-18,09:12:12
TXN00098893,CUST01159,11451.92,UPI,Mumbai,0,Low,Repeated Failed Attempts,2021-11-06,18:17:42
TXN00010802,CUST07586,11263.87,Net Banking,Vadodara,0,Low,Repeated Failed Attempts,2021-12-29,17:25:26
TXN00084812,CUST05281,10987.76,UPI,Patna,0,Low,Velocity Attack,2021-07-19,09:39:22
TXN00095855,CUST08858,10923.78,UPI,Kolkata,0,Low,Repeated Failed Attempts,2023-01-25,15:57:36
TXN00068840,CUST01866,10842.01,UPI,Visakhapatnam,0,Low,Velocity Attack,2024-04-06,22:53:23
TXN00018259,CUST05635,10246.35,UPI,Kochi,0,Low,Velocity Attack,2025-02-04,09:41:05
TXN00033234,CUST00618,10170.3,AEPS,Thiruvananthapuram,0,Low,Repeated Failed Attempts,2024-01-28,19:47:02
TXN00042318,CUST03900,10126.1,UPI,Hyderabad,0,Low,Repeated Failed Attempts,2025-03-09,10:53:59
TXN00094287,CUST01363,9804.2,UPI,Aurangabad,0,Low,Repeated Failed Attempts,2022-08-25,17:58:19
TXN00049295,CUST03432,9791.45,UPI,Ranchi,0,Low,Velocity Attack,2024-08-11,19:27:03
TXN00051053,CUST08653,9629.53,UPI,Gurugram,0,Low,Velocity Attack,2025-01-12,08:46:26
TXN00034993,CUST09150,9592.49,UPI,Noida,0,Low,Velocity Attack,2023-09-09,21:26:46
TXN00097898,CUST09995,9557.9,UPI,Patna,0,Low,Velocity Attack,2023-07-06,07:02:50
TXN00015049,CUST02765,9521.12,Net Banking,Mysuru,0,Low,Repeated Failed Attempts,2024-02-04,21:50:46
TXN00071553,CUST01329,9418.78,UPI,Gurugram,0,Low,Repeated Failed Attempts,2025-01-30,20:35:44
TXN00041343,CUST03441,9347.38,UPI,Kolkata,0,Low,Velocity Attack,2021-02-14,20:31:24
TXN00043118,CUST01281,9246.25,UPI,Gurugram,0,Low,Velocity Attack,2025-09-08,13:59:48
TXN00054289,CUST06356,9149.21,UPI,Surat,0,Low,Repeated Failed Attempts,2021-07-13,16:20:19
TXN00050702,CUST09522,8970.39,UPI,Bengaluru,0,Low,Repeated Failed Attempts,2024-12-30,08:11:42
TXN00044252,CUST08749,8880.69,UPI,Bhopal,0,Low,Velocity Attack,2025-03-10,17:35:04
TXN00037574,CUST07431,8772.75,UPI,Hyderabad,0,Low,Repeated Failed Attempts,2023-04-15,08:46:31
TXN00076117,CUST04488,8644.02,UPI,Aurangabad,0,Low,Repeated Failed Attempts,2025-09-24,06:13:13
TXN00088489,CUST03744,8619.25,UPI,Bengaluru,0,Low,Velocity Attack,2022-02-07,07:45:47
TXN00060615,CUST00080,8417.81,UPI,Vadodara,0,Low,Velocity Attack,2022-07-04,08:10:37
TXN00037201,CUST03962,8142.89,UPI,Ahmedabad,0,Low,Velocity Attack,2022-05-25,18:14:15
TXN00089952,CUST00252,8117.25,Credit Card,Jaipur,0,Low,Repeated Failed Attempts,2025-04-08,10:58:50
TXN00078846,CUST08426,8053.25,Credit Card,Mumbai,0,Low,Repeated Failed Attempts,2023-10-15,18:40:28
TXN00065385,CUST08649,7801.4,UPI,Jaipur,0,Low,Velocity Attack,2025-06-06,06:33:57
TXN00023544,CUST03864,7754.91,UPI,Thiruvananthapuram,0,Low,Repeated Failed Attempts,2021-04-29,18:24:05
TXN00035707,CUST02885,7656.66,UPI,Jaipur,0,Low,Velocity Attack,2023-11-25,22:26:04
TXN00088082,CUST01180,7464.89,UPI,Hyderabad,0,Low,Velocity Attack,2025-04-25,22:35:02
TXN00050828,CUST09735,7272.77,Wallet,Coimbatore,0,Low,Repeated Failed Attempts,2024-06-27,17:36:14
TXN00021337,CUST03188,7194.98,UPI,Patna,0,Low,Velocity Attack,2025-04-30,11:27:53
TXN00070959,CUST09837,7052.06,UPI,Bhubaneswar,0,Low,Repeated Failed Attempts,2024-06-25,20:20:28
TXN00007727,CUST00635,7029.6,Net Banking,Jaipur,0,Low,Repeated Failed Attempts,2022-06-27,12:47:53
TXN00095023,CUST03194,6998.48,Net Banking,Bhubaneswar,0,Low,Repeated Failed Attempts,2022-08-02,12:00:22
TXN00001754,CUST07753,6891.04,UPI,Bhubaneswar,0,Low,Repeated Failed Attempts,2023-06-04,11:14:09
TXN00003869,CUST08005,6650.82,UPI,Nashik,0,Low,Repeated Failed Attempts,2023-04-24,19:51:25
TXN00093023,CUST02509,6589.08,UPI,Bhubaneswar,0,Low,Velocity Attack,2025-12-13,21:08:16
TXN00080717,CUST06112,6531.81,UPI,Noida,0,Low,Repeated Failed Attempts,2023-04-12,18:54:29
TXN00029867,CUST02652,6461.87,UPI,Ranchi,0,Low,Velocity Attack,2022-09-02,15:40:30
TXN00078057,CUST08037,6380.78,UPI,Surat,0,Low,Repeated Failed Attempts,2024-11-23,22:24:03
TXN00042763,CUST00099,6167.98,UPI,Lucknow,0,Low,Repeated Failed Attempts,2024-01-26,18:36:24
TXN00039685,CUST08445,6154.5,UPI,Navi Mumbai,0,Low,Repeated Failed Attempts,2023-03-14,10:57:47
TXN00050513,CUST08579,6152.18,UPI,Chennai,0,Low,Velocity Attack,2025-07-16,10:32:51
TXN00002245,CUST01741,6011.85,UPI,Hyderabad,0,Low,Repeated Failed Attempts,2021-06-23,21:54:51
TXN00012261,CUST06323,5924.11,UPI,Thiruvananthapuram,0,Low,Repeated Failed Attempts,2021-10-12,19:03:26
TXN00013767,CUST01272,5787.19,UPI,Thane,0,Low,Velocity Attack,2025-11-03,19:34:33
TXN00044194,CUST01018,5770.16,UPI,Mumbai,0,Low,Velocity Attack,2023-12-29,17:29:49
TXN00030510,CUST03028,5764.47,UPI,Vadodara,0,Low,Velocity Attack,2022-10-16,11:26:53
TXN00056107,CUST07837,5636.86,Credit Card,Navi Mumbai,0,Low,Repeated Failed Attempts,2025-10-16,14:06:39
TXN00068839,CUST09146,5553.72,UPI,Surat,0,Low,Repeated Failed Attempts,2021-09-16,19:07:09
TXN00043375,CUST01085,5540.16,UPI,Coimbatore,0,Low,Velocity Attack,2024-04-20,06:25:50
TXN00064560,CUST08727,5402.82,UPI,Jaipur,0,Low,Velocity Attack,2023-03-30,06:28:48
TXN00076882,CUST07246,5376.23,Credit Card,Visakhapatnam,0,Low,Repeated Failed Attempts,2025-10-18,19:35:19
TXN00066116,CUST03153,5368.23,UPI,Noida,0,Low,Velocity Attack,2023-10-04,18:19:06
TXN00003384,CUST01074,5337.56,UPI,Ranchi,0,Low,Repeated Failed Attempts,2022-12-17,06:23:11
TXN00039083,CUST08600,5231.67,UPI,Hyderabad,0,Low,Repeated Failed Attempts,2024-05-10,23:30:21
TXN00076178,CUST06829,5136.17,UPI,Vadodara,0,Low,Velocity Attack,2024-12-08,13:42:22
TXN00091261,CUST05500,5100.58,UPI,Jaipur,0,Low,Velocity Attack,2022-07-06,10:32:05
TXN00020194,CUST08013,4988.54,UPI,Delhi,0,Low,Velocity Attack,2022-07-06,14:19:50
TXN00052215,CUST08761,4987.36,UPI,Kolkata,0,Low,Velocity Attack,2023-03-23,18:24:26
TXN00025645,CUST06787,4944.17,UPI,Indore,0,Low,Velocity Attack,2022-01-19,14:01:07
TXN00055595,CUST04752,4880.53,UPI,Coimbatore,0,Low,Repeated Failed Attempts,2021-10-09,16:42:13
TXN00048507,CUST09854,4809.62,Net Banking,Pune,0,Low,Repeated Failed Attempts,2022-11-20,12:08:34
TXN00029239,CUST07078,4651.57,UPI,Patna,0,Low,Repeated Failed Attempts,2022-09-12,11:45:11
TXN00099370,CUST01943,4483.73,UPI,Nagpur,0,Low,Repeated Failed Attempts,2024-12-22,10:50:18
TXN00008123,CUST00612,4444.82,UPI,Coimbatore,0,Low,Repeated Failed Attempts,2025-06-16,06:56:45
TXN00070844,CUST08960,4400.12,UPI,Nashik,0,Low,Velocity Attack,2021-12-26,19:50:15
TXN00056097,CUST07586,4345.26,Credit Card,Vadodara,0,Low,Repeated Failed Attempts,2023-10-06,15:37:42
TXN00039472,CUST05047,4187.51,Debit Card,Mysuru,0,Low,Repeated Failed Attempts,2023-11-07,07:39:36
TXN00017279,CUST05119,4183.0,UPI,Nagpur,0,Low,Repeated Failed Attempts,2021-05-23,22:58:47
TXN00091022,CUST02061,4164.85,UPI,Mumbai,0,Low,Velocity Attack,2025-07-16,17:31:57
TXN00016913,CUST08599,4143.87,Credit Card,Visakhapatnam,0,Low,Repeated Failed Attempts,2024-03-15,14:27:34
TXN00074520,CUST01217,4054.3,UPI,Nashik,0,Low,Velocity Attack,2024-01-08,22:31:29
TXN00007884,CUST08456,4039.97,UPI,Chennai,0,Low,Repeated Failed Attempts,2021-09-22,15:59:28
TXN00006735,CUST06359,3974.54,UPI,Mumbai,0,Low,Repeated Failed Attempts,2024-03-07,17:33:40
TXN00005361,CUST06648,3834.96,UPI,Mysuru,0,Low,Velocity Attack,2024-06-18,21:48:04
TXN00091432,CUST02823,3821.79,UPI,Jaipur,0,Low,Velocity Attack,2021-07-14,21:19:22
TXN00055003,CUST09780,3694.09,UPI,Indore,0,Low,Velocity Attack,2022-04-04,22:54:47
TXN00059919,CUST03890,3652.15,UPI,Gurugram,0,Low,Velocity Attack,2025-04-10,08:45:39
TXN00027423,CUST08745,3647.23,UPI,Mysuru,0,Low,Repeated Failed Attempts,2024-11-22,08:42:45
TXN00032111,CUST02551,3636.58,UPI,Bhubaneswar,0,Low,Repeated Failed Attempts,2024-02-25,07:09:00
TXN00012640,CUST01421,3632.44,Net Banking,Kolkata,0,Low,Repeated Failed Attempts,2025-09-07,08:13:17
TXN00011156,CUST02137,3629.54,AEPS,Nashik,0,Low,Velocity Attack,2022-05-09,23:54:12
TXN00027222,CUST07787,3604.73,AEPS,Chennai,0,Low,Repeated Failed Attempts,2023-08-20,15:39:12
TXN00041329,CUST09653,3603.36,UPI,Delhi,0,Low,Velocity Attack,2022-10-22,13:30:59
TXN00074244,CUST08763,3603.06,UPI,Jaipur,0,Low,Repeated Failed Attempts,2025-04-18,20:09:47
TXN00052788,CUST01668,3568.57,Wallet,Visakhapatnam,0,Low,Repeated Failed Attempts,2025-08-18,21:57:37
TXN00055933,CUST08875,3536.78,Debit Card,Chandigarh,0,Low,Repeated Failed Attempts,2025-10-14,07:11:46
TXN00067222,CUST03891,3479.77,Credit Card,Hyderabad,0,Low,Repeated Failed Attempts,2022-05-11,23:00:35
TXN00068329,CUST08683,3434.27,UPI,Thane,0,Low,Repeated Failed Attempts,2022-07-19,19:56:12
TXN00071806,CUST08551,3367.23,UPI,Bhubaneswar,0,Low,Velocity Attack,2022-03-17,15:33:04
TXN00036543,CUST02528,3348.93,UPI,Patna,0,Low,Velocity Attack,2024-05-06,16:04:51
TXN00060911,CUST04463,3338.43,UPI,Noida,0,Low,Velocity Attack,2022-03-23,06:30:54
TXN00018191,CUST02471,3333.5,Debit Card,Indore,0,Low,Repeated Failed Attempts,2022-05-05,23:26:19
TXN00053882,CUST07305,3287.25,Debit Card,Hyderabad,0,Low,Repeated Failed Attempts,2023-09-16,06:42:32
TXN00065112,CUST01961,3208.9,UPI,Chennai,0,Low,Velocity Attack,2022-01-28,17:30:06
TXN00011797,CUST01359,3181.38,Debit Card,Kochi,0,Low,Repeated Failed Attempts,2025-06-28,08:40:45
TXN00041959,CUST00474,3163.78,UPI,Vadodara,0,Low,Velocity Attack,2022-09-23,22:04:56
TXN00040251,CUST09079,3121.56,Credit Card,Bengaluru,0,Low,Repeated Failed Attempts,2025-04-08,19:55:37
TXN00025277,CUST02329,3089.28,Debit Card,Chandigarh,0,Low,Repeated Failed Attempts,2023-09-29,10:47:51
TXN00055284,CUST03945,3052.32,Debit Card,Mumbai,0,Low,Repeated Failed Attempts,2021-03-22,10:14:00
TXN00059035,CUST06264,3039.39,Debit Card,Delhi,0,Low,Repeated Failed Attempts,2025-07-30,22:28:24
TXN00010894,CUST06333,2980.75,UPI,Nashik,0,Low,Velocity Attack,2023-08-04,14:31:43
TXN00007335,CUST04955,2949.24,UPI,Patna,0,Low,Repeated Failed Attempts,2021-06-03,22:27:13
TXN00005754,CUST09913,2923.85,UPI,Chennai,0,Low,Repeated Failed Attempts,2025-05-30,21:35:55
TXN00083366,CUST06915,2906.78,Debit Card,Pune,0,Low,Repeated Failed Attempts,2025-04-16,16:18:30
TXN00026510,CUST09234,2885.55,UPI,Vadodara,0,Low,Repeated Failed Attempts,2022-01-12,13:17:42
TXN00081448,CUST04346,2836.84,AEPS,Nashik,0,Low,Repeated Failed Attempts,2025-12-31,07:58:41
TXN00017450,CUST05008,2832.07,UPI,Chennai,0,Low,Repeated Failed Attempts,2021-08-05,09:00:02
TXN00021673,CUST09171,2826.15,UPI,Chandigarh,0,Low,Repeated Failed Attempts,2021-08-24,12:49:54
TXN00045581,CUST05532,2714.17,Net Banking,Chandigarh,0,Low,Repeated Failed Attempts,2025-04-15,18:54:03
TXN00048083,CUST08309,2647.17,UPI,Thiruvananthapuram,0,Low,Repeated Failed Attempts,2024-12-18,14:20:58
TXN00026608,CUST05900,2585.88,UPI,Thiruvananthapuram,0,Low,Velocity Attack,2022-09-16,09:14:40
TXN00018073,CUST04959,2556.84,UPI,Noida,0,Low,Repeated Failed Attempts,2025-05-08,13:34:46
TXN00080204,CUST08170,2517.35,UPI,Vadodara,0,Low,Velocity Attack,2025-05-13,21:19:54
TXN00077367,CUST06053,2491.6,UPI,Navi Mumbai,0,Low,Repeated Failed Attempts,2024-04-10,18:59:45
TXN00019908,CUST02257,2419.7,UPI,Indore,0,Low,Velocity Attack,2023-01-14,20:39:16
TXN00063528,CUST09647,2401.46,Debit Card,Noida,0,Low,Repeated Failed Attempts,2025-05-28,19:10:42
TXN00078872,CUST07332,2360.53,Net Banking,Nagpur,0,Low,Repeated Failed Attempts,2025-11-01,14:07:54
TXN00065230,CUST05641,2336.11,UPI,Ranchi,0,Low,Velocity Attack,2021-08-25,22:40:55
TXN00004943,CUST09547,2303.92,UPI,Lucknow,0,Low,Velocity Attack,2025-05-05,17:07:20
TXN00007167,CUST00881,2246.12,UPI,Noida,0,Low,Velocity Attack,2025-04-24,13:18:36
TXN00028491,CUST05488,2225.05,UPI,Surat,0,Low,Velocity Attack,2022-01-08,06:20:40
TXN00066507,CUST02114,2219.03,UPI,Patna,0,Low,Velocity Attack,2024-01-09,21:47:42
TXN00060181,CUST06364,2218.07,UPI,Indore,0,Low,Velocity Attack,2024-06-23,09:00:20
TXN00049860,CUST03407,2205.93,UPI,Pune,0,Low,Repeated Failed Attempts,2022-11-22,11:27:28
TXN00073571,CUST03479,2195.3,UPI,Kolkata,0,Low,Velocity Attack,2024-03-23,11:02:35
TXN00009489,CUST05427,2176.57,UPI,Chandigarh,0,Low,Velocity Attack,2022-11-04,16:09:31
TXN00019076,CUST09502,2170.5,Credit Card,Noida,0,Low,Repeated Failed Attempts,2021-08-04,10:05:56
TXN00083062,CUST05297,2133.59,Debit Card,Pune,0,Low,Repeated Failed Attempts,2022-07-31,20:11:33
TXN00029264,CUST04156,2129.21,UPI,Ahmedabad,0,Low,Repeated Failed Attempts,2022-09-06,07:28:25
TXN00030262,CUST04979,2106.53,UPI,Ranchi,0,Low,Repeated Failed Attempts,2022-12-26,09:20:56
TXN00063002,CUST03763,2096.61,UPI,Thane,0,Low,Repeated Failed Attempts,2025-08-16,19:21:52
TXN00038944,CUST03112,2066.92,Wallet,Ranchi,0,Low,Repeated Failed Attempts,2025-12-28,16:32:06
TXN00089014,CUST06063,2065.16,AEPS,Aurangabad,0,Low,Repeated Failed Attempts,2022-12-11,11:15:32
TXN00038590,CUST08202,2053.75,UPI,Patna,0,Low,Repeated Failed Attempts,2021-04-22,20:10:25
TXN00026994,CUST04114,2043.29,UPI,Jaipur,0,Low,Velocity Attack,2022-10-09,08:52:34
TXN00042740,CUST09730,2030.37,UPI,Bhopal,0,Low,Repeated Failed Attempts,2024-09-22,10:58:11
TXN00072156,CUST05300,2024.13,UPI,Thiruvananthapuram,0,Low,Repeated Failed Attempts,2023-08-08,07:56:32
TXN00090568,CUST00186,1995.09,UPI,Nashik,0,Low,Velocity Attack,2021-02-20,07:31:14
TXN00099190,CUST03410,1988.43,Credit Card,Coimbatore,0,Low,Repeated Failed Attempts,2021-05-04,09:36:54
TXN00042003,CUST07729,1987.99,UPI,Lucknow,0,Low,Repeated Failed Attempts,2022-02-07,23:07:40
TXN00058062,CUST06209,1978.08,UPI,Nashik,0,Low,Repeated Failed Attempts,2024-08-26,19:19:49
TXN00096989,CUST07665,1955.91,UPI,Jaipur,0,Low,Velocity Attack,2021-08-05,07:45:38
TXN00037432,CUST04228,1909.8,UPI,Coimbatore,0,Low,Velocity Attack,2024-09-10,22:45:39
TXN00055421,CUST07629,1896.91,UPI,Delhi,0,Low,Repeated Failed Attempts,2023-01-08,13:47:01
TXN00011762,CUST05300,1854.56,Credit Card,Thiruvananthapuram,0,Low,Repeated Failed Attempts,2025-03-22,15:32:27
TXN00018376,CUST03889,1850.23,UPI,Noida,0,Low,Velocity Attack,2025-06-04,12:21:23
TXN00014606,CUST03243,1801.44,UPI,Delhi,0,Low,Velocity Attack,2024-06-05,11:09:21
TXN00092835,CUST07030,1777.72,UPI,Jaipur,0,Low,Velocity Attack,2021-06-16,18:27:59
TXN00061401,CUST00578,1753.62,UPI,Mumbai,0,Low,Velocity Attack,2023-08-07,20:17:05
TXN00072021,CUST06006,1729.98,UPI,Lucknow,0,Low,Velocity Attack,2021-11-25,09:31:49
TXN00036316,CUST06390,1726.13,UPI,Navi Mumbai,0,Low,Velocity Attack,2023-07-12,20:36:40
TXN00001582,CUST04324,1693.51,Wallet,Bhubaneswar,0,Low,Repeated Failed Attempts,2021-10-12,21:10:41
TXN00064657,CUST07037,1682.86,UPI,Ahmedabad,0,Low,Repeated Failed Attempts,2022-02-24,17:27:08
TXN00019957,CUST01334,1677.78,UPI,Nagpur,0,Low,Repeated Failed Attempts,2024-05-26,14:53:21
TXN00059012,CUST01010,1670.93,UPI,Gurugram,0,Low,Repeated Failed Attempts,2022-07-29,13:19:56
TXN00020903,CUST06982,1667.19,Net Banking,Ahmedabad,0,Low,Repeated Failed Attempts,2021-02-27,11:12:07
TXN00009999,CUST00615,1613.79,UPI,Kochi,0,Low,Velocity Attack,2022-09-06,20:19:57
TXN00086391,CUST05949,1611.88,UPI,Surat,0,Low,Repeated Failed Attempts,2024-10-02,06:48:59
TXN00090141,CUST04925,1606.34,UPI,Aurangabad,0,Low,Velocity Attack,2025-02-22,23:08:22
TXN00079632,CUST02318,1593.7,UPI,Ahmedabad,0,Low,Repeated Failed Attempts,2021-07-09,16:34:34
TXN00002644,CUST07143,1579.64,UPI,Surat,0,Low,Repeated Failed Attempts,2025-10-24,13:52:57
TXN00031104,CUST03903,1575.16,UPI,Kochi,0,Low,Velocity Attack,2022-11-14,18:30:38
TXN00028995,CUST03256,1565.72,UPI,Noida,0,Low,Velocity Attack,2021-05-15,21:06:22
TXN00036541,CUST08789,1559.23,UPI,Thane,0,Low,Repeated Failed Attempts,2023-04-08,13:56:05
TXN00020073,CUST01890,1550.4,UPI,Vadodara,0,Low,Velocity Attack,2022-08-18,20:10:52
TXN00076294,CUST02018,1531.12,UPI,Mumbai,0,Low,Velocity Attack,2021-03-15,14:52:56
TXN00059666,CUST07272,1515.32,UPI,Jaipur,0,Low,Velocity Attack,2022-02-09,22:11:30
TXN00065932,CUST04914,1510.03,Credit Card,Indore,0,Low,Repeated Failed Attempts,2024-07-13,18:31:06
TXN00070300,CUST04308,1509.69,Credit Card,Noida,0,Low,Repeated Failed Attempts,2021-12-31,23:45:25
TXN00019499,CUST01243,1504.17,UPI,Ranchi,0,Low,Velocity Attack,2023-11-05,06:29:01
TXN00030650,CUST03387,1473.66,UPI,Noida,0,Low,Velocity Attack,2023-02-16,06:00:34
TXN00036999,CUST00798,1473.14,UPI,Nagpur,0,Low,Velocity Attack,2025-06-17,08:24:49
TXN00001206,CUST03521,1465.18,UPI,Chandigarh,0,Low,Velocity Attack,2023-06-01,06:07:38
TXN00072745,CUST00282,1453.63,UPI,Aurangabad,0,Low,Velocity Attack,2025-04-07,22:44:40
TXN00006548,CUST05537,1419.72,UPI,Kochi,0,Low,Velocity Attack,2022-12-02,17:43:13
TXN00068148,CUST07363,1409.68,UPI,Pune,0,Low,Velocity Attack,2022-01-09,20:03:29
TXN00019084,CUST06062,1406.53,UPI,Ahmedabad,0,Low,Repeated Failed Attempts,2022-09-19,11:23:02
TXN00009903,CUST07405,1396.74,UPI,Vadodara,0,Low,Repeated Failed Attempts,2021-02-15,07:31:51
TXN00018195,CUST01372,1353.92,AEPS,Visakhapatnam,0,Low,Repeated Failed Attempts,2022-05-13,13:36:32
TXN00095174,CUST04744,1330.36,UPI,Aurangabad,0,Low,Velocity Attack,2024-10-09,11:08:12
TXN00086361,CUST01708,1312.62,UPI,Indore,0,Low,Repeated Failed Attempts,2021-07-27,20:06:42
TXN00024685,CUST08537,1259.99,Wallet,Thiruvananthapuram,0,Low,Repeated Failed Attempts,2025-07-31,15:23:04
TXN00017969,CUST08430,1248.17,UPI,Ahmedabad,0,Low,Velocity Attack,2025-08-26,15:47:33
TXN00013336,CUST01857,1230.07,Debit Card,Kochi,0,Low,Repeated Failed Attempts,2024-10-15,07:11:19
TXN00092484,CUST05953,1227.35,UPI,Kolkata,0,Low,Velocity Attack,2021-11-05,18:00:44
TXN00022161,CUST01015,1224.37,UPI,Ahmedabad,0,Low,Repeated Failed Attempts,2021-07-10,21:27:02
TXN00061043,CUST04416,1209.86,Credit Card,Chennai,0,Low,Repeated Failed Attempts,2024-01-07,17:02:49
TXN00051716,CUST07727,1181.3,UPI,Delhi,0,Low,Repeated Failed Attempts,2025-11-13,17:18:08
TXN00057779,CUST00472,1172.28,UPI,Surat,0,Low,Repeated Failed Attempts,2022-01-14,20:57:20
TXN00052724,CUST04588,1130.73,UPI,Delhi,0,Low,Repeated Failed Attempts,2024-01-07,12:10:36
TXN00090872,CUST07296,1120.39,Debit Card,Lucknow,0,Low,Repeated Failed Attempts,2024-12-07,20:02:16
TXN00053659,CUST08758,1117.6,UPI,Jaipur,0,Low,Repeated Failed Attempts,2025-09-18,23:31:21
TXN00082047,CUST08981,1098.44,UPI,Kolkata,0,Low,Velocity Attack,2024-05-17,15:02:19
TXN00061486,CUST06127,1095.4,UPI,Nagpur,0,Low,Repeated Failed Attempts,2022-05-19,08:05:52
TXN00041390,CUST02986,1072.87,UPI,Bengaluru,0,Low,Repeated Failed Attempts,2021-03-16,14:18:48
TXN00036066,CUST08793,1065.4,UPI,Ranchi,0,Low,Repeated Failed Attempts,2024-01-04,07:38:01
TXN00026691,CUST08827,1062.39,UPI,Gurugram,0,Low,Velocity Attack,2025-03-25,12:29:47
TXN00055593,CUST08261,1057.56,AEPS,Bhubaneswar,0,Low,Repeated Failed Attempts,2024-12-11,06:54:59
TXN00055806,CUST08663,1049.41,UPI,Mysuru,0,Low,Repeated Failed Attempts,2024-11-11,11:08:12
TXN00008343,CUST07609,1047.47,Wallet,Pune,0,Low,Repeated Failed Attempts,2024-06-03,11:05:45
TXN00088164,CUST00117,1038.41,UPI,Indore,0,Low,Repeated Failed Attempts,2022-01-17,15:02:13
TXN00073265,CUST08637,1034.67,Credit Card,Thane,0,Low,Repeated Failed Attempts,2025-10-30,18:01:57
TXN00021068,CUST01107,1004.48,UPI,Bhubaneswar,0,Low,Repeated Failed Attempts,2025-10-09,10:57:48
TXN00071751,CUST06859,994.23,UPI,Coimbatore,0,Low,Velocity Attack,2025-11-20,22:08:14
TXN00021034,CUST06316,993.81,UPI,Delhi,0,Low,Repeated Failed Attempts,2022-10-16,21:31:52
TXN00080512,CUST07277,992.0,UPI,Hyderabad,0,Low,Velocity Attack,2021-08-08,20:20:21
TXN00068775,CUST07020,985.96,UPI,Indore,0,Low,Velocity Attack,2025-09-15,18:22:16
TXN00007401,CUST04887,978.94,UPI,Vadodara,0,Low,Velocity Attack,2023-11-10,14:10:00
TXN00095610,CUST02923,976.87,UPI,Bhopal,0,Low,Velocity Attack,2023-06-03,16:07:33
TXN00068584,CUST07272,970.18,UPI,Jaipur,0,Low,Repeated Failed Attempts,2024-08-03,18:24:39
TXN00011959,CUST08709,959.44,UPI,Chennai,0,Low,Repeated Failed Attempts,2021-06-06,09:08:31
TXN00053893,CUST07095,947.93,UPI,Thane,0,Low,Velocity Attack,2022-09-18,20:18:44
TXN00033187,CUST01884,937.11,Net Banking,Kochi,0,Low,Repeated Failed Attempts,2021-10-10,11:03:37
TXN00003725,CUST02004,930.34,AEPS,Thiruvananthapuram,0,Low,Repeated Failed Attempts,2021-10-16,19:03:15
TXN00054770,CUST09548,917.49,Debit Card,Kolkata,0,Low,Repeated Failed Attempts,2024-02-27,14:57:06
TXN00057786,CUST05068,889.96,UPI,Kochi,0,Low,Velocity Attack,2025-04-16,07:27:22
TXN00008890,CUST01975,876.25,Wallet,Nashik,0,Low,Repeated Failed Attempts,2023-12-11,08:01:36
TXN00068272,CUST07686,863.55,UPI,Coimbatore,0,Low,Velocity Attack,2024-09-10,12:32:05
TXN00091802,CUST02204,852.07,UPI,Thane,0,Low,Velocity Attack,2025-03-24,17:51:02
TXN00016718,CUST06331,769.44,Credit Card,Coimbatore,0,Low,Repeated Failed Attempts,2024-10-25,08:19:16
TXN00085433,CUST01124,761.38,UPI,Ranchi,0,Low,Repeated Failed Attempts,2023-05-02,18:35:35
TXN00031116,CUST01809,759.52,UPI,Coimbatore,0,Low,Repeated Failed Attempts,2023-10-31,07:32:13
TXN00098791,CUST00841,754.6,Debit Card,Navi Mumbai,0,Low,Repeated Failed Attempts,2024-09-25,12:10:32
TXN00099129,CUST09146,751.85,UPI,Surat,0,Low,Repeated Failed Attempts,2025-05-07,08:21:14
TXN00053185,CUST08935,700.39,Debit Card,Ahmedabad,0,Low,Repeated Failed Attempts,2025-09-18,13:53:46
TXN00055866,CUST05509,659.81,UPI,Lucknow,0,Low,Repeated Failed Attempts,2022-01-11,20:07:12
TXN00074986,CUST09588,658.49,UPI,Thiruvananthapuram,0,Low,Velocity Attack,2024-08-20,12:04:15
TXN00024820,CUST07048,656.83,UPI,Indore,0,Low,Repeated Failed Attempts,2022-06-22,07:38:24
TXN00077770,CUST05100,654.96,UPI,Chennai,0,Low,Repeated Failed Attempts,2021-04-16,08:53:45
TXN00045623,CUST09844,649.38,UPI,Patna,0,Low,Repeated Failed Attempts,2022-02-09,12:45:25
TXN00030307,CUST04859,644.9,Wallet,Bhubaneswar,0,Low,Repeated Failed Attempts,2024-06-25,18:07:08
TXN00062423,CUST00976,644.86,Credit Card,Lucknow,0,Low,Repeated Failed Attempts,2022-03-09,07:43:45
TXN00046990,CUST09925,638.24,UPI,Bhubaneswar,0,Low,Repeated Failed Attempts,2024-02-20,09:49:22
TXN00049811,CUST05799,617.41,UPI,Aurangabad,0,Low,Repeated Failed Attempts,2025-07-24,16:13:48
TXN00081643,CUST04414,615.37,UPI,Nagpur,0,Low,Velocity Attack,2025-10-30,07:30:27
TXN00054428,CUST01022,611.46,UPI,Coimbatore,0,Low,Repeated Failed Attempts,2022-09-15,22:07:33
TXN00083216,CUST07004,601.33,Wallet,Mysuru,0,Low,Repeated Failed Attempts,2022-06-10,12:02:43
TXN00092001,CUST01429,589.05,UPI,Thiruvananthapuram,0,Low,Velocity Attack,2021-07-16,13:59:58
TXN00027624,CUST07332,582.69,UPI,Nagpur,0,Low,Repeated Failed Attempts,2021-10-05,17:59:15
TXN00026095,CUST02896,543.22,Debit Card,Indore,0,Low,Repeated Failed Attempts,2025-10-13,19:20:18
TXN00026993,CUST08286,539.04,Debit Card,Mysuru,0,Low,Repeated Failed Attempts,2021-02-28,23:41:36
TXN00095360,CUST07192,536.08,UPI,Jaipur,0,Low,Velocity Attack,2024-07-15,14:57:28
TXN00030699,CUST06974,535.56,UPI,Thiruvananthapuram,0,Low,Repeated Failed Attempts,2023-11-29,19:26:26
TXN00026167,CUST02523,534.14,UPI,Visakhapatnam,0,Low,Velocity Attack,2022-04-05,14:07:16
TXN00017979,CUST01691,518.81,Wallet,Vadodara,0,Low,Repeated Failed Attempts,2025-04-25,10:33:29
TXN00039493,CUST00774,504.44,UPI,Hyderabad,0,Low,Repeated Failed Attempts,2021-02-02,11:27:25
TXN00006172,CUST00026,503.79,UPI,Thane,0,Low,Repeated Failed Attempts,2025-07-31,10:30:49
TXN00097995,CUST04563,495.54,UPI,Thane,0,Low,Repeated Failed Attempts,2022-06-17,19:40:50
TXN00089765,CUST01229,490.79,UPI,Ranchi,0,Low,Velocity Attack,2024-01-07,06:40:18
TXN00031446,CUST03567,484.83,Credit Card,Kochi,0,Low,Repeated Failed Attempts,2024-09-16,20:40:59
TXN00031925,CUST08619,469.47,UPI,Gurugram,0,Low,Velocity Attack,2025-11-16,06:24:05
TXN00050563,CUST04803,460.56,Wallet,Thiruvananthapuram,0,Low,Repeated Failed Attempts,2024-10-21,07:30:33
TXN00016790,CUST00462,443.96,UPI,Mysuru,0,Low,Velocity Attack,2024-08-28,19:38:26
TXN00025505,CUST00906,422.04,UPI,Thiruvananthapuram,0,Low,Repeated Failed Attempts,2021-01-29,23:32:32
TXN00011610,CUST06286,422.02,AEPS,Pune,0,Low,Repeated Failed Attempts,2025-07-31,12:57:25
TXN00095501,CUST08099,411.19,UPI,Mumbai,0,Low,Repeated Failed Attempts,2021-06-09,22:33:02
TXN00082625,CUST06959,410.55,Wallet,Nashik,0,Low,Repeated Failed Attempts,2024-04-23,20:32:07
TXN00093685,CUST00576,404.9,Wallet,Kolkata,0,Low,Repeated Failed Attempts,2024-10-29,06:34:05
TXN00048205,CUST06043,383.95,UPI,Chennai,0,Low,Velocity Attack,2024-01-30,21:35:47
TXN00063557,CUST03933,369.04,UPI,Chandigarh,0,Low,Velocity Attack,2022-10-07,20:48:31
TXN00068111,CUST00157,352.66,UPI,Kochi,0,Low,Velocity Attack,2022-11-05,22:48:28
TXN00099936,CUST06068,349.48,UPI,Navi Mumbai,0,Low,Velocity Attack,2023-04-22,17:39:27
TXN00000885,CUST02161,344.23,UPI,Indore,0,Low,Repeated Failed Attempts,2021-04-03,15:01:12
TXN00089911,CUST05925,341.95,UPI,Indore,0,Low,Repeated Failed Attempts,2023-12-05,18:42:21
TXN00082744,CUST08710,322.8,UPI,Nagpur,0,Low,Velocity Attack,2021-02-16,16:21:23
TXN00005537,CUST00734,313.84,Credit Card,Bengaluru,0,Low,Repeated Failed Attempts,2023-10-19,20:06:29
TXN00029367,CUST06942,291.76,UPI,Kochi,0,Low,Repeated Failed Attempts,2021-02-21,16:08:21
TXN00063837,CUST08029,287.39,UPI,Aurangabad,0,Low,Velocity Attack,2021-04-07,20:18:33
TXN00066103,CUST03871,280.85,UPI,Navi Mumbai,0,Low,Velocity Attack,2024-02-28,18:33:04
TXN00067246,CUST00667,276.63,UPI,Coimbatore,0,Low,Repeated Failed Attempts,2022-05-31,10:54:28
TXN00095121,CUST02943,271.49,UPI,Aurangabad,0,Low,Repeated Failed Attempts,2024-05-26,20:52:11
TXN00098864,CUST07048,263.4,UPI,Indore,0,Low,Repeated Failed Attempts,2023-05-02,21:51:13
TXN00085819,CUST01230,257.73,UPI,Delhi,0,Low,Velocity Attack,2023-01-09,20:10:16
TXN00052981,CUST04699,213.06,UPI,Patna,0,Low,Repeated Failed Attempts,2024-11-14,20:31:34
TXN00063240,CUST08003,206.05,UPI,Gurugram,0,Low,Velocity Attack,2022-02-17,18:13:13
TXN00072621,CUST02706,190.18,UPI,Surat,0,Low,Repeated Failed Attempts,2022-02-13,15:52:19
TXN00008647,CUST04798,189.75,UPI,Thiruvananthapuram,0,Low,Repeated Failed Attempts,2024-09-09,13:25:19
TXN00019338,CUST05618,185.22,UPI,Noida,0,Low,Repeated Failed Attempts,2025-07-11,10:16:10
TXN00039691,CUST04434,184.62,Net Banking,Kolkata,0,Low,Repeated Failed Attempts,2023-11-26,17:45:30
TXN00013146,CUST01439,179.47,UPI,Bhopal,0,Low,Velocity Attack,2021-04-04,06:07:43
TXN00083536,CUST09245,176.55,UPI,Mysuru,0,Low,Velocity Attack,2024-08-14,17:40:37
TXN00038967,CUST08478,171.71,UPI,Ahmedabad,0,Low,Repeated Failed Attempts,2025-07-15,18:37:42
TXN00078899,CUST05191,159.36,Credit Card,Thiruvananthapuram,0,Low,Repeated Failed Attempts,2025-06-02,06:06:35
TXN00091889,CUST03950,158.88,UPI,Bhubaneswar,0,Low,Repeated Failed Attempts,2021-12-15,10:14:41
TXN00072624,CUST04703,153.81,Net Banking,Thane,0,Low,Repeated Failed Attempts,2024-12-27,20:10:53
TXN00026794,CUST05276,132.2,UPI,Hyderabad,0,Low,Velocity Attack,2021-07-16,07:15:51
TXN00016349,CUST09973,124.09,UPI,Mumbai,0,Low,Repeated Failed Attempts,2024-02-21,15:58:02
TXN00055871,CUST00466,119.36,UPI,Aurangabad,0,Low,Repeated Failed Attempts,2022-04-29,22:37:14
TXN00070186,CUST05989,116.71,UPI,Ahmedabad,0,Low,Repeated Failed Attempts,2025-11-20,19:25:04
TXN00057261,CUST06077,103.21,Credit Card,Nagpur,0,Low,Repeated Failed Attempts,2024-03-19,10:33:29
TXN00000099,CUST07157,98.72,UPI,Patna,0,Low,Repeated Failed Attempts,2025-08-11,23:14:27
TXN00078642,CUST00443,85.45,UPI,Surat,0,Low,Repeated Failed Attempts,2022-11-03,22:35:33
TXN00060219,CUST00827,84.16,Credit Card,Aurangabad,0,Low,Repeated Failed Attempts,2025-07-30,14:30:47
TXN00079208,CUST00999,57.93,Credit Card,Delhi,0,Low,Repeated Failed Attempts,2021-03-06,18:06:34
TXN00046673,CUST03534,56.89,UPI,Kolkata,0,Low,Repeated Failed Attempts,2022-02-16,21:32:28
TXN00043037,CUST04880,51.71,UPI,Delhi,0,Low,Repeated Failed Attempts,2021-10-26,21:52:02
TXN00059671,CUST08490,27.94,UPI,Patna,0,Low,Repeated Failed Attempts,2023-04-17,13:25:44
