Customer_ID,Total_Transactions,Total_Spend,Avg_Transaction,Fraud_Transactions,Max_Risk_Score,Avg_Risk_Score,Customer_Risk_Level
CUST00001,9,23324.93,2591.658888888889,0,10,2.2222222222222223,Low
CUST00002,13,6527.64,502.1261538461539,0,10,3.8461538461538463,Low
CUST00003,10,414982.94999999995,41498.295,1,20,5.5,Low
CUST00004,13,13444.48,1034.190769230769,0,10,3.076923076923077,Low
CUST00005,12,80262.22,6688.518333333333,3,85,14.583333333333334,High
CUST00006,13,32589.32,2506.8707692307694,0,10,3.076923076923077,Low
CUST00007,10,13535.51,1353.551,0,10,3.0,Low
CUST00008,9,35644.74,3960.5266666666666,0,10,3.3333333333333335,Low
CUST00009,8,31167.31,3895.91375,1,20,2.5,Low
CUST00010,6,7255.28,1209.2133333333334,0,10,3.3333333333333335,Low
CUST00011,16,13010.52,813.1575,0,10,1.875,Low
CUST00012,7,11439.32,1634.1885714285713,0,10,2.857142857142857,Low
CUST00013,16,308655.13,19290.945625,1,10,2.5,Low
CUST00014,17,20636.98,1213.94,0,10,4.705882352941177,Low
CUST00015,14,58315.28,4165.377142857143,1,10,3.5714285714285716,Low
CUST00016,9,11965.44,1329.4933333333333,0,10,3.3333333333333335,Low
CUST00017,15,6762.83,450.8553333333333,2,30,5.333333333333333,Low
CUST00018,11,39738.44,3612.585454545455,0,10,2.727272727272727,Low
CUST00019,11,16468.3,1497.1181818181817,1,20,5.454545454545454,Low
CUST00020,17,41419.69,2436.4523529411767,0,10,2.9411764705882355,Low
CUST00021,6,64675.86,10779.31,0,10,1.6666666666666667,Low
CUST00022,9,107097.63,11899.736666666668,2,10,3.3333333333333335,Low
CUST00023,14,71521.05,5108.646428571429,2,20,5.0,Low
CUST00024,14,2456.7599999999998,175.4828571428571,0,10,5.714285714285714,Low
CUST00025,12,24837.23,2069.7691666666665,0,10,3.3333333333333335,Low
CUST00026,14,53856.93,3846.9235714285714,1,10,2.857142857142857,Low
CUST00027,9,47047.31,5227.478888888889,0,10,3.3333333333333335,Low
CUST00028,4,8279.73,2069.9325,0,10,2.5,Low
CUST00029,8,59854.53,7481.81625,0,10,1.25,Low
CUST00030,10,4969.32,496.93199999999996,0,10,5.0,Low
CUST00031,10,73380.61,7338.061,0,10,2.0,Low
CUST00032,5,20273.829999999998,4054.7659999999996,0,10,4.0,Low
CUST00033,6,11782.279999999999,1963.7133333333331,0,10,1.6666666666666667,Low
CUST00034,7,5004.34,714.9057142857143,0,10,2.857142857142857,Low
CUST00035,11,83777.3,7616.118181818182,1,30,7.2727272727272725,Low
CUST00036,13,108479.38,8344.567692307694,0,10,1.5384615384615385,Low
CUST00037,15,10626.83,708.4553333333333,0,10,4.0,Low
CUST00038,11,55355.48,5032.316363636364,1,10,3.6363636363636362,Low
CUST00039,12,44829.08,3735.7566666666667,0,10,1.6666666666666667,Low
CUST00040,12,78557.07,6546.422500000001,0,10,3.3333333333333335,Low
CUST00041,12,11232.369999999999,936.0308333333332,1,10,4.166666666666667,Low
CUST00042,11,59327.74,5393.430909090909,0,10,1.8181818181818181,Low
CUST00043,3,40451.79,13483.93,0,10,3.3333333333333335,Low
CUST00044,10,13054.35,1305.435,1,20,4.0,Low
CUST00045,8,34918.47,4364.80875,0,10,2.5,Low
CUST00046,6,21849.97,3641.661666666667,0,10,5.0,Low
CUST00047,6,14369.73,2394.955,0,10,3.3333333333333335,Low
CUST00048,11,241843.32,21985.756363636363,0,10,1.8181818181818181,Low
CUST00049,11,195189.36000000002,17744.487272727274,1,10,1.8181818181818181,Low
CUST00050,13,39748.11,3057.546923076923,0,10,3.8461538461538463,Low
CUST00051,9,3772.98,419.22,0,0,0.0,Low
CUST00052,11,35447.31,3222.482727272727,0,0,0.0,Low
CUST00053,5,10085.79,2017.1580000000001,1,30,6.0,Low
CUST00054,8,9011.05,1126.38125,0,0,0.0,Low
CUST00055,10,7602.009999999999,760.2009999999999,0,10,4.0,Low
CUST00056,8,192222.62,24027.8275,0,10,6.25,Low
CUST00057,9,32481.09,3609.01,0,10,1.1111111111111112,Low
CUST00058,15,7796.35,519.7566666666667,0,10,4.666666666666667,Low
CUST00059,5,204216.02,40843.204,0,10,2.0,Low
CUST00060,10,59924.06,5992.406,1,20,3.0,Low
CUST00061,14,110769.01,7912.072142857142,3,20,2.857142857142857,Low
CUST00062,11,51029.52,4639.047272727273,0,10,2.727272727272727,Low
CUST00063,12,352154.28,29346.190000000002,0,20,3.3333333333333335,Low
CUST00064,9,4557.78,506.41999999999996,0,0,0.0,Low
CUST00065,7,13237.66,1891.0942857142857,0,10,4.285714285714286,Low
CUST00066,10,10653.970000000001,1065.3970000000002,0,10,2.0,Low
CUST00067,8,13391.58,1673.9475,0,10,2.5,Low
CUST00068,12,301545.15,25128.7625,0,30,3.3333333333333335,Low
CUST00069,8,4959.34,619.9175,0,10,3.75,Low
CUST00070,6,42202.95,7033.825,0,10,1.6666666666666667,Low
CUST00071,11,43894.85,3990.440909090909,0,10,1.8181818181818181,Low
CUST00072,11,47586.61,4326.055454545454,0,10,2.727272727272727,Low
CUST00073,12,13453.93,1121.1608333333334,0,10,2.5,Low
CUST00074,14,3993.01,285.21500000000003,0,10,2.142857142857143,Low
CUST00075,13,160139.47,12318.42076923077,0,10,3.076923076923077,Low
CUST00076,11,27133.09,2466.6445454545456,0,10,5.454545454545454,Low
CUST00077,8,11155.07,1394.38375,0,10,3.75,Low
CUST00078,11,111034.05,10094.004545454545,0,10,0.9090909090909091,Low
CUST00079,12,49394.52,4116.21,0,10,2.5,Low
CUST00080,15,46845.31,3123.0206666666663,3,75,9.666666666666666,High
CUST00081,7,160559.64,22937.09142857143,0,10,1.4285714285714286,Low
CUST00082,11,15667.39,1424.3081818181818,1,20,2.727272727272727,Low
CUST00083,10,13061.29,1306.1290000000001,0,10,2.0,Low
CUST00084,13,467573.13,35967.163846153846,0,10,3.076923076923077,Low
CUST00085,9,50268.869999999995,5585.429999999999,0,10,1.1111111111111112,Low
CUST00086,12,29903.92,2491.9933333333333,0,10,4.166666666666667,Low
CUST00087,12,3814.41,317.8675,0,10,1.6666666666666667,Low
CUST00088,10,8903.05,890.305,1,15,5.5,Low
CUST00089,11,12517.46,1137.950909090909,1,15,2.272727272727273,Low
CUST00090,10,10292.3,1029.23,1,20,3.0,Low
CUST00091,8,24656.57,3082.07125,0,10,2.5,Low
CUST00092,13,7678.36,590.6430769230769,1,30,3.8461538461538463,Low
CUST00093,12,69142.29000000001,5761.857500000001,0,10,5.0,Low
CUST00094,11,62058.11,5641.646363636363,1,10,2.727272727272727,Low
CUST00095,10,4660.39,466.03900000000004,0,10,1.0,Low
CUST00096,9,220248.24,24472.026666666665,2,30,6.666666666666667,Low
CUST00097,9,2635.69,292.8544444444444,0,10,2.2222222222222223,Low
CUST00098,9,22377.64,2486.4044444444444,1,20,4.444444444444445,Low
CUST00099,13,587510.92,45193.1476923077,1,10,2.3076923076923075,Low
CUST00100,11,16556.38,1505.1254545454547,0,10,4.545454545454546,Low
CUST00101,12,67293.07,5607.755833333334,1,10,3.3333333333333335,Low
CUST00102,6,37424.86,6237.4766666666665,0,0,0.0,Low
CUST00103,6,67828.28,11304.713333333333,0,0,0.0,Low
CUST00104,5,14131.84,2826.368,0,10,4.0,Low
CUST00105,7,9954.41,1422.0585714285714,0,10,1.4285714285714286,Low
CUST00106,5,5462.37,1092.474,0,10,6.0,Low
CUST00107,10,10224.789999999999,1022.4789999999999,0,10,3.0,Low
CUST00108,7,5693.54,813.3628571428571,0,10,2.857142857142857,Low
CUST00109,8,18056.41,2257.05125,1,15,4.375,Low
CUST00110,8,16582.05,2072.75625,0,0,0.0,Low
CUST00111,9,1721.03,191.22555555555556,0,10,1.1111111111111112,Low
CUST00112,14,20455.68,1461.1200000000001,0,10,1.4285714285714286,Low
CUST00113,10,28749.829999999998,2874.9829999999997,1,20,5.0,Low
CUST00114,10,8753.720000000001,875.3720000000001,0,0,0.0,Low
CUST00115,8,99116.56,12389.57,0,10,3.75,Low
CUST00116,11,8433.81,766.7099999999999,0,10,1.8181818181818181,Low
CUST00117,8,17896.52,2237.065,1,10,2.5,Low
CUST00118,7,95037.16,13576.737142857144,0,10,1.4285714285714286,Low
CUST00119,11,15865.14,1442.2854545454545,0,10,0.9090909090909091,Low
CUST00120,16,18589.22,1161.82625,1,20,1.25,Low
CUST00121,12,14015.69,1167.9741666666666,0,10,4.166666666666667,Low
CUST00122,7,55847.399999999994,7978.199999999999,0,10,1.4285714285714286,Low
CUST00123,6,117286.16999999998,19547.694999999996,0,10,6.666666666666667,Low
CUST00124,12,22070.78,1839.2316666666666,0,10,3.3333333333333335,Low
CUST00125,6,2557.6800000000003,426.28000000000003,0,0,0.0,Low
CUST00126,8,6564.59,820.57375,0,10,1.25,Low
CUST00127,12,6483.32,540.2766666666666,1,10,5.833333333333333,Low
CUST00128,17,23205.82,1365.0482352941176,1,30,4.705882352941177,Low
CUST00129,7,75310.65,10758.664285714285,0,10,2.857142857142857,Low
CUST00130,18,29063.28,1614.6266666666666,0,10,2.7777777777777777,Low
CUST00131,8,42765.47,5345.68375,0,10,2.5,Low
CUST00132,5,3375.21,675.042,1,30,6.0,Low
CUST00133,12,10198.47,849.8725,0,10,0.8333333333333334,Low
CUST00134,9,185360.04,20595.56,0,10,2.2222222222222223,Low
CUST00135,9,14979.32,1664.368888888889,0,10,3.3333333333333335,Low
CUST00136,9,5941.59,660.1766666666667,0,10,3.3333333333333335,Low
CUST00137,11,11795.28,1072.2981818181818,0,10,2.727272727272727,Low
CUST00138,15,5648.62,376.57466666666664,2,20,2.6666666666666665,Low
CUST00139,12,16848.89,1404.0741666666665,0,10,1.6666666666666667,Low
CUST00140,10,19855.7,1985.5700000000002,1,20,4.0,Low
CUST00141,10,9264.94,926.494,0,10,3.0,Low
CUST00142,7,77875.3,11125.042857142858,0,10,1.4285714285714286,Low
CUST00143,13,105273.92,8097.993846153846,0,10,2.3076923076923075,Low
CUST00144,9,47721.44,5302.3822222222225,1,15,2.7777777777777777,Low
CUST00145,4,19976.329999999998,4994.0824999999995,0,10,5.0,Low
CUST00146,10,9964.539999999999,996.454,2,20,6.0,Low
CUST00147,12,10131.369999999999,844.2808333333332,0,10,4.166666666666667,Low
CUST00148,17,252254.37,14838.492352941175,0,10,1.7647058823529411,Low
CUST00149,7,10747.02,1535.2885714285715,0,0,0.0,Low
CUST00150,11,32272.53,2933.8663636363635,0,10,4.545454545454546,Low
CUST00151,5,34796.58,6959.316000000001,0,10,2.0,Low
CUST00152,6,3977.31,662.885,0,10,3.3333333333333335,Low
CUST00153,12,167601.01,13966.750833333334,0,10,2.5,Low
CUST00154,8,86477.08,10809.635,0,10,1.25,Low
CUST00155,12,8146.780000000001,678.8983333333334,1,20,4.166666666666667,Low
CUST00156,8,3811.98,476.4975,0,0,0.0,Low
CUST00157,12,9325.94,777.1616666666667,3,75,9.583333333333334,High
CUST00158,10,17778.32,1777.8319999999999,1,30,4.0,Low
CUST00159,8,13117.52,1639.69,0,10,1.25,Low
CUST00160,10,620796.13,62079.613,1,30,10.0,Low
CUST00161,10,11227.75,1122.775,3,85,17.5,High
CUST00162,7,8710.01,1244.287142857143,0,10,2.857142857142857,Low
CUST00163,9,85809.11,9534.345555555556,0,10,3.3333333333333335,Low
CUST00164,9,37832.29,4203.587777777778,0,10,3.3333333333333335,Low
CUST00165,8,12492.7,1561.5875,0,10,1.25,Low
CUST00166,12,97329.64,8110.803333333333,0,10,2.5,Low
CUST00167,11,49272.11,4479.282727272727,1,20,5.454545454545454,Low
CUST00168,10,40112.39,4011.239,0,10,2.0,Low
CUST00169,9,15086.59,1676.2877777777778,0,10,4.444444444444445,Low
CUST00170,16,719871.47,44991.966875,0,30,6.25,Low
CUST00171,17,894137.78,52596.340000000004,0,20,3.5294117647058822,Low
CUST00172,10,18057.69,1805.7689999999998,0,10,1.0,Low
CUST00173,12,18981.04,1581.7533333333333,0,10,3.3333333333333335,Low
CUST00174,11,50308.09,4573.462727272727,1,10,1.8181818181818181,Low
CUST00175,3,5727.280000000001,1909.0933333333335,0,10,3.3333333333333335,Low
CUST00176,9,11679.4,1297.711111111111,0,10,3.3333333333333335,Low
CUST00177,12,16899.77,1408.3141666666668,1,15,3.75,Low
CUST00178,12,31327.99,2610.6658333333335,0,10,2.5,Low
CUST00179,5,35015.05,7003.01,0,0,0.0,Low
CUST00180,11,47212.72,4292.0654545454545,0,10,2.727272727272727,Low
CUST00181,9,3583.2799999999997,398.1422222222222,1,20,4.444444444444445,Low
CUST00182,12,10912.53,909.3775,1,20,2.5,Low
CUST00183,10,14046.88,1404.6879999999999,0,10,4.0,Low
CUST00184,6,3008.74,501.45666666666665,0,10,3.3333333333333335,Low
CUST00185,16,88801.63,5550.101875,0,10,3.125,Low
CUST00186,12,27094.88,2257.9066666666668,3,75,11.25,High
CUST00187,12,5871.2,489.26666666666665,0,10,4.166666666666667,Low
CUST00188,9,71504.2,7944.911111111111,0,10,3.3333333333333335,Low
CUST00189,14,25012.15,1786.582142857143,0,10,4.285714285714286,Low
CUST00190,10,3069.51,306.951,0,10,2.0,Low
CUST00191,7,65920.92,9417.274285714286,1,10,2.857142857142857,Low
CUST00192,10,12263.87,1226.3870000000002,0,10,3.0,Low
CUST00193,12,226920.54,18910.045000000002,2,10,0.8333333333333334,Low
CUST00194,8,119099.12,14887.39,0,10,5.0,Low
CUST00195,13,28445.38,2188.106153846154,0,10,2.3076923076923075,Low
CUST00196,3,3396.96,1132.32,0,10,6.666666666666667,Low
CUST00197,20,65427.23,3271.3615,0,10,1.0,Low
CUST00198,15,22447.73,1496.5153333333333,3,85,13.0,High
CUST00199,12,16506.45,1375.5375000000001,0,10,4.166666666666667,Low
CUST00200,9,1316.51,146.2788888888889,0,10,2.2222222222222223,Low
CUST00201,16,8245.01,515.313125,1,10,1.875,Low
CUST00202,15,441926.0,29461.733333333334,3,75,12.333333333333334,High
CUST00203,10,21258.41,2125.841,0,10,3.0,Low
CUST00204,12,343992.7,28666.058333333334,1,20,4.166666666666667,Low
CUST00205,12,40219.71,3351.6425,0,10,1.6666666666666667,Low
CUST00206,11,6648.64,604.4218181818183,2,30,5.909090909090909,Low
CUST00207,9,36088.409999999996,4009.823333333333,0,10,1.1111111111111112,Low
CUST00208,9,10571.72,1174.6355555555556,0,10,1.1111111111111112,Low
CUST00209,8,6451.469999999999,806.4337499999999,0,10,2.5,Low
CUST00210,3,1285.0900000000001,428.3633333333334,0,0,0.0,Low
CUST00211,8,18563.26,2320.4075,0,10,1.25,Low
CUST00212,8,31516.08,3939.51,0,10,3.75,Low
CUST00213,15,7474.78,498.3186666666667,0,10,1.3333333333333333,Low
CUST00214,7,17850.05,2550.0071428571428,0,0,0.0,Low
CUST00215,10,205221.53,20522.153,0,10,2.0,Low
CUST00216,10,68945.04,6894.503999999999,0,10,4.0,Low
CUST00217,13,11196.130000000001,861.2407692307693,0,10,3.076923076923077,Low
CUST00218,6,14354.84,2392.4733333333334,0,10,1.6666666666666667,Low
CUST00219,10,310656.3,31065.629999999997,1,20,2.0,Low
CUST00220,5,8315.37,1663.074,0,10,2.0,Low
CUST00221,11,74860.31,6805.482727272727,0,10,6.363636363636363,Low
CUST00222,5,8129.36,1625.8719999999998,0,10,4.0,Low
CUST00223,13,5397.13,415.1638461538462,0,10,1.5384615384615385,Low
CUST00224,13,17991.69,1383.9761538461537,0,10,0.7692307692307693,Low
CUST00225,8,32705.28,4088.16,0,10,5.0,Low
CUST00226,16,37196.85,2324.803125,0,10,1.875,Low
CUST00227,10,4623.74,462.37399999999997,0,10,1.0,Low
CUST00228,10,78465.73,7846.572999999999,0,10,4.0,Low
CUST00229,11,78975.21,7179.564545454546,0,10,3.6363636363636362,Low
CUST00230,9,77586.0,8620.666666666666,0,0,0.0,Low
CUST00231,17,158957.08000000002,9350.416470588236,1,10,5.294117647058823,Low
CUST00232,14,37168.91,2654.922142857143,1,10,4.285714285714286,Low
CUST00233,8,15743.740000000002,1967.9675000000002,0,0,0.0,Low
CUST00234,11,229068.55,20824.413636363635,1,10,1.8181818181818181,Low
CUST00235,11,139263.92,12660.356363636365,0,10,4.545454545454546,Low
CUST00236,16,20234.6,1264.6625,0,10,1.25,Low
CUST00237,9,20911.22,2323.468888888889,0,10,1.1111111111111112,Low
CUST00238,11,25348.69,2304.4263636363635,0,10,1.8181818181818181,Low
CUST00239,4,21450.68,5362.67,0,0,0.0,Low
CUST00240,14,37289.15,2663.5107142857146,0,10,2.142857142857143,Low
CUST00241,9,47628.57,5292.0633333333335,0,10,3.3333333333333335,Low
CUST00242,12,77322.88,6443.573333333334,0,10,3.3333333333333335,Low
CUST00243,6,18973.05,3162.1749999999997,0,10,3.3333333333333335,Low
CUST00244,10,82567.70999999999,8256.770999999999,0,10,4.0,Low
CUST00245,7,10294.79,1470.6842857142858,0,10,1.4285714285714286,Low
CUST00246,8,21382.920000000002,2672.8650000000002,0,10,3.75,Low
CUST00247,11,7964.1900000000005,724.0172727272728,1,15,1.3636363636363635,Low
CUST00248,10,27324.09,2732.409,0,10,3.0,Low
CUST00249,6,1094.2,182.36666666666667,0,10,3.3333333333333335,Low
CUST00250,7,18519.89,2645.6985714285715,0,10,2.857142857142857,Low
CUST00251,9,4981.1,553.4555555555556,0,10,4.444444444444445,Low
CUST00252,13,78575.47,6044.266923076923,3,30,5.384615384615385,Low
CUST00253,9,253860.97000000003,28206.774444444447,0,30,4.444444444444445,Low
CUST00254,13,21853.34,1681.0261538461539,1,10,3.8461538461538463,Low
CUST00255,16,32132.61,2008.288125,0,10,1.875,Low
CUST00256,15,29069.12,1937.9413333333332,0,10,3.3333333333333335,Low
CUST00257,9,10571.74,1174.6377777777777,0,0,0.0,Low
CUST00258,7,26241.730000000003,3748.818571428572,1,10,2.857142857142857,Low
CUST00259,14,7861.700000000001,561.5500000000001,0,10,0.7142857142857143,Low
CUST00260,10,11660.82,1166.0819999999999,0,10,1.0,Low
CUST00261,11,77528.84,7048.076363636364,2,25,5.0,Low
CUST00262,7,45494.94,6499.277142857143,1,25,7.857142857142857,Low
CUST00263,10,20258.41,2025.841,0,10,2.0,Low
CUST00264,10,17258.84,1725.884,0,10,3.0,Low
CUST00265,12,7632.43,636.0358333333334,0,0,0.0,Low
CUST00266,11,31278.010000000002,2843.455454545455,0,10,3.6363636363636362,Low
CUST00267,22,37328.4,1696.7454545454545,1,20,4.090909090909091,Low
CUST00268,7,29028.46,4146.922857142857,0,10,4.285714285714286,Low
CUST00269,10,43163.909999999996,4316.391,0,10,2.0,Low
CUST00270,7,10878.15,1554.0214285714285,0,10,1.4285714285714286,Low
CUST00271,15,101659.87,6777.324666666666,0,10,3.3333333333333335,Low
CUST00272,10,25576.66,2557.666,0,10,4.0,Low
CUST00273,5,29895.45,5979.09,1,20,4.0,Low
CUST00274,13,546032.23,42002.479230769226,1,30,4.615384615384615,Low
CUST00275,11,30198.57,2745.3245454545454,0,10,1.8181818181818181,Low
CUST00276,13,14615.39,1124.2607692307693,2,20,3.076923076923077,Low
CUST00277,12,47018.06,3918.1716666666666,0,10,4.166666666666667,Low
CUST00278,9,2425.36,269.4844444444445,1,10,4.444444444444445,Low
CUST00279,10,2732.4,273.24,0,10,5.0,Low
CUST00280,12,27009.68,2250.806666666667,0,10,0.8333333333333334,Low
CUST00281,8,121535.07,15191.88375,0,10,1.25,Low
CUST00282,9,7941.07,882.3411111111111,3,75,16.11111111111111,High
CUST00283,6,66207.58,11034.596666666666,0,10,1.6666666666666667,Low
CUST00284,4,804.35,201.0875,0,10,2.5,Low
CUST00285,16,51443.6,3215.225,0,10,3.125,Low
CUST00286,6,6039.15,1006.525,0,0,0.0,Low
CUST00287,7,13536.439999999999,1933.7771428571427,0,10,2.857142857142857,Low
CUST00288,13,162169.6,12474.584615384616,0,10,1.5384615384615385,Low
CUST00289,12,405418.11,33784.8425,0,20,4.166666666666667,Low
CUST00290,11,86744.7,7885.881818181818,0,10,4.545454545454546,Low
CUST00291,13,109572.52,8428.655384615386,0,10,0.7692307692307693,Low
CUST00292,17,51124.65,3007.3323529411764,0,10,2.9411764705882355,Low
CUST00293,8,1744.74,218.0925,0,10,1.25,Low
CUST00294,14,83084.03,5934.573571428571,2,20,5.714285714285714,Low
CUST00295,11,33652.08,3059.28,0,10,2.727272727272727,Low
CUST00296,13,9151.6,703.9692307692308,0,10,1.5384615384615385,Low
CUST00297,12,15876.359999999999,1323.03,0,10,0.8333333333333334,Low
CUST00298,9,155968.26,17329.806666666667,0,10,5.555555555555555,Low
CUST00299,14,6054.34,432.45285714285717,0,10,4.285714285714286,Low
CUST00300,11,17098.38,1554.398181818182,0,10,2.727272727272727,Low
CUST00301,12,433901.11,36158.425833333335,0,10,1.6666666666666667,Low
CUST00302,6,2745.47,457.5783333333333,0,10,5.0,Low
CUST00303,9,41408.72,4600.968888888889,0,10,3.3333333333333335,Low
CUST00304,17,114669.88,6745.28705882353,1,20,2.9411764705882355,Low
CUST00305,6,15684.68,2614.1133333333332,0,10,1.6666666666666667,Low
CUST00306,7,8942.369999999999,1277.4814285714285,1,10,1.4285714285714286,Low
CUST00307,5,7099.37,1419.874,1,20,4.0,Low
CUST00308,11,20584.75,1871.340909090909,1,20,4.545454545454546,Low
CUST00309,11,6570.39,597.3081818181819,0,10,1.8181818181818181,Low
CUST00310,8,183644.35,22955.54375,0,10,3.75,Low
CUST00311,7,51769.03,7395.575714285714,1,10,1.4285714285714286,Low
CUST00312,13,95103.26,7315.635384615384,1,10,1.5384615384615385,Low
CUST00313,14,27664.92,1976.0657142857142,0,10,4.285714285714286,Low
CUST00314,12,59659.09,4971.590833333333,0,10,4.166666666666667,Low
CUST00315,11,14688.359999999999,1335.3054545454545,0,10,0.9090909090909091,Low
CUST00316,12,7930.88,660.9066666666666,1,15,2.0833333333333335,Low
CUST00317,17,178719.07,10512.886470588235,1,10,4.117647058823529,Low
CUST00318,9,5269.38,585.4866666666667,0,10,2.2222222222222223,Low
CUST00319,11,116918.31,10628.937272727273,0,10,1.8181818181818181,Low
CUST00320,14,29723.23,2123.087857142857,0,10,2.142857142857143,Low
CUST00321,11,14391.97,1308.360909090909,0,10,0.9090909090909091,Low
CUST00322,7,8495.83,1213.69,0,10,1.4285714285714286,Low
CUST00323,11,142793.31,12981.21,1,15,2.272727272727273,Low
CUST00324,13,17111.5,1316.2692307692307,0,10,2.3076923076923075,Low
CUST00325,17,194239.45,11425.85,0,10,2.9411764705882355,Low
CUST00326,14,111076.07,7934.005,0,10,2.142857142857143,Low
CUST00327,7,1585.38,226.48285714285717,0,10,2.857142857142857,Low
CUST00328,11,6066.29,551.4809090909091,0,10,4.545454545454546,Low
CUST00329,11,87866.22,7987.8381818181815,0,10,1.8181818181818181,Low
CUST00330,6,6956.93,1159.4883333333335,0,10,3.3333333333333335,Low
CUST00331,9,10063.02,1118.1133333333335,0,10,2.2222222222222223,Low
CUST00332,9,67756.36,7528.484444444444,0,10,1.1111111111111112,Low
CUST00333,8,7740.04,967.505,0,10,3.75,Low
CUST00334,16,10566.96,660.435,0,10,1.875,Low
CUST00335,9,62179.240000000005,6908.804444444445,0,10,3.3333333333333335,Low
CUST00336,12,54548.83,4545.735833333333,0,10,4.166666666666667,Low
CUST00337,10,5135.6,513.5600000000001,0,10,2.0,Low
CUST00338,14,21900.11,1564.2935714285716,0,10,1.4285714285714286,Low
CUST00339,16,29656.55,1853.534375,0,10,0.625,Low
CUST00340,7,154699.77,22099.967142857142,0,10,2.857142857142857,Low
CUST00341,11,14316.78,1301.5254545454545,0,10,3.6363636363636362,Low
CUST00342,13,14785.76,1137.3661538461538,0,10,1.5384615384615385,Low
CUST00343,10,56162.89,5616.289,0,10,4.0,Low
CUST00344,11,14149.95,1286.359090909091,1,30,5.454545454545454,Low
CUST00345,8,29037.75,3629.71875,0,10,1.25,Low
CUST00346,9,9258.7,1028.7444444444445,0,10,3.3333333333333335,Low
CUST00347,6,3770.56,628.4266666666666,0,10,3.3333333333333335,Low
CUST00348,6,19756.52,3292.7533333333336,0,10,5.0,Low
CUST00349,10,28491.79,2849.179,0,10,3.0,Low
CUST00350,10,114640.9,11464.09,1,10,8.0,Low
CUST00351,11,30264.27,2751.2972727272727,0,10,0.9090909090909091,Low
CUST00352,4,26679.4,6669.85,0,10,2.5,Low
CUST00353,7,2028.3,289.75714285714287,0,0,0.0,Low
CUST00354,5,2977.71,595.542,0,10,4.0,Low
CUST00355,11,76901.58,6991.052727272728,1,10,5.454545454545454,Low
CUST00356,11,7088.08,644.3709090909091,0,10,2.727272727272727,Low
CUST00357,7,6829.13,975.59,0,10,1.4285714285714286,Low
CUST00358,6,152007.89,25334.648333333334,0,0,0.0,Low
CUST00359,13,46011.9,3539.376923076923,0,10,2.3076923076923075,Low
CUST00360,7,15937.259999999998,2276.7514285714283,0,10,2.857142857142857,Low
CUST00361,14,10945.57,781.8264285714286,0,10,2.857142857142857,Low
CUST00362,8,209956.9,26244.6125,0,10,2.5,Low
CUST00363,8,43620.47,5452.55875,0,10,2.5,Low
CUST00364,9,9708.220000000001,1078.6911111111112,0,10,1.1111111111111112,Low
CUST00365,6,3939.0699999999997,656.5116666666667,0,10,3.3333333333333335,Low
CUST00366,6,41605.619999999995,6934.2699999999995,0,10,5.0,Low
CUST00367,11,2989.35,271.7590909090909,0,10,3.6363636363636362,Low
CUST00368,9,18375.84,2041.76,0,0,0.0,Low
CUST00369,10,7672.33,767.233,0,10,4.0,Low
CUST00370,12,12470.05,1039.1708333333333,0,10,4.166666666666667,Low
CUST00371,10,61684.9,6168.49,1,0,0.0,Low
CUST00372,9,57945.88,6438.431111111111,0,10,4.444444444444445,Low
CUST00373,11,9686.45,880.5863636363637,0,10,1.8181818181818181,Low
CUST00374,10,18375.93,1837.593,1,20,6.0,Low
CUST00375,7,29155.63,4165.09,0,10,5.714285714285714,Low
CUST00376,7,3699.29,528.47,0,10,1.4285714285714286,Low
CUST00377,10,263984.2,26398.420000000002,0,10,3.0,Low
CUST00378,14,30359.47,2168.5335714285716,0,10,2.857142857142857,Low
CUST00379,13,74833.67,5756.4361538461535,0,10,1.5384615384615385,Low
CUST00380,12,18883.399999999998,1573.6166666666666,0,10,0.8333333333333334,Low
CUST00381,15,20075.12,1338.3413333333333,0,10,4.0,Low
CUST00382,8,44439.67,5554.95875,1,10,1.25,Low
CUST00383,12,62010.47,5167.5391666666665,3,85,12.916666666666666,High
CUST00384,11,83565.84,7596.894545454546,0,10,1.8181818181818181,Low
CUST00385,6,10665.67,1777.6116666666667,0,10,5.0,Low
CUST00386,9,62627.17,6958.574444444444,0,10,6.666666666666667,Low
CUST00387,12,30724.55,2560.3791666666666,0,10,3.3333333333333335,Low
CUST00388,10,28833.84,2883.384,0,10,4.0,Low
CUST00389,12,23725.16,1977.0966666666666,1,10,1.6666666666666667,Low
CUST00390,8,34836.69,4354.58625,0,0,0.0,Low
CUST00391,9,31363.440000000002,3484.826666666667,0,10,2.2222222222222223,Low
CUST00392,7,77713.19,11101.884285714286,0,10,2.857142857142857,Low
CUST00393,9,26955.030000000002,2995.0033333333336,0,10,2.2222222222222223,Low
CUST00394,4,24750.309999999998,6187.577499999999,0,0,0.0,Low
CUST00395,8,9349.35,1168.66875,0,10,3.75,Low
CUST00396,7,3951.02,564.4314285714286,0,10,2.857142857142857,Low
CUST00397,12,63375.55,5281.295833333334,0,10,3.3333333333333335,Low
CUST00398,14,222935.7,15923.978571428572,0,10,3.5714285714285716,Low
CUST00399,10,85033.94,8503.394,0,10,4.0,Low
CUST00400,9,9119.14,1013.2377777777778,0,10,3.3333333333333335,Low
CUST00401,11,10423.84,947.6218181818182,1,20,3.6363636363636362,Low
CUST00402,12,179522.25,14960.1875,0,0,0.0,Low
CUST00403,8,1538.97,192.37125,0,10,3.75,Low
CUST00404,17,61118.00000000001,3595.1764705882356,1,10,2.3529411764705883,Low
CUST00405,8,27167.26,3395.9075,0,10,3.75,Low
CUST00406,11,19653.88,1786.7163636363637,0,10,2.727272727272727,Low
CUST00407,12,28489.89,2374.1575,0,10,2.5,Low
CUST00408,7,6184.09,883.4414285714286,0,10,4.285714285714286,Low
CUST00409,10,120182.76000000001,12018.276000000002,1,25,5.5,Low
CUST00410,8,12251.36,1531.42,0,0,0.0,Low
CUST00411,9,65211.03,7245.67,1,10,3.3333333333333335,Low
CUST00412,10,14102.18,1410.218,1,30,7.0,Low
CUST00413,4,53136.97,13284.2425,1,10,2.5,Low
CUST00414,9,75988.48,8443.164444444445,0,10,1.1111111111111112,Low
CUST00415,8,3605.42,450.6775,0,10,1.25,Low
CUST00416,9,262727.66000000003,29191.962222222224,0,10,3.3333333333333335,Low
CUST00417,12,482611.85,40217.65416666667,0,10,5.0,Low
CUST00418,11,5783.42,525.7654545454545,0,10,2.727272727272727,Low
CUST00419,12,12678.22,1056.5183333333332,0,10,1.6666666666666667,Low
CUST00420,13,88397.48,6799.806153846153,0,10,3.076923076923077,Low
CUST00421,9,627974.54,69774.94888888889,0,10,3.3333333333333335,Low
CUST00422,16,10225.46,639.09125,2,25,4.6875,Low
CUST00423,11,20480.87,1861.8972727272726,0,10,2.727272727272727,Low
CUST00424,6,13831.98,2305.33,0,0,0.0,Low
CUST00425,12,103735.39,8644.615833333333,0,10,2.5,Low
CUST00426,11,23863.93,2169.4481818181816,0,10,1.8181818181818181,Low
CUST00427,6,10450.34,1741.7233333333334,0,0,0.0,Low
CUST00428,13,1721.56,132.4276923076923,1,10,3.076923076923077,Low
CUST00429,9,316313.65,35145.961111111115,0,10,4.444444444444445,Low
CUST00430,11,18919.14,1719.921818181818,0,10,4.545454545454546,Low
CUST00431,8,12283.789999999999,1535.4737499999999,0,10,2.5,Low
CUST00432,12,207017.76,17251.48,0,10,3.3333333333333335,Low
CUST00433,14,6218.62,444.1871428571429,1,10,2.857142857142857,Low
CUST00434,10,27957.11,2795.7110000000002,0,10,1.0,Low
CUST00435,10,38369.62,3836.9620000000004,0,10,4.0,Low
CUST00436,6,8150.88,1358.48,0,10,5.0,Low
CUST00437,5,19433.61,3886.722,0,0,0.0,Low
CUST00438,8,14643.5,1830.4375,0,10,2.5,Low
CUST00439,18,40045.4,2224.7444444444445,0,10,2.2222222222222223,Low
CUST00440,11,50251.119999999995,4568.283636363636,1,20,3.6363636363636362,Low
CUST00441,11,43637.75,3967.068181818182,0,10,0.9090909090909091,Low
CUST00442,13,34698.39,2669.106923076923,0,10,1.5384615384615385,Low
CUST00443,11,16518.239999999998,1501.6581818181817,1,10,2.727272727272727,Low
CUST00444,15,89367.84,5957.856,0,10,2.6666666666666665,Low
CUST00445,11,119354.26,10850.387272727272,0,10,0.9090909090909091,Low
CUST00446,10,7139.6900000000005,713.969,0,0,0.0,Low
CUST00447,7,50648.77,7235.538571428571,1,10,5.714285714285714,Low
CUST00448,8,18711.07,2338.88375,0,10,2.5,Low
CUST00449,7,126532.99,18076.14142857143,0,10,1.4285714285714286,Low
CUST00450,13,14579.34,1121.4876923076922,0,10,1.5384615384615385,Low
CUST00451,9,49219.96,5468.884444444444,0,10,2.2222222222222223,Low
CUST00452,8,63698.29,7962.28625,0,10,2.5,Low
CUST00453,8,3543.1299999999997,442.89124999999996,0,10,2.5,Low
CUST00454,10,39424.57,3942.457,1,20,5.0,Low
CUST00455,9,27340.33,3037.8144444444447,0,10,2.2222222222222223,Low
CUST00456,8,13561.99,1695.24875,0,10,3.75,Low
CUST00457,7,1946.99,278.14142857142855,0,10,2.857142857142857,Low
CUST00458,10,175250.12,17525.012,0,10,4.0,Low
CUST00459,11,5909.36,537.2145454545454,0,10,1.8181818181818181,Low
CUST00460,10,5726.93,572.693,0,10,5.0,Low
CUST00461,9,10596.210000000001,1177.3566666666668,0,10,2.2222222222222223,Low
CUST00462,5,9167.53,1833.506,3,75,23.0,High
CUST00463,12,48351.39,4029.2825,0,10,0.8333333333333334,Low
CUST00464,15,84439.20999999999,5629.280666666667,0,10,2.0,Low
CUST00465,12,28896.13,2408.0108333333333,0,10,1.6666666666666667,Low
CUST00466,11,10073.91,915.81,1,10,0.9090909090909091,Low
CUST00467,12,4915.32,409.60999999999996,0,10,5.833333333333333,Low
CUST00468,10,58265.43,5826.543,0,10,1.0,Low
CUST00469,8,14500.34,1812.5425,0,10,3.75,Low
CUST00470,12,838907.3200000001,69908.94333333334,1,20,2.5,Low
CUST00471,8,9153.17,1144.14625,0,10,2.5,Low
CUST00472,10,16983.199999999997,1698.3199999999997,1,0,0.0,Low
CUST00473,7,15478.150000000001,2211.164285714286,0,10,1.4285714285714286,Low
CUST00474,13,77941.01,5995.462307692307,3,75,8.846153846153847,High
CUST00475,7,117190.22,16741.46,0,10,1.4285714285714286,Low
CUST00476,10,16365.96,1636.596,0,10,4.0,Low
CUST00477,7,102814.84,14687.834285714285,0,10,4.285714285714286,Low
CUST00478,13,4633.02,356.3861538461539,0,10,3.076923076923077,Low
CUST00479,9,408448.19,45383.13222222222,0,20,6.666666666666667,Low
CUST00480,12,73387.16,6115.596666666667,0,10,1.6666666666666667,Low
CUST00481,12,17230.5,1435.875,1,15,2.0833333333333335,Low
CUST00482,8,13460.07,1682.50875,0,10,1.25,Low
CUST00483,6,55005.35,9167.558333333332,2,15,5.833333333333333,Low
CUST00484,13,36119.35,2778.4115384615384,0,10,3.8461538461538463,Low
CUST00485,9,6909.97,767.7744444444445,0,10,2.2222222222222223,Low
CUST00486,11,12436.49,1130.59,0,10,1.8181818181818181,Low
CUST00487,8,185777.84,23222.23,0,10,1.25,Low
CUST00488,15,71365.16,4757.677333333334,2,20,3.3333333333333335,Low
CUST00489,11,48646.99,4422.453636363636,0,10,3.6363636363636362,Low
CUST00490,8,5279.05,659.88125,0,10,1.25,Low
CUST00491,11,24935.14,2266.8309090909092,0,10,1.8181818181818181,Low
CUST00492,10,30373.14,3037.314,1,15,4.5,Low
CUST00493,9,12860.65,1428.961111111111,0,10,2.2222222222222223,Low
CUST00494,11,8656.48,786.9527272727272,0,10,3.6363636363636362,Low
CUST00495,11,21050.82,1913.7109090909091,0,10,4.545454545454546,Low
CUST00496,11,126065.37999999999,11460.48909090909,0,10,1.8181818181818181,Low
CUST00497,9,4662.87,518.0966666666667,0,0,0.0,Low
CUST00498,12,35715.03,2976.2525,0,10,3.3333333333333335,Low
CUST00499,6,1516.58,252.76333333333332,0,10,8.333333333333334,Low
CUST00500,9,46325.59,5147.287777777778,1,20,3.3333333333333335,Low
CUST00501,9,2427.47,269.71888888888884,0,0,0.0,Low
CUST00502,9,198928.96,22103.217777777776,2,25,7.222222222222222,Low
CUST00503,8,8978.71,1122.33875,0,10,1.25,Low
CUST00504,10,22360.13,2236.013,0,10,3.0,Low
CUST00505,6,6863.37,1143.895,0,10,3.3333333333333335,Low
CUST00506,7,83683.15000000001,11954.735714285716,0,10,2.857142857142857,Low
CUST00507,2,383.24,191.62,0,10,10.0,Low
CUST00508,13,349826.72000000003,26909.747692307694,0,0,0.0,Low
CUST00509,9,30909.32,3434.3688888888887,0,10,4.444444444444445,Low
CUST00510,10,240324.88,24032.488,0,10,2.0,Low
CUST00511,12,7302.43,608.5358333333334,0,10,1.6666666666666667,Low
CUST00512,12,43676.03,3639.6691666666666,0,10,1.6666666666666667,Low
CUST00513,7,142318.08,20331.154285714285,0,10,1.4285714285714286,Low
CUST00514,11,6234.85,566.8045454545455,0,10,0.9090909090909091,Low
CUST00515,10,19925.18,1992.518,0,10,2.0,Low
CUST00516,7,25161.86,3594.5514285714285,0,10,1.4285714285714286,Low
CUST00517,12,6992.64,582.72,0,0,0.0,Low
CUST00518,12,11122.71,926.8924999999999,0,10,3.3333333333333335,Low
CUST00519,22,32352.09,1470.5495454545455,0,10,2.272727272727273,Low
CUST00520,13,4703.110000000001,361.77769230769235,0,10,4.615384615384615,Low
CUST00521,16,71607.6,4475.475,0,10,0.625,Low
CUST00522,6,37048.66,6174.776666666668,0,10,1.6666666666666667,Low
CUST00523,15,11972.609999999999,798.1739999999999,0,10,6.0,Low
CUST00524,8,5079.46,634.9325,0,0,0.0,Low
CUST00525,13,46915.47,3608.8823076923077,0,10,4.615384615384615,Low
CUST00526,11,5301.06,481.9145454545455,0,10,1.8181818181818181,Low
CUST00527,15,490289.54,32685.96933333333,0,30,3.3333333333333335,Low
CUST00528,8,4908.42,613.5525,0,10,5.0,Low
CUST00529,2,2645.59,1322.795,0,10,5.0,Low
CUST00530,10,12099.789999999999,1209.9789999999998,0,10,2.0,Low
CUST00531,14,33774.61,2412.472142857143,0,10,2.857142857142857,Low
CUST00532,8,3438.23,429.77875,1,30,6.25,Low
CUST00533,8,7492.620000000001,936.5775000000001,0,10,1.25,Low
CUST00534,8,60361.34,7545.1675,1,10,3.75,Low
CUST00535,10,23027.489999999998,2302.749,0,10,1.0,Low
CUST00536,12,30409.11,2534.0925,0,10,1.6666666666666667,Low
CUST00537,11,279782.55,25434.77727272727,1,25,6.818181818181818,Low
CUST00538,12,24613.239999999998,2051.103333333333,0,10,5.0,Low
CUST00539,9,14338.07,1593.118888888889,0,10,1.1111111111111112,Low
CUST00540,14,37551.979999999996,2682.2842857142855,0,10,4.285714285714286,Low
CUST00541,13,79218.14,6093.703076923077,1,10,2.3076923076923075,Low
CUST00542,7,8164.62,1166.3742857142856,0,10,4.285714285714286,Low
CUST00543,14,15517.79,1108.4135714285715,0,10,2.857142857142857,Low
CUST00544,12,12132.880000000001,1011.0733333333334,0,10,1.6666666666666667,Low
CUST00545,12,24415.84,2034.6533333333334,0,10,3.3333333333333335,Low
CUST00546,13,117276.20000000001,9021.246153846154,2,25,4.230769230769231,Low
CUST00547,17,8155.1900000000005,479.71705882352944,0,10,2.3529411764705883,Low
CUST00548,8,14584.35,1823.04375,0,10,2.5,Low
CUST00549,6,35063.78,5843.963333333333,0,10,5.0,Low
CUST00550,10,247479.81,24747.981,0,10,3.0,Low
CUST00551,9,17644.989999999998,1960.5544444444442,0,10,3.3333333333333335,Low
CUST00552,9,71355.8,7928.422222222222,1,10,4.444444444444445,Low
CUST00553,9,37100.0,4122.222222222223,0,0,0.0,Low
CUST00554,9,4180.469999999999,464.4966666666666,0,10,2.2222222222222223,Low
CUST00555,8,58593.95,7324.24375,1,10,3.75,Low
CUST00556,13,16513.44,1270.2646153846154,1,25,4.230769230769231,Low
CUST00557,8,370555.45,46319.43125,0,10,1.25,Low
CUST00558,13,4175.85,321.2192307692308,0,10,3.076923076923077,Low
CUST00559,10,3498.85,349.885,0,10,4.0,Low
CUST00560,10,16896.09,1689.609,0,10,2.0,Low
CUST00561,9,11319.23,1257.6922222222222,0,10,3.3333333333333335,Low
CUST00562,8,4985.53,623.19125,0,10,2.5,Low
CUST00563,8,23425.6,2928.2,0,10,5.0,Low
CUST00564,12,157795.2,13149.6,0,10,5.0,Low
CUST00565,9,8910.78,990.0866666666667,0,10,3.3333333333333335,Low
CUST00566,15,56216.17,3747.7446666666665,0,10,3.3333333333333335,Low
CUST00567,13,9642.19,741.7069230769231,0,10,2.3076923076923075,Low
CUST00568,7,146087.19999999998,20869.6,0,10,2.857142857142857,Low
CUST00569,12,26279.239999999998,2189.9366666666665,1,10,5.0,Low
CUST00570,9,2947.89,327.5433333333333,2,20,6.111111111111111,Low
CUST00571,18,528436.92,29357.60666666667,0,30,4.444444444444445,Low
CUST00572,9,176988.12,19665.346666666665,0,20,6.666666666666667,Low
CUST00573,9,8688.06,965.3399999999999,0,10,3.3333333333333335,Low
CUST00574,9,54309.619999999995,6034.402222222222,0,10,1.1111111111111112,Low
CUST00575,6,4976.969999999999,829.4949999999999,0,10,5.0,Low
CUST00576,15,22569.969999999998,1504.6646666666666,1,10,1.3333333333333333,Low
CUST00577,7,161731.46,23104.494285714285,0,0,0.0,Low
CUST00578,16,35425.19,2214.074375,3,75,9.0625,High
CUST00579,9,434253.12,48250.346666666665,0,20,5.555555555555555,Low
CUST00580,7,1672.4,238.91428571428574,0,0,0.0,Low
CUST00581,7,105988.19,15141.17,0,10,7.142857142857143,Low
CUST00582,8,26913.1,3364.1375,1,20,6.25,Low
CUST00583,7,4606.94,658.1342857142856,0,0,0.0,Low
CUST00584,11,102930.68000000001,9357.334545454547,2,10,2.727272727272727,Low
CUST00585,8,36007.53,4500.94125,0,10,2.5,Low
CUST00586,12,104966.24,8747.186666666666,0,10,1.6666666666666667,Low
CUST00587,6,4715.27,785.8783333333334,0,0,0.0,Low
CUST00588,11,15717.56,1428.8690909090908,0,10,4.545454545454546,Low
CUST00589,13,83321.18,6409.321538461538,1,10,0.7692307692307693,Low
CUST00590,10,82789.93,8278.992999999999,0,10,3.0,Low
CUST00591,15,35540.020000000004,2369.334666666667,1,20,6.666666666666667,Low
CUST00592,10,27597.370000000003,2759.737,1,20,4.0,Low
CUST00593,7,29061.61,4151.658571428571,1,20,7.142857142857143,Low
CUST00594,5,1433.1100000000001,286.622,0,10,4.0,Low
CUST00595,7,21111.1,3015.871428571428,0,10,1.4285714285714286,Low
CUST00596,11,8590.79,780.9809090909092,0,10,4.545454545454546,Low
CUST00597,9,8377.98,930.8866666666667,0,10,3.3333333333333335,Low
CUST00598,9,6569.24,729.9155555555556,1,10,1.1111111111111112,Low
CUST00599,11,8481.119999999999,771.010909090909,0,10,1.8181818181818181,Low
CUST00600,10,265030.2,26503.02,0,20,3.0,Low
CUST00601,9,19130.83,2125.647777777778,0,10,1.1111111111111112,Low
CUST00602,14,17910.09,1279.2921428571428,0,10,2.857142857142857,Low
CUST00603,9,70546.65,7838.516666666666,0,0,0.0,Low
CUST00604,13,1349.8,103.83076923076922,0,10,1.5384615384615385,Low
CUST00605,13,32259.92,2481.5323076923078,0,10,1.5384615384615385,Low
CUST00606,11,2905.0,264.09090909090907,0,10,2.727272727272727,Low
CUST00607,6,14934.89,2489.148333333333,0,10,3.3333333333333335,Low
CUST00608,8,31398.899999999998,3924.8624999999997,0,10,2.5,Low
CUST00609,10,10791.6,1079.16,0,10,3.0,Low
CUST00610,11,14062.43,1278.4027272727274,1,10,2.727272727272727,Low
CUST00611,3,4107.01,1369.0033333333333,0,10,3.3333333333333335,Low
CUST00612,11,11294.99,1026.8172727272727,2,10,2.727272727272727,Low
CUST00613,12,70541.98,5878.498333333333,0,10,5.0,Low
CUST00614,9,20700.13,2300.0144444444445,0,10,2.2222222222222223,Low
CUST00615,10,44794.0,4479.4,3,75,12.5,High
CUST00616,6,20126.76,3354.4599999999996,0,10,1.6666666666666667,Low
CUST00617,13,5814.39,447.26076923076926,0,10,2.3076923076923075,Low
CUST00618,7,118899.70999999999,16985.672857142858,1,10,1.4285714285714286,Low
CUST00619,8,49706.479999999996,6213.3099999999995,0,10,2.5,Low
CUST00620,14,104638.64,7474.188571428572,0,10,2.142857142857143,Low
CUST00621,10,2556.01,255.60100000000003,1,30,6.0,Low
CUST00622,13,8747.92,672.9169230769231,0,10,1.5384615384615385,Low
CUST00623,10,264539.79,26453.979,1,30,5.0,Low
CUST00624,11,60913.58,5537.598181818182,1,10,1.8181818181818181,Low
CUST00625,13,6508.8099999999995,500.67769230769227,0,10,2.3076923076923075,Low
CUST00626,14,30570.59,2183.6135714285715,1,20,3.5714285714285716,Low
CUST00627,7,7904.179999999999,1129.1685714285713,0,10,2.857142857142857,Low
CUST00628,10,6465.36,646.536,1,10,2.0,Low
CUST00629,13,555256.33,42712.02538461538,0,10,0.7692307692307693,Low
CUST00630,11,20785.510000000002,1889.5918181818183,1,10,2.727272727272727,Low
CUST00631,11,9893.85,899.4409090909091,0,10,2.727272727272727,Low
CUST00632,5,1653.56,330.712,0,0,0.0,Low
CUST00633,7,118269.0,16895.571428571428,0,0,0.0,Low
CUST00634,12,180317.04,15026.42,0,10,1.6666666666666667,Low
CUST00635,4,28291.21,7072.8025,1,0,0.0,Low
CUST00636,11,305102.85,27736.622727272726,0,30,5.454545454545454,Low
CUST00637,11,88659.45,8059.95,1,20,2.727272727272727,Low
CUST00638,11,5981.79,543.7990909090909,0,10,2.727272727272727,Low
CUST00639,12,9769.07,814.0891666666666,0,10,0.8333333333333334,Low
CUST00640,9,3253.29,361.4766666666667,0,10,2.2222222222222223,Low
CUST00641,5,2593.89,518.778,1,20,8.0,Low
CUST00642,9,30291.13,3365.681111111111,0,10,3.3333333333333335,Low
CUST00643,14,6291.58,449.3985714285714,2,30,5.714285714285714,Low
CUST00644,13,115743.95999999999,8903.381538461537,0,10,2.3076923076923075,Low
CUST00645,8,18167.739999999998,2270.9674999999997,0,10,2.5,Low
CUST00646,10,52028.630000000005,5202.863,0,10,2.0,Low
CUST00647,11,14595.03,1326.8209090909093,0,10,2.727272727272727,Low
CUST00648,5,16227.8,3245.56,0,0,0.0,Low
CUST00649,7,16110.58,2301.5114285714285,1,10,2.857142857142857,Low
CUST00650,10,47531.75,4753.175,0,10,3.0,Low
CUST00651,9,122939.78,13659.975555555555,0,10,1.1111111111111112,Low
CUST00652,9,605323.0,67258.11111111111,0,0,0.0,Low
CUST00653,9,8644.3,960.4777777777776,0,10,1.1111111111111112,Low
CUST00654,8,11018.27,1377.28375,0,10,2.5,Low
CUST00655,6,1254.05,209.00833333333333,0,10,1.6666666666666667,Low
CUST00656,13,418079.98000000004,32159.998461538464,0,10,1.5384615384615385,Low
CUST00657,9,13729.34,1525.4822222222222,0,10,2.2222222222222223,Low
CUST00658,7,28978.89,4139.841428571429,2,15,3.5714285714285716,Low
CUST00659,9,4713.65,523.7388888888888,0,10,2.2222222222222223,Low
CUST00660,14,12428.96,887.7828571428571,0,10,1.4285714285714286,Low
CUST00661,14,4418.65,315.61785714285713,1,20,2.857142857142857,Low
CUST00662,11,4705.62,427.78363636363633,0,10,3.6363636363636362,Low
CUST00663,10,89352.58,8935.258,0,10,3.0,Low
CUST00664,4,934.49,233.6225,0,10,2.5,Low
CUST00665,11,28213.57,2564.87,0,10,3.6363636363636362,Low
CUST00666,13,28449.65,2188.4346153846154,0,10,1.5384615384615385,Low
CUST00667,13,9874.74,759.5953846153845,1,10,2.3076923076923075,Low
CUST00668,11,3362.79,305.7081818181818,0,10,1.8181818181818181,Low
CUST00669,10,2713.71,271.371,0,10,5.0,Low
CUST00670,9,11211.4,1245.711111111111,0,10,3.3333333333333335,Low
CUST00671,6,6328.37,1054.7283333333332,0,10,3.3333333333333335,Low
CUST00672,9,4900.02,544.4466666666667,0,10,1.1111111111111112,Low
CUST00673,18,9767.050000000001,542.6138888888889,1,20,3.888888888888889,Low
CUST00674,10,26132.71,2613.2709999999997,0,10,1.0,Low
CUST00675,9,6999.919999999999,777.7688888888888,0,10,3.3333333333333335,Low
CUST00676,7,32651.57,4664.51,0,10,4.285714285714286,Low
CUST00677,12,15522.82,1293.5683333333334,0,10,0.8333333333333334,Low
CUST00678,8,139831.38,17478.9225,0,10,3.75,Low
CUST00679,5,234712.27000000002,46942.454000000005,0,10,2.0,Low
CUST00680,9,23544.510000000002,2616.056666666667,0,0,0.0,Low
CUST00681,15,88845.23999999999,5923.016,0,10,3.3333333333333335,Low
CUST00682,10,208486.67,20848.667,2,10,2.0,Low
CUST00683,7,334004.67,47714.95285714285,0,10,1.4285714285714286,Low
CUST00684,15,21011.4,1400.76,0,10,3.3333333333333335,Low
CUST00685,10,19889.45,1988.9450000000002,1,15,3.5,Low
CUST00686,11,25100.28,2281.843636363636,0,0,0.0,Low
CUST00687,3,5655.79,1885.2633333333333,0,10,3.3333333333333335,Low
CUST00688,11,4033.05,366.64090909090913,0,10,0.9090909090909091,Low
CUST00689,3,3015.63,1005.21,0,10,3.3333333333333335,Low
CUST00690,8,4575.29,571.91125,0,10,2.5,Low
CUST00691,7,61040.47,8720.067142857142,0,10,1.4285714285714286,Low
CUST00692,11,15257.32,1387.0290909090909,0,10,1.8181818181818181,Low
CUST00693,13,66305.33,5100.41,1,10,2.3076923076923075,Low
CUST00694,10,159378.38,15937.838,0,10,3.0,Low
CUST00695,11,146387.41999999998,13307.947272727271,0,10,1.8181818181818181,Low
CUST00696,8,3494.4900000000002,436.81125000000003,0,10,2.5,Low
CUST00697,8,2675.17,334.39625,0,10,2.5,Low
CUST00698,16,31039.39,1939.961875,0,10,1.875,Low
CUST00699,7,8230.42,1175.7742857142857,0,10,1.4285714285714286,Low
CUST00700,9,36757.27,4084.1411111111106,0,10,2.2222222222222223,Low
CUST00701,9,9054.56,1006.0622222222222,0,10,2.2222222222222223,Low
CUST00702,8,10719.37,1339.92125,0,10,6.25,Low
CUST00703,9,15661.66,1740.1844444444444,0,10,2.2222222222222223,Low
CUST00704,15,33890.37,2259.358,1,10,2.6666666666666665,Low
CUST00705,15,95008.47,6333.898,1,10,2.0,Low
CUST00706,9,69182.20999999999,7686.912222222221,0,0,0.0,Low
CUST00707,11,34856.35,3168.759090909091,0,10,2.727272727272727,Low
CUST00708,9,202149.03000000003,22461.003333333338,0,10,1.1111111111111112,Low
CUST00709,9,2522.04,280.2266666666667,0,10,2.2222222222222223,Low
CUST00710,7,1930.02,275.71714285714285,1,10,5.714285714285714,Low
CUST00711,10,13054.68,1305.468,0,10,4.0,Low
CUST00712,8,64287.25,8035.90625,0,10,3.75,Low
CUST00713,10,9677.57,967.757,0,10,2.0,Low
CUST00714,9,1548.67,172.07444444444445,0,10,4.444444444444445,Low
CUST00715,6,33889.19,5648.198333333334,0,0,0.0,Low
CUST00716,10,4395.07,439.50699999999995,0,10,3.0,Low
CUST00717,6,91348.1,15224.683333333334,1,10,6.666666666666667,Low
CUST00718,13,85744.93000000001,6595.763846153846,0,10,1.5384615384615385,Low
CUST00719,10,3497.25,349.725,1,20,5.0,Low
CUST00720,18,84925.69,4718.093888888889,0,10,3.888888888888889,Low
CUST00721,7,112010.83,16001.547142857144,0,10,2.857142857142857,Low
CUST00722,7,8201.74,1171.6771428571428,0,10,4.285714285714286,Low
CUST00723,3,3897.5,1299.1666666666667,0,10,3.3333333333333335,Low
CUST00724,3,6446.75,2148.9166666666665,0,10,3.3333333333333335,Low
CUST00725,11,247795.73,22526.884545454548,0,10,3.6363636363636362,Low
CUST00726,8,34495.35,4311.91875,0,10,1.25,Low
CUST00727,14,41468.58,2962.0414285714287,1,20,2.857142857142857,Low
CUST00728,6,8243.07,1373.845,0,10,5.0,Low
CUST00729,7,5127.67,732.5242857142857,0,10,1.4285714285714286,Low
CUST00730,6,112401.19,18733.531666666666,0,10,1.6666666666666667,Low
CUST00731,12,257673.9,21472.825,0,10,1.6666666666666667,Low
CUST00732,9,2311.79,256.86555555555555,0,10,3.3333333333333335,Low
CUST00733,7,1403.9,200.55714285714288,0,10,4.285714285714286,Low
CUST00734,9,5008.51,556.5011111111112,1,10,4.444444444444445,Low
CUST00735,6,2855.4,475.90000000000003,0,10,6.666666666666667,Low
CUST00736,12,83419.73,6951.644166666666,0,10,0.8333333333333334,Low
CUST00737,9,70972.5,7885.833333333333,0,10,1.1111111111111112,Low
CUST00738,14,208752.47,14910.890714285715,0,10,4.285714285714286,Low
CUST00739,7,244967.02,34995.28857142857,0,20,7.142857142857143,Low
CUST00740,8,139375.35,17421.91875,0,10,1.25,Low
CUST00741,12,189275.77,15772.980833333333,0,10,0.8333333333333334,Low
CUST00742,9,70649.61,7849.956666666667,0,10,2.2222222222222223,Low
CUST00743,10,11350.17,1135.017,0,10,2.0,Low
CUST00744,17,24608.870000000003,1447.5805882352943,0,10,2.9411764705882355,Low
CUST00745,6,833.5699999999999,138.9283333333333,0,0,0.0,Low
CUST00746,11,11813.880000000001,1073.989090909091,3,20,5.454545454545454,Low
CUST00747,7,27361.34,3908.7628571428572,0,10,4.285714285714286,Low
CUST00748,9,7604.39,844.9322222222222,0,10,2.2222222222222223,Low
CUST00749,7,14369.619999999999,2052.802857142857,0,10,2.857142857142857,Low
CUST00750,18,845803.18,46989.06555555556,1,20,3.888888888888889,Low
CUST00751,6,2569.62,428.27,0,10,3.3333333333333335,Low
CUST00752,7,9634.57,1376.3671428571429,1,30,7.142857142857143,Low
CUST00753,4,3708.64,927.16,0,10,5.0,Low
CUST00754,14,44842.86,3203.0614285714287,0,10,4.285714285714286,Low
CUST00755,8,56791.97,7098.99625,1,10,2.5,Low
CUST00756,10,101215.11,10121.511,0,10,2.0,Low
CUST00757,16,356405.76,22275.36,0,10,1.875,Low
CUST00758,12,280453.98,23371.164999999997,0,10,2.5,Low
CUST00759,14,71724.11,5123.1507142857145,0,10,5.0,Low
CUST00760,7,31815.49,4545.070000000001,0,10,4.285714285714286,Low
CUST00761,10,66859.15,6685.914999999999,1,10,2.0,Low
CUST00762,10,5504.31,550.431,0,10,1.0,Low
CUST00763,13,2973.9700000000003,228.7669230769231,1,10,1.5384615384615385,Low
CUST00764,14,8544.28,610.3057142857143,0,10,2.142857142857143,Low
CUST00765,12,14268.119999999999,1189.01,0,10,0.8333333333333334,Low
CUST00766,8,2016.2,252.025,0,10,1.25,Low
CUST00767,5,33910.84,6782.168,0,10,10.0,Low
CUST00768,17,636166.92,37421.583529411764,1,25,5.0,Low
CUST00769,5,32675.77,6535.154,0,10,2.0,Low
CUST00770,9,12938.609999999999,1437.6233333333332,1,20,7.777777777777778,Low
CUST00771,14,21415.5,1529.6785714285713,1,15,4.642857142857143,Low
CUST00772,9,14908.550000000001,1656.5055555555557,0,10,2.2222222222222223,Low
CUST00773,13,1494.76,114.98153846153846,0,10,2.3076923076923075,Low
CUST00774,16,10996.39,687.274375,1,10,1.875,Low
CUST00775,4,289310.21,72327.5525,0,20,7.5,Low
CUST00776,8,34842.66,4355.3325,0,0,0.0,Low
CUST00777,10,198726.15,19872.614999999998,0,10,1.0,Low
CUST00778,10,10896.43,1089.643,0,10,4.0,Low
CUST00779,19,95762.69,5040.1415789473685,2,20,4.2105263157894735,Low
CUST00780,5,21863.95,4372.79,0,10,2.0,Low
CUST00781,7,2293.19,327.59857142857146,0,10,1.4285714285714286,Low
CUST00782,8,3147.6800000000003,393.46000000000004,0,10,2.5,Low
CUST00783,6,52322.76,8720.460000000001,1,0,0.0,Low
CUST00784,6,36682.93,6113.821666666667,0,10,3.3333333333333335,Low
CUST00785,7,4005.36,572.1942857142857,0,10,1.4285714285714286,Low
CUST00786,4,15007.48,3751.87,0,10,2.5,Low
CUST00787,7,297697.13,42528.16142857143,0,30,5.714285714285714,Low
CUST00788,14,15203.16,1085.94,0,10,2.142857142857143,Low
CUST00789,9,4542.85,504.7611111111112,0,10,3.3333333333333335,Low
CUST00790,10,81825.20999999999,8182.520999999999,0,10,2.0,Low
CUST00791,12,739239.91,61603.325833333336,1,30,6.666666666666667,Low
CUST00792,8,390719.99,48839.99875,0,20,6.25,Low
CUST00793,11,20438.15,1858.0136363636366,2,20,5.909090909090909,Low
CUST00794,10,1703.46,170.346,0,10,5.0,Low
CUST00795,9,16031.66,1781.2955555555554,0,10,1.1111111111111112,Low
CUST00796,12,51715.15,4309.595833333334,0,10,1.6666666666666667,Low
CUST00797,8,1812.12,226.515,0,10,2.5,Low
CUST00798,14,35195.6,2513.9714285714285,3,75,8.928571428571429,High
CUST00799,10,66810.47,6681.0470000000005,1,10,1.0,Low
CUST00800,9,165099.69,18344.41,0,10,1.1111111111111112,Low
CUST00801,10,5332.67,533.267,0,10,2.0,Low
CUST00802,12,16889.84,1407.4866666666667,1,20,2.5,Low
CUST00803,7,5985.83,855.1185714285714,0,10,2.857142857142857,Low
CUST00804,10,124623.03,12462.303,0,10,2.0,Low
CUST00805,9,24762.63,2751.4033333333336,0,10,4.444444444444445,Low
CUST00806,8,151020.02,18877.5025,0,10,3.75,Low
CUST00807,9,22066.61,2451.8455555555556,0,10,2.2222222222222223,Low
CUST00808,7,3662.2599999999998,523.18,0,10,2.857142857142857,Low
CUST00809,9,4089.3199999999997,454.3688888888889,0,10,2.2222222222222223,Low
CUST00810,21,7050.650000000001,335.7452380952381,0,10,1.4285714285714286,Low
CUST00811,8,2412.77,301.59625,0,10,2.5,Low
CUST00812,8,7810.38,976.2975,0,10,1.25,Low
CUST00813,9,40316.95,4479.661111111111,0,10,5.555555555555555,Low
CUST00814,11,239173.59,21743.053636363635,0,10,2.727272727272727,Low
CUST00815,12,11730.38,977.5316666666666,0,10,3.3333333333333335,Low
CUST00816,11,3693.52,335.77454545454543,0,10,1.8181818181818181,Low
CUST00817,10,666560.64,66656.064,1,30,6.0,Low
CUST00818,8,1918.74,239.8425,0,10,1.25,Low
CUST00819,8,199017.71,24877.21375,1,30,7.5,Low
CUST00820,11,6966.150000000001,633.2863636363637,0,10,2.727272727272727,Low
CUST00821,11,116406.8,10582.436363636363,1,10,1.8181818181818181,Low
CUST00822,11,20100.28,1827.2981818181818,0,10,1.8181818181818181,Low
CUST00823,6,40320.21,6720.035,0,0,0.0,Low
CUST00824,11,7471.94,679.2672727272727,0,10,0.9090909090909091,Low
CUST00825,16,207340.84,12958.8025,0,10,1.875,Low
CUST00826,9,13817.44,1535.2711111111112,2,20,6.666666666666667,Low
CUST00827,8,2510.49,313.81125,2,20,6.25,Low
CUST00828,12,70076.9,5839.741666666666,0,10,4.166666666666667,Low
CUST00829,10,12490.08,1249.008,0,10,3.0,Low
CUST00830,8,55790.22,6973.7775,1,10,2.5,Low
CUST00831,7,30222.77,4317.538571428571,0,10,2.857142857142857,Low
CUST00832,8,35548.37,4443.54625,0,10,2.5,Low
CUST00833,12,4228.07,352.33916666666664,0,10,4.166666666666667,Low
CUST00834,11,269135.5,24466.863636363636,0,10,2.727272727272727,Low
CUST00835,7,8683.369999999999,1240.4814285714285,0,10,2.857142857142857,Low
CUST00836,5,5954.01,1190.8020000000001,0,0,0.0,Low
CUST00837,11,7241.61,658.3281818181817,0,10,4.545454545454546,Low
CUST00838,19,63667.92,3350.943157894737,1,15,1.3157894736842106,Low
CUST00839,14,28065.89,2004.7064285714284,0,10,3.5714285714285716,Low
CUST00840,8,18318.530000000002,2289.8162500000003,0,10,2.5,Low
CUST00841,9,3744.1800000000003,416.02000000000004,1,0,0.0,Low
CUST00842,14,23300.05,1664.2892857142856,3,65,10.357142857142858,High
CUST00843,10,126239.88,12623.988000000001,0,10,2.0,Low
CUST00844,13,28782.25,2214.019230769231,0,10,2.3076923076923075,Low
CUST00845,12,341711.94,28475.995,0,10,1.6666666666666667,Low
CUST00846,13,482704.24,37131.095384615386,0,0,0.0,Low
CUST00847,6,10145.79,1690.9650000000001,0,10,3.3333333333333335,Low
CUST00848,11,4430.89,402.8081818181818,0,10,2.727272727272727,Low
CUST00849,6,1328.88,221.48000000000002,0,10,3.3333333333333335,Low
CUST00850,5,13451.9,2690.38,0,10,2.0,Low
CUST00851,8,861.3199999999999,107.66499999999999,0,10,1.25,Low
CUST00852,9,14920.97,1657.8855555555556,3,85,18.333333333333332,High
CUST00853,9,9855.57,1095.0633333333333,0,10,1.1111111111111112,Low
CUST00854,5,51260.04,10252.008,0,10,2.0,Low
CUST00855,7,27271.62,3895.945714285714,0,10,1.4285714285714286,Low
CUST00856,6,52289.88,8714.98,0,10,3.3333333333333335,Low
CUST00857,15,70120.16,4674.677333333334,0,10,4.0,Low
CUST00858,8,12044.6,1505.575,0,10,3.75,Low
CUST00859,10,7116.389999999999,711.6389999999999,0,10,1.0,Low
CUST00860,7,11772.75,1681.8214285714287,0,10,1.4285714285714286,Low
CUST00861,9,18599.86,2066.6511111111113,0,10,4.444444444444445,Low
CUST00862,6,11352.02,1892.0033333333333,0,10,1.6666666666666667,Low
CUST00863,10,121470.73999999999,12147.073999999999,0,10,2.0,Low
CUST00864,11,5531.53,502.8663636363636,0,10,2.727272727272727,Low
CUST00865,6,3381.5699999999997,563.5949999999999,0,10,1.6666666666666667,Low
CUST00866,11,50508.98,4591.725454545455,0,10,1.8181818181818181,Low
CUST00867,12,253238.69,21103.224166666667,0,10,3.3333333333333335,Low
CUST00868,6,26548.81,4424.801666666667,0,0,0.0,Low
CUST00869,12,10999.07,916.5891666666666,0,10,3.3333333333333335,Low
CUST00870,8,42401.25,5300.15625,0,0,0.0,Low
CUST00871,9,65824.15,7313.794444444444,0,10,1.1111111111111112,Low
CUST00872,17,32857.23,1932.7782352941178,0,10,4.117647058823529,Low
CUST00873,9,9000.38,1000.0422222222221,1,30,5.555555555555555,Low
CUST00874,7,155466.61,22209.515714285713,0,0,0.0,Low
CUST00875,11,12030.41,1093.6736363636364,1,20,3.6363636363636362,Low
CUST00876,11,400118.85,36374.44090909091,0,10,1.8181818181818181,Low
CUST00877,8,8854.19,1106.77375,1,10,2.5,Low
CUST00878,8,45482.55,5685.31875,0,0,0.0,Low
CUST00879,11,348086.44,31644.221818181817,0,0,0.0,Low
CUST00880,10,1261.3,126.13,0,10,3.0,Low
CUST00881,8,38059.03,4757.37875,3,75,14.375,High
CUST00882,8,7719.17,964.89625,0,10,2.5,Low
CUST00883,14,5193.73,370.98071428571427,0,10,0.7142857142857143,Low
CUST00884,11,409153.41000000003,37195.76454545455,0,30,4.545454545454546,Low
CUST00885,4,1786.33,446.5825,0,10,7.5,Low
CUST00886,14,113133.51,8080.964999999999,0,10,0.7142857142857143,Low
CUST00887,7,32428.940000000002,4632.705714285715,0,10,2.857142857142857,Low
CUST00888,15,405827.34,27055.156000000003,1,15,1.6666666666666667,Low
CUST00889,9,86365.70999999999,9596.189999999999,1,20,5.555555555555555,Low
CUST00890,15,104934.25,6995.616666666667,0,10,1.3333333333333333,Low
CUST00891,9,27562.35,3062.483333333333,0,10,2.2222222222222223,Low
CUST00892,15,134675.66,8978.377333333334,1,10,2.0,Low
CUST00893,4,73320.12,18330.03,1,10,5.0,Low
CUST00894,6,14098.15,2349.6916666666666,0,10,3.3333333333333335,Low
CUST00895,14,14656.01,1046.8578571428573,0,10,2.142857142857143,Low
CUST00896,8,2978.22,372.2775,0,10,1.25,Low
CUST00897,12,203985.46000000002,16998.788333333334,0,10,0.8333333333333334,Low
CUST00898,10,15205.029999999999,1520.503,0,10,2.0,Low
CUST00899,12,54689.83,4557.485833333333,0,10,0.8333333333333334,Low
CUST00900,10,5389.97,538.9970000000001,0,10,3.0,Low
CUST00901,12,22184.670000000002,1848.7225,0,10,3.3333333333333335,Low
CUST00902,13,19638.99,1510.6915384615386,0,10,3.8461538461538463,Low
CUST00903,10,17616.29,1761.6290000000001,0,10,2.0,Low
CUST00904,15,4862.59,324.17266666666666,0,10,3.3333333333333335,Low
CUST00905,12,40848.35,3404.0291666666667,1,30,5.0,Low
CUST00906,11,7952.22,722.929090909091,2,20,3.6363636363636362,Low
CUST00907,9,9551.380000000001,1061.2644444444445,0,10,3.3333333333333335,Low
CUST00908,15,2966.3900000000003,197.75933333333336,0,10,5.333333333333333,Low
CUST00909,14,16601.37,1185.8121428571428,0,10,3.5714285714285716,Low
CUST00910,14,18076.43,1291.1735714285714,0,10,4.285714285714286,Low
CUST00911,11,53314.73,4846.793636363636,0,10,1.8181818181818181,Low
CUST00912,7,28156.61,4022.3728571428574,0,10,1.4285714285714286,Low
CUST00913,10,30205.82,3020.582,0,10,2.0,Low
CUST00914,5,11953.41,2390.682,0,0,0.0,Low
CUST00915,10,61415.54,6141.554,1,10,3.0,Low
CUST00916,20,60338.37,3016.9185,1,20,2.0,Low
CUST00917,7,10619.78,1517.1114285714286,0,10,4.285714285714286,Low
CUST00918,15,13272.61,884.8406666666667,0,10,3.3333333333333335,Low
CUST00919,5,2709.35,541.87,1,10,6.0,Low
CUST00920,12,120937.6,10078.133333333333,0,0,0.0,Low
CUST00921,9,2047.0,227.44444444444446,0,10,1.1111111111111112,Low
CUST00922,7,20526.059999999998,2932.2942857142853,0,0,0.0,Low
CUST00923,14,27744.64,1981.76,0,10,2.142857142857143,Low
CUST00924,5,1619.98,323.996,0,10,6.0,Low
CUST00925,4,3795.6800000000003,948.9200000000001,0,0,0.0,Low
CUST00926,8,561563.05,70195.38125,1,20,2.5,Low
CUST00927,9,20698.84,2299.871111111111,0,10,1.1111111111111112,Low
CUST00928,14,149617.23,10686.945000000002,0,10,3.5714285714285716,Low
CUST00929,7,7266.619999999999,1038.0885714285712,0,10,7.142857142857143,Low
CUST00930,12,54954.77,4579.564166666666,0,10,2.5,Low
CUST00931,6,39536.5,6589.416666666667,0,10,3.3333333333333335,Low
CUST00932,6,19696.9,3282.816666666667,0,10,1.6666666666666667,Low
CUST00933,6,9036.36,1506.0600000000002,0,10,5.0,Low
CUST00934,7,25796.54,3685.2200000000003,0,10,1.4285714285714286,Low
CUST00935,10,64996.530000000006,6499.653,1,10,4.0,Low
CUST00936,5,36297.509999999995,7259.501999999999,0,10,6.0,Low
CUST00937,9,78574.58,8730.50888888889,0,10,3.3333333333333335,Low
CUST00938,4,7614.47,1903.6175,0,10,2.5,Low
CUST00939,8,153451.46,19181.4325,0,10,2.5,Low
CUST00940,13,114263.23,8789.47923076923,0,10,3.076923076923077,Low
CUST00941,4,5106.12,1276.53,0,10,2.5,Low
CUST00942,12,67378.99,5614.9158333333335,0,10,1.6666666666666667,Low
CUST00943,8,71927.05,8990.88125,0,10,1.25,Low
CUST00944,6,16792.350000000002,2798.7250000000004,0,10,1.6666666666666667,Low
CUST00945,9,12639.22,1404.3577777777778,1,20,4.444444444444445,Low
CUST00946,10,20919.81,2091.981,0,10,8.0,Low
CUST00947,12,10915.53,909.6275,0,10,1.6666666666666667,Low
CUST00948,16,37898.94,2368.68375,0,10,1.25,Low
CUST00949,11,7377.04,670.64,3,85,15.0,High
CUST00950,10,11555.2,1155.52,0,10,1.0,Low
CUST00951,11,26078.75,2370.7954545454545,0,10,1.8181818181818181,Low
CUST00952,9,35144.63,3904.9588888888884,0,10,4.444444444444445,Low
CUST00953,7,71410.27,10201.467142857144,1,10,2.857142857142857,Low
CUST00954,9,116343.98999999999,12927.109999999999,0,10,2.2222222222222223,Low
CUST00955,11,37053.81,3368.5281818181816,0,10,2.727272727272727,Low
CUST00956,8,113417.31,14177.16375,0,0,0.0,Low
CUST00957,13,22309.579999999998,1716.1215384615384,1,10,2.3076923076923075,Low
CUST00958,10,11993.61,1199.361,0,10,4.0,Low
CUST00959,9,744.47,82.7188888888889,0,10,2.2222222222222223,Low
CUST00960,13,6960.19,535.3992307692307,0,10,0.7692307692307693,Low
CUST00961,11,19113.88,1737.6254545454547,0,10,3.6363636363636362,Low
CUST00962,5,1553.52,310.704,0,10,4.0,Low
CUST00963,5,4856.9,971.3799999999999,0,10,4.0,Low
CUST00964,7,10741.67,1534.5242857142857,0,10,1.4285714285714286,Low
CUST00965,16,57833.9,3614.61875,2,30,4.375,Low
CUST00966,15,5174.42,344.96133333333336,0,10,4.0,Low
CUST00967,11,26952.170000000002,2450.197272727273,0,10,3.6363636363636362,Low
CUST00968,9,21558.13,2395.347777777778,0,10,2.2222222222222223,Low
CUST00969,4,7073.25,1768.3125,0,0,0.0,Low
CUST00970,9,170451.51,18939.056666666667,0,10,3.3333333333333335,Low
CUST00971,12,14492.060000000001,1207.6716666666669,0,10,3.3333333333333335,Low
CUST00972,7,13456.87,1922.41,0,0,0.0,Low
CUST00973,15,63480.630000000005,4232.042,0,10,1.3333333333333333,Low
CUST00974,12,76365.55,6363.795833333334,4,85,13.75,High
CUST00975,3,531.6,177.20000000000002,0,0,0.0,Low
CUST00976,15,18810.440000000002,1254.0293333333334,1,10,1.3333333333333333,Low
CUST00977,16,25292.0,1580.75,0,10,1.875,Low
CUST00978,15,16014.039999999999,1067.6026666666667,0,10,1.3333333333333333,Low
CUST00979,4,119440.16,29860.04,0,10,2.5,Low
CUST00980,8,3613.68,451.71,0,10,2.5,Low
CUST00981,10,3095.9900000000002,309.59900000000005,0,10,1.0,Low
CUST00982,17,23622.399999999998,1389.5529411764705,0,10,3.5294117647058822,Low
CUST00983,12,20024.39,1668.6991666666665,0,10,1.6666666666666667,Low
CUST00984,10,50447.52,5044.7519999999995,0,10,1.0,Low
CUST00985,7,48933.93,6990.561428571428,0,10,1.4285714285714286,Low
CUST00986,14,240805.22999999998,17200.37357142857,0,10,0.7142857142857143,Low
CUST00987,6,88572.68,14762.113333333333,0,10,3.3333333333333335,Low
CUST00988,7,43787.87,6255.410000000001,0,10,4.285714285714286,Low
CUST00989,10,5764.01,576.4010000000001,0,10,2.0,Low
CUST00990,9,25875.11,2875.012222222222,1,10,4.444444444444445,Low
CUST00991,6,8978.779999999999,1496.4633333333331,0,10,5.0,Low
CUST00992,12,269879.41000000003,22489.950833333336,0,10,3.3333333333333335,Low
CUST00993,9,38870.42,4318.935555555556,0,10,2.2222222222222223,Low
CUST00994,10,77313.69,7731.369000000001,1,10,3.0,Low
CUST00995,9,10230.86,1136.7622222222224,0,10,2.2222222222222223,Low
CUST00996,15,224691.57,14979.438,0,10,4.0,Low
CUST00997,12,118252.65,9854.387499999999,0,10,2.5,Low
CUST00998,10,24047.04,2404.704,0,10,2.0,Low
CUST00999,10,12205.68,1220.568,1,10,2.0,Low
CUST01000,9,13389.43,1487.7144444444446,0,10,3.3333333333333335,Low
CUST01001,7,6521.83,931.6899999999999,0,10,1.4285714285714286,Low
CUST01002,14,20225.03,1444.645,1,15,3.9285714285714284,Low
CUST01003,12,18609.84,1550.82,0,10,0.8333333333333334,Low
CUST01004,8,6808.07,851.00875,0,10,1.25,Low
CUST01005,9,2477.65,275.2944444444445,0,10,1.1111111111111112,Low
CUST01006,5,6795.87,1359.174,0,10,2.0,Low
CUST01007,10,25925.99,2592.599,1,10,2.0,Low
CUST01008,17,99786.95999999999,5869.8211764705875,0,10,2.3529411764705883,Low
CUST01009,15,270280.03,18018.66866666667,0,10,2.0,Low
CUST01010,8,6706.39,838.29875,1,10,2.5,Low
CUST01011,14,6081.13,434.36642857142857,0,10,3.5714285714285716,Low
CUST01012,6,123844.01,20640.66833333333,0,10,1.6666666666666667,Low
CUST01013,8,22927.44,2865.93,0,10,2.5,Low
CUST01014,14,56976.229999999996,4069.730714285714,1,10,1.4285714285714286,Low
CUST01015,18,67194.6,3733.0333333333338,3,30,3.888888888888889,Low
CUST01016,12,125448.94,10454.078333333333,0,10,3.3333333333333335,Low
CUST01017,7,6315.38,902.1971428571429,0,10,1.4285714285714286,Low
CUST01018,15,47095.04,3139.6693333333333,3,75,9.666666666666666,High
CUST01019,4,41242.36,10310.59,0,10,2.5,Low
CUST01020,10,27597.65,2759.7650000000003,0,10,1.0,Low
CUST01021,6,4720.33,786.7216666666667,0,10,5.0,Low
CUST01022,7,14824.95,2117.85,1,10,5.714285714285714,Low
CUST01023,9,3240.14,360.0155555555555,0,10,3.3333333333333335,Low
CUST01024,8,13287.32,1660.915,0,10,1.25,Low
CUST01025,5,4508.73,901.7459999999999,0,10,8.0,Low
CUST01026,7,33717.700000000004,4816.814285714287,0,10,2.857142857142857,Low
CUST01027,10,47322.41,4732.241,1,20,6.0,Low
CUST01028,8,2791.65,348.95625,1,15,6.875,Low
CUST01029,8,46634.38,5829.2975,1,30,5.0,Low
CUST01030,13,38290.44,2945.4184615384615,0,10,2.3076923076923075,Low
CUST01031,10,14485.54,1448.554,0,10,3.0,Low
CUST01032,6,33656.25,5609.375,1,20,6.666666666666667,Low
CUST01033,5,1282.43,256.486,0,10,2.0,Low
CUST01034,13,21761.14,1673.9338461538462,0,10,0.7692307692307693,Low
CUST01035,10,91082.16,9108.216,0,0,0.0,Low
CUST01036,7,21037.29,3005.327142857143,0,10,1.4285714285714286,Low
CUST01037,11,66606.15,6055.104545454545,1,10,2.727272727272727,Low
CUST01038,12,25702.84,2141.903333333333,2,30,5.0,Low
CUST01039,8,9986.79,1248.34875,0,10,2.5,Low
CUST01040,7,118142.62000000001,16877.517142857145,0,10,2.857142857142857,Low
CUST01041,15,180753.36,12050.223999999998,0,10,2.0,Low
CUST01042,9,3868.63,429.84777777777776,0,0,0.0,Low
CUST01043,12,157640.27,13136.689166666665,0,10,2.5,Low
CUST01044,12,55919.24,4659.9366666666665,0,10,3.3333333333333335,Low
CUST01045,16,135361.49,8460.093125,1,10,1.25,Low
CUST01046,9,4783.27,531.4744444444445,0,10,1.1111111111111112,Low
CUST01047,12,357042.01,29753.500833333335,1,20,5.0,Low
CUST01048,6,171063.48,28510.58,0,10,1.6666666666666667,Low
CUST01049,7,12237.75,1748.25,0,10,2.857142857142857,Low
CUST01050,18,7139.92,396.6622222222222,0,10,4.444444444444445,Low
CUST01051,8,19654.78,2456.8475,0,10,3.75,Low
CUST01052,12,20649.21,1720.7675,0,10,3.3333333333333335,Low
CUST01053,11,2576.26,234.20545454545456,0,10,2.727272727272727,Low
CUST01054,12,69108.81,5759.0675,1,20,3.3333333333333335,Low
CUST01055,5,4723.900000000001,944.7800000000001,0,10,8.0,Low
CUST01056,10,85734.94,8573.494,0,10,2.0,Low
CUST01057,15,34420.409999999996,2294.694,0,10,4.666666666666667,Low
CUST01058,10,5196.87,519.687,0,10,3.0,Low
CUST01059,10,11855.890000000001,1185.5890000000002,0,10,2.0,Low
CUST01060,8,3395.64,424.455,0,10,2.5,Low
CUST01061,8,14091.029999999999,1761.3787499999999,0,10,2.5,Low
CUST01062,10,23361.2,2336.12,2,25,6.5,Low
CUST01063,11,153547.74,13958.885454545454,0,10,3.6363636363636362,Low
CUST01064,8,172399.63,21549.95375,0,0,0.0,Low
CUST01065,6,79738.65,13289.775,0,10,1.6666666666666667,Low
CUST01066,15,298901.83,19926.788666666667,0,10,2.6666666666666665,Low
CUST01067,12,9066.86,755.5716666666667,0,10,0.8333333333333334,Low
CUST01068,13,7680.74,590.8261538461538,0,10,3.8461538461538463,Low
CUST01069,7,54189.54,7741.362857142857,1,10,1.4285714285714286,Low
CUST01070,8,13105.13,1638.14125,0,10,1.25,Low
CUST01071,10,4697.21,469.721,0,10,2.0,Low
CUST01072,8,56377.37,7047.17125,0,10,1.25,Low
CUST01073,15,212702.09,14180.139333333333,4,75,11.0,High
CUST01074,9,16595.11,1843.9011111111113,2,10,1.1111111111111112,Low
CUST01075,8,11965.47,1495.68375,0,10,3.75,Low
CUST01076,7,68143.25,9734.75,0,10,2.857142857142857,Low
CUST01077,10,143634.63,14363.463,0,10,1.0,Low
CUST01078,10,190804.25,19080.425,1,30,5.0,Low
CUST01079,17,551300.75,32429.45588235294,0,10,2.3529411764705883,Low
CUST01080,8,10975.07,1371.88375,0,10,1.25,Low
CUST01081,16,562717.7,35169.85625,1,20,3.125,Low
CUST01082,9,90508.22,10056.468888888889,0,10,1.1111111111111112,Low
CUST01083,10,286328.72,28632.871999999996,0,10,3.0,Low
CUST01084,11,65019.94,5910.903636363637,0,10,3.6363636363636362,Low
CUST01085,18,129884.56000000001,7215.80888888889,3,75,8.61111111111111,High
CUST01086,9,28033.51,3114.834444444444,0,10,3.3333333333333335,Low
CUST01087,10,23427.32,2342.732,0,0,0.0,Low
CUST01088,11,43158.15,3923.468181818182,1,25,5.0,Low
CUST01089,16,65086.96,4067.935,0,10,1.875,Low
CUST01090,8,4381.75,547.71875,0,10,3.75,Low
CUST01091,8,36620.5,4577.5625,0,10,1.25,Low
CUST01092,10,47212.98,4721.298000000001,0,10,1.0,Low
CUST01093,9,63259.87,7028.874444444445,1,10,3.3333333333333335,Low
CUST01094,14,33344.94,2381.781428571429,0,10,1.4285714285714286,Low
CUST01095,13,11245.64,865.0492307692307,0,10,3.076923076923077,Low
CUST01096,16,19245.34,1202.83375,0,10,1.875,Low
CUST01097,14,7449.400000000001,532.1,1,10,4.285714285714286,Low
CUST01098,10,18492.74,1849.2740000000001,0,10,1.0,Low
CUST01099,7,5109.37,729.91,0,10,2.857142857142857,Low
CUST01100,7,6761.32,965.9028571428571,0,10,1.4285714285714286,Low
CUST01101,7,10572.42,1510.3457142857144,0,0,0.0,Low
CUST01102,13,8707.5,669.8076923076923,0,10,2.3076923076923075,Low
CUST01103,8,13778.27,1722.28375,0,10,1.25,Low
CUST01104,9,2555.98,283.9977777777778,0,10,3.3333333333333335,Low
CUST01105,6,12725.05,2120.8416666666667,0,10,5.0,Low
CUST01106,6,642.1,107.01666666666667,0,10,1.6666666666666667,Low
CUST01107,12,42152.64,3512.72,1,10,1.6666666666666667,Low
CUST01108,9,5482.01,609.1122222222223,0,10,1.1111111111111112,Low
CUST01109,6,8515.68,1419.28,0,10,5.0,Low
CUST01110,8,17094.17,2136.77125,0,10,2.5,Low
CUST01111,7,17063.23,2437.6042857142857,0,10,2.857142857142857,Low
CUST01112,12,101536.33,8461.360833333334,0,10,1.6666666666666667,Low
CUST01113,7,5521.349999999999,788.7642857142856,0,0,0.0,Low
CUST01114,8,6710.76,838.845,0,10,5.0,Low
CUST01115,8,24815.62,3101.9525,0,10,3.75,Low
CUST01116,8,32966.71,4120.83875,1,20,3.75,Low
CUST01117,5,5538.94,1107.788,0,10,4.0,Low
CUST01118,7,40340.92,5762.988571428571,0,10,1.4285714285714286,Low
CUST01119,9,31777.170000000002,3530.796666666667,0,10,1.1111111111111112,Low
CUST01120,16,99394.28,6212.1425,1,10,1.25,Low
CUST01121,17,714132.74,42007.80823529412,2,20,4.705882352941177,Low
CUST01122,10,12923.31,1292.331,0,10,2.0,Low
CUST01123,11,5165.110000000001,469.5554545454546,0,10,0.9090909090909091,Low
CUST01124,11,19243.32,1749.3927272727271,1,10,1.8181818181818181,Low
CUST01125,10,75852.74,7585.274,0,10,4.0,Low
CUST01126,6,11217.470000000001,1869.5783333333336,0,10,3.3333333333333335,Low
CUST01127,12,3277.7,273.14166666666665,0,10,3.3333333333333335,Low
CUST01128,8,42527.87,5315.98375,0,10,5.0,Low
CUST01129,10,11014.27,1101.4270000000001,1,10,7.0,Low
CUST01130,5,11940.210000000001,2388.0420000000004,0,0,0.0,Low
CUST01131,16,8782.86,548.92875,0,10,2.5,Low
CUST01132,3,2704.06,901.3533333333334,0,10,6.666666666666667,Low
CUST01133,7,8558.28,1222.6114285714286,0,0,0.0,Low
CUST01134,12,15485.32,1290.4433333333334,0,10,1.6666666666666667,Low
CUST01135,9,30942.51,3438.0566666666664,0,10,4.444444444444445,Low
CUST01136,14,241400.03,17242.859285714287,1,10,2.142857142857143,Low
CUST01137,14,28285.29,2020.3778571428572,0,10,2.142857142857143,Low
CUST01138,6,24206.489999999998,4034.4149999999995,0,10,5.0,Low
CUST01139,15,17759.78,1183.9853333333333,0,10,2.0,Low
CUST01140,10,156165.34,15616.534,0,10,3.0,Low
CUST01141,11,19909.07,1809.9154545454546,0,10,3.6363636363636362,Low
CUST01142,8,33433.49,4179.18625,0,10,2.5,Low
CUST01143,7,4178.98,596.9971428571428,0,10,2.857142857142857,Low
CUST01144,5,3591.18,718.236,0,10,2.0,Low
CUST01145,10,10544.050000000001,1054.4050000000002,0,10,1.0,Low
CUST01146,12,20571.42,1714.2849999999999,0,10,1.6666666666666667,Low
CUST01147,11,9519.089999999998,865.3718181818181,1,15,4.090909090909091,Low
CUST01148,19,717507.76,37763.566315789474,0,20,4.2105263157894735,Low
CUST01149,11,3868.48,351.68,0,10,3.6363636363636362,Low
CUST01150,12,119214.23,9934.519166666667,1,25,4.583333333333333,Low
CUST01151,5,52103.71,10420.742,1,10,4.0,Low
CUST01152,11,5533.77,503.07000000000005,0,10,3.6363636363636362,Low
CUST01153,9,113805.65000000001,12645.072222222223,0,10,2.2222222222222223,Low
CUST01154,5,96630.19,19326.038,0,0,0.0,Low
CUST01155,3,957.05,319.01666666666665,0,0,0.0,Low
CUST01156,13,10407.9,800.6076923076923,0,10,3.076923076923077,Low
CUST01157,6,10139.76,1689.96,0,10,1.6666666666666667,Low
CUST01158,13,21765.170000000002,1674.2438461538463,0,10,1.5384615384615385,Low
CUST01159,12,300875.04,25072.92,1,10,0.8333333333333334,Low
CUST01160,15,77274.28,5151.618666666666,0,10,2.0,Low
CUST01161,14,44668.29,3190.592142857143,0,10,3.5714285714285716,Low
CUST01162,8,1444.58,180.5725,0,10,2.5,Low
CUST01163,10,9191.76,919.176,0,10,1.0,Low
CUST01164,11,94484.55,8589.504545454545,0,10,2.727272727272727,Low
CUST01165,5,14036.509999999998,2807.3019999999997,0,10,2.0,Low
CUST01166,14,33330.82,2380.772857142857,0,10,2.857142857142857,Low
CUST01167,9,163454.16,18161.573333333334,0,10,2.2222222222222223,Low
CUST01168,13,7226.16,555.8584615384615,0,10,3.076923076923077,Low
CUST01169,8,73761.06,9220.1325,1,20,2.5,Low
CUST01170,9,194807.77000000002,21645.30777777778,0,0,0.0,Low
CUST01171,9,5799.41,644.3788888888889,1,20,5.555555555555555,Low
CUST01172,9,77073.7,8563.744444444445,0,10,2.2222222222222223,Low
CUST01173,7,12203.970000000001,1743.4242857142858,0,0,0.0,Low
CUST01174,11,5250.66,477.33272727272725,0,10,4.545454545454546,Low
CUST01175,8,20798.46,2599.8075,0,10,2.5,Low
CUST01176,11,203745.57,18522.324545454547,1,10,5.454545454545454,Low
CUST01177,10,73363.84,7336.384,1,20,6.0,Low
CUST01178,7,27745.969999999998,3963.7099999999996,0,10,2.857142857142857,Low
CUST01179,8,8713.25,1089.15625,0,0,0.0,Low
CUST01180,19,48376.44,2546.128421052632,3,75,7.631578947368421,High
CUST01181,14,112374.73999999999,8026.767142857142,0,10,3.5714285714285716,Low
CUST01182,10,13718.859999999999,1371.886,0,10,2.0,Low
CUST01183,8,147904.19,18488.02375,0,10,2.5,Low
CUST01184,15,15894.76,1059.6506666666667,3,85,13.0,High
CUST01185,16,32601.9,2037.61875,0,10,1.875,Low
CUST01186,9,2374.09,263.7877777777778,0,10,2.2222222222222223,Low
CUST01187,7,37786.85,5398.121428571429,0,10,2.857142857142857,Low
CUST01188,5,5435.87,1087.174,0,10,2.0,Low
CUST01189,15,232331.1,15488.74,0,10,0.6666666666666666,Low
CUST01190,13,30225.67,2325.0515384615383,0,10,3.8461538461538463,Low
CUST01191,7,12134.39,1733.4842857142855,0,0,0.0,Low
CUST01192,5,1150.3700000000001,230.074,0,10,2.0,Low
CUST01193,3,1504.73,501.57666666666665,0,10,3.3333333333333335,Low
CUST01194,6,12771.71,2128.6183333333333,0,10,3.3333333333333335,Low
CUST01195,9,6888.54,765.3933333333333,1,20,5.555555555555555,Low
CUST01196,12,8857.94,738.1616666666667,0,10,0.8333333333333334,Low
CUST01197,10,48373.1,4837.3099999999995,0,0,0.0,Low
CUST01198,11,58746.73,5340.611818181818,0,10,0.9090909090909091,Low
CUST01199,9,1272.4099999999999,141.37888888888887,0,10,3.3333333333333335,Low
CUST01200,11,12947.26,1177.0236363636363,0,10,0.9090909090909091,Low
CUST01201,8,2190.03,273.75375,0,10,1.25,Low
CUST01202,8,210008.93,26251.11625,1,20,5.0,Low
CUST01203,13,191177.38999999998,14705.953076923075,0,10,4.615384615384615,Low
CUST01204,10,6155.66,615.566,0,10,2.0,Low
CUST01205,6,29327.84,4887.973333333333,0,10,5.0,Low
CUST01206,9,175811.09,19534.565555555557,0,10,1.1111111111111112,Low
CUST01207,8,7360.46,920.0575,0,10,3.75,Low
CUST01208,8,13876.76,1734.595,0,10,5.0,Low
CUST01209,12,55390.86,4615.905,0,10,4.166666666666667,Low
CUST01210,9,174785.88999999998,19420.654444444444,0,10,2.2222222222222223,Low
CUST01211,8,9783.15,1222.89375,0,10,2.5,Low
CUST01212,9,8471.14,941.2377777777778,1,10,2.2222222222222223,Low
CUST01213,17,24505.14,1441.4788235294118,0,10,2.9411764705882355,Low
CUST01214,10,8636.87,863.6870000000001,0,10,3.0,Low
CUST01215,12,76384.53,6365.3775,1,25,4.583333333333333,Low
CUST01216,8,253941.17,31742.64625,1,30,8.75,Low
CUST01217,9,162965.27,18107.25222222222,3,95,16.11111111111111,High
CUST01218,6,2478.5,413.0833333333333,0,10,3.3333333333333335,Low
CUST01219,9,2935.2799999999997,326.1422222222222,0,10,3.3333333333333335,Low
CUST01220,9,6206.03,689.5588888888889,0,10,4.444444444444445,Low
CUST01221,14,113743.29999999999,8124.521428571427,1,20,3.5714285714285716,Low
CUST01222,11,16915.71,1537.7918181818181,0,10,2.727272727272727,Low
CUST01223,16,689029.79,43064.361875,0,10,2.5,Low
CUST01224,15,4749.43,316.6286666666667,1,10,3.3333333333333335,Low
CUST01225,14,4736.47,338.31928571428574,0,10,2.142857142857143,Low
CUST01226,12,25072.8,2089.4,0,10,2.5,Low
CUST01227,8,76729.88,9591.235,1,20,5.0,Low
CUST01228,14,45838.18,3274.155714285714,0,10,2.857142857142857,Low
CUST01229,12,22500.33,1875.0275000000001,4,75,13.75,High
CUST01230,12,31723.19,2643.5991666666664,3,75,9.583333333333334,High
CUST01231,14,408162.81,29154.48642857143,0,10,3.5714285714285716,Low
CUST01232,13,40530.65,3117.742307692308,1,15,3.4615384615384617,Low
CUST01233,12,13464.58,1122.0483333333334,0,10,2.5,Low
CUST01234,9,423756.57,47084.06333333333,1,30,5.555555555555555,Low
CUST01235,8,6746.66,843.3325,0,10,5.0,Low
CUST01236,9,1665.1,185.0111111111111,0,10,1.1111111111111112,Low
CUST01237,9,7202.07,800.23,0,10,1.1111111111111112,Low
CUST01238,10,5378.09,537.809,1,20,5.0,Low
CUST01239,11,16257.11,1477.919090909091,1,10,2.727272727272727,Low
CUST01240,12,21728.4,1810.7,0,10,1.6666666666666667,Low
CUST01241,10,17761.21,1776.1209999999999,0,10,3.0,Low
CUST01242,8,9823.18,1227.8975,0,10,3.75,Low
CUST01243,16,33971.38,2123.21125,3,75,8.4375,High
CUST01244,7,187998.71,26856.95857142857,0,10,1.4285714285714286,Low
CUST01245,8,4741.04,592.63,0,10,2.5,Low
CUST01246,9,2046.83,227.42555555555555,0,0,0.0,Low
CUST01247,8,3969.17,496.14625,0,10,1.25,Low
CUST01248,4,716.15,179.0375,1,20,7.5,Low
CUST01249,8,219496.9,27437.1125,1,10,5.0,Low
CUST01250,5,12789.81,2557.962,0,10,2.0,Low
CUST01251,9,217369.89,24152.210000000003,0,10,2.2222222222222223,Low
CUST01252,4,18909.34,4727.335,0,10,5.0,Low
CUST01253,14,210412.64,15029.474285714286,0,10,1.4285714285714286,Low
CUST01254,11,25984.17,2362.197272727273,0,10,3.6363636363636362,Low
CUST01255,10,20025.69,2002.569,0,10,3.0,Low
CUST01256,9,228264.33,25362.70333333333,0,10,2.2222222222222223,Low
CUST01257,5,3177.8100000000004,635.5620000000001,0,10,2.0,Low
CUST01258,8,1197.74,149.7175,0,10,1.25,Low
CUST01259,9,120744.66,13416.073333333334,0,10,4.444444444444445,Low
CUST01260,18,10903.06,605.7255555555555,0,10,1.1111111111111112,Low
CUST01261,6,6995.66,1165.9433333333334,0,0,0.0,Low
CUST01262,10,12539.02,1253.902,0,10,4.0,Low
CUST01263,9,16439.27,1826.5855555555556,0,10,1.1111111111111112,Low
CUST01264,8,15191.98,1898.9975,0,10,3.75,Low
CUST01265,11,3245.8,295.07272727272726,0,10,2.727272727272727,Low
CUST01266,9,151548.21,16838.69,0,0,0.0,Low
CUST01267,12,143957.66,11996.471666666666,0,10,2.5,Low
CUST01268,11,20395.39,1854.1263636363635,0,10,1.8181818181818181,Low
CUST01269,5,53243.43,10648.686,0,10,2.0,Low
CUST01270,8,173858.51,21732.31375,0,10,2.5,Low
CUST01271,11,40598.35,3690.759090909091,0,10,3.6363636363636362,Low
CUST01272,14,30881.23,2205.802142857143,3,75,9.642857142857142,High
CUST01273,16,32097.32,2006.0825,0,10,3.125,Low
CUST01274,7,17775.82,2539.402857142857,0,10,4.285714285714286,Low
CUST01275,11,237052.09,21550.19,0,10,4.545454545454546,Low
CUST01276,12,29968.9,2497.4083333333333,0,10,4.166666666666667,Low
CUST01277,11,202292.23,18390.20272727273,0,10,2.727272727272727,Low
CUST01278,12,65620.48999999999,5468.374166666666,1,0,0.0,Low
CUST01279,5,42476.69,8495.338,0,0,0.0,Low
CUST01280,7,10182.78,1454.6828571428573,0,10,1.4285714285714286,Low
CUST01281,17,93177.67000000001,5481.0394117647065,3,75,8.529411764705882,High
CUST01282,5,7862.29,1572.458,0,10,2.0,Low
CUST01283,8,5722.12,715.265,0,10,1.25,Low
CUST01284,11,299093.65,27190.33181818182,0,10,0.9090909090909091,Low
CUST01285,11,23049.73,2095.43,0,10,2.727272727272727,Low
CUST01286,6,8480.41,1413.4016666666666,0,10,5.0,Low
CUST01287,11,17975.46,1634.1327272727272,1,20,1.8181818181818181,Low
CUST01288,11,43141.09,3921.9172727272726,1,10,3.6363636363636362,Low
CUST01289,20,122582.04,6129.102,1,30,5.0,Low
CUST01290,13,89418.58,6878.3523076923075,0,10,3.8461538461538463,Low
CUST01291,10,132581.15,13258.115,0,10,3.0,Low
CUST01292,14,85004.74,6071.767142857143,0,10,1.4285714285714286,Low
CUST01293,12,13774.269999999999,1147.8558333333333,0,10,2.5,Low
CUST01294,13,586022.75,45078.67307692308,1,30,8.846153846153847,Low
CUST01295,6,111570.51,18595.085,0,10,1.6666666666666667,Low
CUST01296,6,22005.34,3667.556666666667,0,10,3.3333333333333335,Low
CUST01297,7,35888.85,5126.978571428571,0,10,1.4285714285714286,Low
CUST01298,10,7468.18,746.818,0,10,4.0,Low
CUST01299,11,9373.59,852.1445454545454,0,10,1.8181818181818181,Low
CUST01300,11,4441.34,403.7581818181818,0,10,5.454545454545454,Low
CUST01301,8,91409.49,11426.18625,0,10,3.75,Low
CUST01302,12,94883.92,7906.993333333333,1,10,1.6666666666666667,Low
CUST01303,9,42740.05,4748.894444444445,0,10,4.444444444444445,Low
CUST01304,11,273757.74,24887.067272727272,0,10,4.545454545454546,Low
CUST01305,12,6734.97,561.2475000000001,0,10,1.6666666666666667,Low
CUST01306,9,119629.06,13292.117777777778,0,10,3.3333333333333335,Low
CUST01307,11,328329.17,29848.10636363636,0,10,3.6363636363636362,Low
CUST01308,8,63404.090000000004,7925.5112500000005,0,10,2.5,Low
CUST01309,13,17078.09,1313.6992307692308,1,20,2.3076923076923075,Low
CUST01310,8,9701.37,1212.67125,0,10,2.5,Low
CUST01311,7,26993.52,3856.217142857143,0,10,1.4285714285714286,Low
CUST01312,7,35349.35,5049.907142857142,0,10,5.714285714285714,Low
CUST01313,6,176002.1,29333.683333333334,0,10,1.6666666666666667,Low
CUST01314,15,146465.43,9764.362,1,15,4.333333333333333,Low
CUST01315,10,24118.45,2411.8450000000003,0,10,4.0,Low
CUST01316,9,42680.37,4742.263333333333,0,10,1.1111111111111112,Low
CUST01317,12,231760.4,19313.366666666665,0,10,3.3333333333333335,Low
CUST01318,12,25713.15,2142.7625000000003,0,10,2.5,Low
CUST01319,5,13130.14,2626.028,0,0,0.0,Low
CUST01320,13,12329.82,948.4476923076923,0,10,1.5384615384615385,Low
CUST01321,8,39275.19,4909.39875,0,10,3.75,Low
CUST01322,9,13934.41,1548.2677777777778,0,10,4.444444444444445,Low
CUST01323,10,8617.710000000001,861.7710000000001,0,10,1.0,Low
CUST01324,5,2912.36,582.472,0,0,0.0,Low
CUST01325,8,65253.01,8156.62625,0,10,3.75,Low
CUST01326,8,13324.24,1665.53,0,10,2.5,Low
CUST01327,2,1682.46,841.23,0,0,0.0,Low
CUST01328,13,52426.67,4032.820769230769,1,10,3.076923076923077,Low
CUST01329,13,55154.66,4242.666153846154,1,10,3.076923076923077,Low
CUST01330,11,231658.53,21059.866363636364,0,10,0.9090909090909091,Low
CUST01331,8,148418.08,18552.26,1,10,1.25,Low
CUST01332,11,135641.77000000002,12331.070000000002,1,10,3.6363636363636362,Low
CUST01333,17,239752.69,14103.099411764706,0,10,1.7647058823529411,Low
CUST01334,7,46015.53,6573.647142857143,1,10,1.4285714285714286,Low
CUST01335,10,2033.6599999999999,203.36599999999999,0,10,1.0,Low
CUST01336,13,357706.84,27515.91076923077,1,20,4.615384615384615,Low
CUST01337,10,107537.11,10753.711,0,10,1.0,Low
CUST01338,7,5346.23,763.7471428571428,0,0,0.0,Low
CUST01339,8,39382.96,4922.87,0,10,3.75,Low
CUST01340,11,201861.72,18351.065454545456,0,10,3.6363636363636362,Low
CUST01341,7,64821.53,9260.218571428572,1,15,5.0,Low
CUST01342,6,1761.8999999999999,293.65,1,30,6.666666666666667,Low
CUST01343,7,1420.6299999999999,202.94714285714284,0,10,5.714285714285714,Low
CUST01344,9,197988.15,21998.683333333334,0,10,4.444444444444445,Low
CUST01345,8,1755.01,219.37625,0,10,2.5,Low
CUST01346,13,15013.15,1154.8576923076923,0,10,1.5384615384615385,Low
CUST01347,16,65757.72,4109.8575,0,10,0.625,Low
CUST01348,10,2908.7400000000002,290.874,0,10,2.0,Low
CUST01349,7,4659.8,665.6857142857143,0,10,1.4285714285714286,Low
CUST01350,4,75707.92,18926.98,0,0,0.0,Low
CUST01351,13,718990.05,55306.92692307693,0,10,1.5384615384615385,Low
CUST01352,13,229887.59,17683.66076923077,0,10,3.076923076923077,Low
CUST01353,9,3039.69,337.74333333333334,0,10,2.2222222222222223,Low
CUST01354,13,25117.0,1932.076923076923,0,10,3.076923076923077,Low
CUST01355,15,46358.8,3090.586666666667,1,30,4.0,Low
CUST01356,8,12334.869999999999,1541.8587499999999,0,10,2.5,Low
CUST01357,6,3962.65,660.4416666666667,0,10,1.6666666666666667,Low
CUST01358,10,75841.16,7584.116,1,10,2.0,Low
CUST01359,12,198721.63,16560.135833333334,1,10,2.5,Low
CUST01360,9,4999.49,555.4988888888888,0,10,3.3333333333333335,Low
CUST01361,15,76915.22,5127.681333333333,0,10,1.3333333333333333,Low
CUST01362,11,51712.229999999996,4701.111818181817,0,10,1.8181818181818181,Low
CUST01363,11,314358.53,28578.048181818183,1,10,2.727272727272727,Low
CUST01364,3,16715.34,5571.78,0,0,0.0,Low
CUST01365,13,50986.369999999995,3922.028461538461,0,10,2.3076923076923075,Low
CUST01366,9,153109.02,17012.11333333333,0,10,1.1111111111111112,Low
CUST01367,11,25717.23,2337.93,0,10,3.6363636363636362,Low
CUST01368,14,69926.05,4994.717857142858,1,10,1.4285714285714286,Low
CUST01369,9,5364.42,596.0466666666666,0,10,2.2222222222222223,Low
CUST01370,10,52014.159999999996,5201.415999999999,1,10,2.0,Low
CUST01371,10,169927.52,16992.752,0,10,3.0,Low
CUST01372,13,39003.05,3000.2346153846156,1,10,2.3076923076923075,Low
CUST01373,11,29432.420000000002,2675.6745454545458,0,10,0.9090909090909091,Low
CUST01374,15,134692.11,8979.473999999998,2,30,6.0,Low
CUST01375,9,64387.11,7154.123333333333,0,10,1.1111111111111112,Low
CUST01376,11,1803.51,163.95545454545456,0,0,0.0,Low
CUST01377,10,59336.1,5933.61,0,10,3.0,Low
CUST01378,8,4703.07,587.88375,0,10,2.5,Low
CUST01379,13,27000.399999999998,2076.953846153846,0,10,1.5384615384615385,Low
CUST01380,8,4380.47,547.55875,0,10,1.25,Low
CUST01381,7,2904.21,414.88714285714286,0,10,2.857142857142857,Low
CUST01382,14,32399.6,2314.2571428571428,0,10,0.7142857142857143,Low
CUST01383,9,104438.15,11604.238888888889,0,10,1.1111111111111112,Low
CUST01384,7,6520.6900000000005,931.527142857143,0,10,4.285714285714286,Low
CUST01385,8,15249.42,1906.1775,1,15,4.375,Low
CUST01386,7,8251.53,1178.7900000000002,0,10,1.4285714285714286,Low
CUST01387,7,10724.240000000002,1532.034285714286,1,10,4.285714285714286,Low
CUST01388,7,10278.400000000001,1468.3428571428574,0,10,1.4285714285714286,Low
CUST01389,14,9943.61,710.2578571428572,0,10,2.857142857142857,Low
CUST01390,11,9973.77,906.7063636363637,0,10,1.8181818181818181,Low
CUST01391,14,357744.26,25553.161428571428,0,10,2.142857142857143,Low
CUST01392,11,13131.8,1193.8,0,10,1.8181818181818181,Low
CUST01393,15,80581.61,5372.107333333333,0,10,2.0,Low
CUST01394,9,2600.8199999999997,288.97999999999996,0,10,3.3333333333333335,Low
CUST01395,12,65030.07,5419.1725,0,10,1.6666666666666667,Low
CUST01396,6,22182.25,3697.0416666666665,1,15,2.5,Low
CUST01397,15,27963.67,1864.2446666666665,0,10,2.0,Low
CUST01398,6,163252.25,27208.708333333332,0,10,5.0,Low
CUST01399,12,46898.92,3908.2433333333333,0,10,2.5,Low
CUST01400,8,5154.81,644.35125,0,10,5.0,Low
CUST01401,9,17925.43,1991.7144444444446,0,10,2.2222222222222223,Low
CUST01402,19,7244.95,381.31315789473683,0,10,3.1578947368421053,Low
CUST01403,11,21107.64,1918.8763636363635,0,10,4.545454545454546,Low
CUST01404,10,124762.91,12476.291000000001,0,10,3.0,Low
CUST01405,6,9254.970000000001,1542.4950000000001,0,10,3.3333333333333335,Low
CUST01406,15,42679.46,2845.2973333333334,0,10,3.3333333333333335,Low
CUST01407,8,47960.84,5995.105,0,10,2.5,Low
CUST01408,10,23710.86,2371.0860000000002,0,10,3.0,Low
CUST01409,13,58284.96000000001,4483.458461538462,1,10,3.8461538461538463,Low
CUST01410,13,143123.52,11009.501538461538,1,20,2.3076923076923075,Low
CUST01411,14,55881.61,3991.5435714285713,2,20,6.428571428571429,Low
CUST01412,15,293316.75,19554.45,1,10,2.0,Low
CUST01413,16,18375.19,1148.449375,0,10,3.75,Low
CUST01414,12,83304.24,6942.02,2,20,5.833333333333333,Low
CUST01415,4,3606.76,901.69,0,0,0.0,Low
CUST01416,8,18743.350000000002,2342.9187500000003,0,10,1.25,Low
CUST01417,14,6254.04,446.71714285714285,0,10,3.5714285714285716,Low
CUST01418,7,113924.93000000001,16274.990000000002,0,10,5.714285714285714,Low
CUST01419,6,21685.35,3614.225,0,10,3.3333333333333335,Low
CUST01420,18,20415.74,1134.207777777778,2,30,4.444444444444445,Low
CUST01421,8,10816.91,1352.11375,1,10,1.25,Low
CUST01422,7,26321.52,3760.217142857143,0,10,1.4285714285714286,Low
CUST01423,5,3868.5699999999997,773.7139999999999,1,20,6.0,Low
CUST01424,6,2946.04,491.00666666666666,0,10,1.6666666666666667,Low
CUST01425,11,98528.0,8957.09090909091,0,10,2.727272727272727,Low
CUST01426,10,63417.0,6341.7,1,10,7.0,Low
CUST01427,9,102919.76,11435.528888888888,0,10,1.1111111111111112,Low
CUST01428,10,4185.17,418.517,0,0,0.0,Low
CUST01429,20,16483.14,824.1569999999999,3,75,7.25,High
CUST01430,6,7263.23,1210.5383333333332,0,10,1.6666666666666667,Low
CUST01431,8,50503.19,6312.89875,0,10,2.5,Low
CUST01432,16,197730.74,12358.17125,0,10,3.125,Low
CUST01433,8,356551.66000000003,44568.957500000004,0,10,5.0,Low
CUST01434,8,52955.35,6619.41875,0,10,2.5,Low
CUST01435,11,382391.15,34762.83181818182,1,20,2.727272727272727,Low
CUST01436,14,32467.75,2319.125,0,10,1.4285714285714286,Low
CUST01437,10,37250.24,3725.024,0,10,4.0,Low
CUST01438,9,8832.74,981.4155555555556,0,10,2.2222222222222223,Low
CUST01439,8,19708.26,2463.5325,3,75,16.875,High
CUST01440,5,74143.63,14828.726,0,10,2.0,Low
CUST01441,7,51335.340000000004,7333.620000000001,1,10,1.4285714285714286,Low
CUST01442,10,5423.6900000000005,542.369,0,10,3.0,Low
CUST01443,5,834.58,166.916,0,0,0.0,Low
CUST01444,5,11843.23,2368.6459999999997,0,10,6.0,Low
CUST01445,10,5618.3,561.83,0,10,2.0,Low
CUST01446,6,27851.46,4641.91,1,15,4.166666666666667,Low
CUST01447,12,38707.98,3225.6650000000004,0,0,0.0,Low
CUST01448,7,9303.7,1329.1000000000001,0,10,2.857142857142857,Low
CUST01449,12,11319.67,943.3058333333333,1,10,2.5,Low
CUST01450,9,13453.68,1494.8533333333335,0,10,3.3333333333333335,Low
CUST01451,10,11839.4,1183.94,0,10,1.0,Low
CUST01452,9,2028.17,225.35222222222222,0,10,1.1111111111111112,Low
CUST01453,10,59192.630000000005,5919.263000000001,1,10,5.0,Low
CUST01454,10,17581.87,1758.187,0,10,5.0,Low
CUST01455,8,7113.639999999999,889.2049999999999,0,0,0.0,Low
CUST01456,9,54915.61,6101.734444444444,1,10,1.1111111111111112,Low
CUST01457,8,14501.52,1812.69,0,10,2.5,Low
CUST01458,11,2509.1800000000003,228.10727272727274,0,10,1.8181818181818181,Low
CUST01459,9,27356.8,3039.644444444444,0,10,1.1111111111111112,Low
CUST01460,8,70079.37,8759.92125,2,20,5.0,Low
CUST01461,14,78329.19,5594.942142857143,1,10,2.857142857142857,Low
CUST01462,11,192945.63,17540.511818181818,0,10,2.727272727272727,Low
CUST01463,5,4658.54,931.708,0,10,4.0,Low
CUST01464,14,196090.08,14006.434285714286,0,10,1.4285714285714286,Low
CUST01465,8,24994.35,3124.29375,0,10,2.5,Low
CUST01466,17,47112.58,2771.328235294118,0,10,2.9411764705882355,Low
CUST01467,11,213465.08000000002,19405.916363636366,0,10,2.727272727272727,Low
CUST01468,12,5148.0199999999995,429.0016666666666,0,10,4.166666666666667,Low
CUST01469,8,112878.23,14109.77875,1,10,1.25,Low
CUST01470,5,17015.98,3403.196,1,30,6.0,Low
CUST01471,9,3460.94,384.5488888888889,0,10,2.2222222222222223,Low
CUST01472,13,30480.69,2344.6684615384615,0,10,1.5384615384615385,Low
CUST01473,9,17863.43,1984.8255555555556,0,10,3.3333333333333335,Low
CUST01474,11,21299.57,1936.3245454545454,0,10,1.8181818181818181,Low
CUST01475,11,2234.66,203.15090909090907,0,10,1.8181818181818181,Low
CUST01476,4,80943.77,20235.9425,0,10,5.0,Low
CUST01477,14,55617.41,3972.672142857143,0,10,2.857142857142857,Low
CUST01478,17,682598.98,40152.88117647059,1,30,4.705882352941177,Low
CUST01479,11,9419.42,856.3109090909091,1,20,5.454545454545454,Low
CUST01480,11,126041.22,11458.292727272727,0,10,3.6363636363636362,Low
CUST01481,6,44449.35999999999,7408.226666666666,0,10,1.6666666666666667,Low
CUST01482,6,11422.8,1903.8,0,0,0.0,Low
CUST01483,8,14541.39,1817.67375,0,10,1.25,Low
CUST01484,13,23164.78,1781.9061538461538,0,10,3.8461538461538463,Low
CUST01485,6,111095.13,18515.855,0,10,1.6666666666666667,Low
CUST01486,9,167702.08,18633.564444444444,1,10,4.444444444444445,Low
CUST01487,8,146540.82,18317.6025,1,10,1.25,Low
CUST01488,11,8605.91,782.3554545454546,0,0,0.0,Low
CUST01489,5,2105.74,421.14799999999997,0,10,2.0,Low
CUST01490,12,36602.97,3050.2475,0,10,2.5,Low
CUST01491,7,17843.18,2549.0257142857145,0,10,1.4285714285714286,Low
CUST01492,10,21564.22,2156.422,0,10,5.0,Low
CUST01493,8,6560.43,820.05375,0,10,2.5,Low
CUST01494,8,20436.36,2554.545,0,10,3.75,Low
CUST01495,12,90671.35,7555.945833333334,0,10,3.3333333333333335,Low
CUST01496,8,110076.88,13759.61,0,10,2.5,Low
CUST01497,11,1902.68,172.9709090909091,0,10,3.6363636363636362,Low
CUST01498,5,830.78,166.156,0,10,4.0,Low
CUST01499,10,5472.17,547.217,1,20,5.0,Low
CUST01500,8,1537.1100000000001,192.13875000000002,1,25,4.375,Low
CUST01501,12,72418.46,6034.871666666667,1,10,1.6666666666666667,Low
CUST01502,12,766630.9900000001,63885.91583333334,1,20,5.833333333333333,Low
CUST01503,13,55802.22,4292.4784615384615,0,10,0.7692307692307693,Low
CUST01504,5,5869.59,1173.9180000000001,0,10,4.0,Low
CUST01505,9,88460.59,9828.954444444444,0,10,4.444444444444445,Low
CUST01506,13,414091.22000000003,31853.170769230772,0,20,3.8461538461538463,Low
CUST01507,10,22334.53,2233.453,0,10,4.0,Low
CUST01508,9,3681.5,409.05555555555554,0,10,1.1111111111111112,Low
CUST01509,13,75509.7,5808.4384615384615,0,10,4.615384615384615,Low
CUST01510,9,5835.68,648.4088888888889,1,15,2.7777777777777777,Low
CUST01511,9,449531.9,49947.98888888889,0,30,5.555555555555555,Low
CUST01512,8,312724.63,39090.57875,0,10,2.5,Low
CUST01513,7,108188.67,15455.524285714286,0,10,2.857142857142857,Low
CUST01514,9,141486.63,15720.736666666668,0,10,3.3333333333333335,Low
CUST01515,14,90568.11,6469.1507142857145,1,20,4.285714285714286,Low
CUST01516,11,188241.38,17112.852727272726,0,10,0.9090909090909091,Low
CUST01517,8,246175.27,30771.90875,1,20,3.75,Low
CUST01518,6,6456.41,1076.0683333333334,0,10,5.0,Low
CUST01519,10,19877.46,1987.7459999999999,0,10,4.0,Low
CUST01520,9,19162.47,2129.1633333333334,0,10,1.1111111111111112,Low
CUST01521,7,6043.29,863.3271428571428,0,10,1.4285714285714286,Low
CUST01522,17,50930.32,2995.9011764705883,0,10,1.1764705882352942,Low
CUST01523,12,61755.34,5146.278333333333,1,10,1.6666666666666667,Low
CUST01524,6,3467.73,577.955,1,20,10.0,Low
CUST01525,9,17460.19,1940.021111111111,0,10,2.2222222222222223,Low
CUST01526,12,91334.41,7611.200833333333,0,10,2.5,Low
CUST01527,14,521796.72000000003,37271.194285714286,0,20,2.142857142857143,Low
CUST01528,8,15323.93,1915.49125,0,10,7.5,Low
CUST01529,7,13183.66,1883.3799999999999,0,10,1.4285714285714286,Low
CUST01530,9,1799.1000000000001,199.9,0,10,3.3333333333333335,Low
CUST01531,6,124005.59000000001,20667.598333333335,0,10,6.666666666666667,Low
CUST01532,10,2215.5,221.55,0,10,2.0,Low
CUST01533,13,892628.66,68663.74307692309,0,30,10.76923076923077,Low
CUST01534,9,8109.39,901.0433333333334,0,10,2.2222222222222223,Low
CUST01535,4,3120.76,780.19,0,10,2.5,Low
CUST01536,12,169253.03,14104.419166666667,0,10,2.5,Low
CUST01537,7,12826.91,1832.4157142857143,0,10,7.142857142857143,Low
CUST01538,10,41004.880000000005,4100.488,1,20,6.0,Low
CUST01539,6,262058.24,43676.37333333333,0,30,6.666666666666667,Low
CUST01540,10,3608.45,360.84499999999997,0,10,3.0,Low
CUST01541,11,58666.57,5333.324545454546,1,10,1.8181818181818181,Low
CUST01542,6,6031.360000000001,1005.2266666666668,0,10,3.3333333333333335,Low
CUST01543,7,5611.51,801.6442857142857,0,10,5.714285714285714,Low
CUST01544,12,5171.12,430.9266666666667,0,0,0.0,Low
CUST01545,14,4187.27,299.09071428571434,0,10,1.4285714285714286,Low
CUST01546,10,46079.95,4607.995,1,20,5.0,Low
CUST01547,16,86418.62,5401.16375,1,10,3.75,Low
CUST01548,13,8047.13,619.01,1,10,3.076923076923077,Low
CUST01549,9,55570.590000000004,6174.51,1,0,0.0,Low
CUST01550,7,4679.33,668.4757142857143,0,10,2.857142857142857,Low
CUST01551,4,40859.39,10214.8475,0,0,0.0,Low
CUST01552,11,63760.880000000005,5796.443636363637,0,10,3.6363636363636362,Low
CUST01553,9,12661.4,1406.822222222222,0,10,2.2222222222222223,Low
CUST01554,10,69117.74,6911.774,0,10,1.0,Low
CUST01555,5,17405.239999999998,3481.048,0,0,0.0,Low
CUST01556,12,13877.91,1156.4925,0,10,2.5,Low
CUST01557,9,12291.8,1365.7555555555555,0,10,3.3333333333333335,Low
CUST01558,11,14752.36,1341.1236363636365,1,15,3.1818181818181817,Low
CUST01559,7,7622.25,1088.892857142857,0,0,0.0,Low
CUST01560,15,53404.130000000005,3560.2753333333335,1,10,2.6666666666666665,Low
CUST01561,8,46476.82,5809.6025,0,10,2.5,Low
CUST01562,18,85455.76,4747.542222222222,0,10,2.7777777777777777,Low
CUST01563,12,13363.26,1113.605,2,20,3.3333333333333335,Low
CUST01564,8,18292.56,2286.57,0,10,3.75,Low
CUST01565,14,21887.61,1563.4007142857142,0,10,1.4285714285714286,Low
CUST01566,8,7512.48,939.06,0,10,2.5,Low
CUST01567,7,49776.43,7110.918571428571,0,10,1.4285714285714286,Low
CUST01568,10,17289.55,1728.955,0,10,2.0,Low
CUST01569,10,12964.86,1296.486,1,20,3.0,Low
CUST01570,7,7703.280000000001,1100.4685714285715,0,10,4.285714285714286,Low
CUST01571,5,2044.22,408.844,0,10,6.0,Low
CUST01572,7,137370.07,19624.295714285716,0,10,1.4285714285714286,Low
CUST01573,10,13510.119999999999,1351.012,0,10,2.0,Low
CUST01574,11,1400.52,127.32,0,10,1.8181818181818181,Low
CUST01575,13,10454.22,804.1707692307692,0,10,3.8461538461538463,Low
CUST01576,11,45656.98,4150.634545454545,0,10,1.8181818181818181,Low
CUST01577,6,21885.809999999998,3647.6349999999998,0,10,1.6666666666666667,Low
CUST01578,11,18632.079999999998,1693.8254545454545,1,30,4.545454545454546,Low
CUST01579,14,6826.99,487.64214285714286,1,30,5.0,Low
CUST01580,13,4402.08,338.6215384615385,0,10,3.8461538461538463,Low
CUST01581,10,6220.43,622.043,0,10,1.0,Low
CUST01582,13,5886.66,452.82,2,20,3.8461538461538463,Low
CUST01583,8,15060.179999999998,1882.5224999999998,0,10,3.75,Low
CUST01584,12,66448.56999999999,5537.380833333333,0,10,1.6666666666666667,Low
CUST01585,14,315507.78,22536.27,1,25,2.5,Low
CUST01586,10,10001.57,1000.1569999999999,0,10,1.0,Low
CUST01587,10,79194.37,7919.437,1,10,1.0,Low
CUST01588,13,32772.76,2520.9815384615385,0,10,6.153846153846154,Low
CUST01589,13,33544.0,2580.3076923076924,0,0,0.0,Low
CUST01590,9,33784.42,3753.8244444444445,1,20,2.2222222222222223,Low
CUST01591,11,71202.04,6472.912727272726,0,10,1.8181818181818181,Low
CUST01592,10,5063.71,506.371,0,10,2.0,Low
CUST01593,7,12729.650000000001,1818.5214285714287,0,10,2.857142857142857,Low
CUST01594,10,138215.89,13821.589000000002,0,10,1.0,Low
CUST01595,13,4930.1900000000005,379.24538461538464,0,10,2.3076923076923075,Low
CUST01596,12,7666.99,638.9158333333334,0,10,3.3333333333333335,Low
CUST01597,4,6788.21,1697.0525,0,10,2.5,Low
CUST01598,10,561922.9400000001,56192.29400000001,0,30,8.0,Low
CUST01599,4,1648.55,412.1375,0,0,0.0,Low
CUST01600,4,10460.65,2615.1625,0,10,2.5,Low
CUST01601,12,62549.28,5212.44,1,10,1.6666666666666667,Low
CUST01602,7,5571.05,795.8642857142858,0,10,5.714285714285714,Low
CUST01603,7,6911.23,987.3185714285713,0,10,5.714285714285714,Low
CUST01604,6,3164.28,527.38,0,10,3.3333333333333335,Low
CUST01605,7,93369.73999999999,13338.534285714284,0,10,1.4285714285714286,Low
CUST01606,11,61672.28,5606.570909090909,1,20,3.6363636363636362,Low
CUST01607,11,3012.1200000000003,273.82909090909095,0,10,1.8181818181818181,Low
CUST01608,5,4468.61,893.722,0,10,2.0,Low
CUST01609,10,119967.48,11996.748,0,10,2.0,Low
CUST01610,14,321072.3,22933.735714285714,0,10,3.5714285714285716,Low
CUST01611,8,1073.28,134.16,1,25,4.375,Low
CUST01612,11,4271.75,388.34090909090907,0,10,0.9090909090909091,Low
CUST01613,15,20375.4,1358.3600000000001,0,10,1.3333333333333333,Low
CUST01614,6,12307.07,2051.1783333333333,0,10,6.666666666666667,Low
CUST01615,7,8325.720000000001,1189.3885714285716,0,10,1.4285714285714286,Low
CUST01616,12,93618.72,7801.56,0,10,1.6666666666666667,Low
CUST01617,5,306565.41000000003,61313.08200000001,2,20,10.0,Low
CUST01618,8,205813.22,25726.6525,1,10,5.0,Low
CUST01619,15,39225.06,2615.004,1,10,2.6666666666666665,Low
CUST01620,10,6152.44,615.2439999999999,0,10,4.0,Low
CUST01621,6,1319.1100000000001,219.8516666666667,0,10,3.3333333333333335,Low
CUST01622,11,1606.85,146.0772727272727,0,10,0.9090909090909091,Low
CUST01623,4,3866.33,966.5825,0,10,5.0,Low
CUST01624,12,12790.91,1065.9091666666666,0,10,1.6666666666666667,Low
CUST01625,5,79329.21,15865.842,0,10,2.0,Low
CUST01626,10,12031.64,1203.164,0,0,0.0,Low
CUST01627,9,160758.9,17862.1,1,10,3.3333333333333335,Low
CUST01628,7,1893.2,270.45714285714286,0,10,4.285714285714286,Low
CUST01629,10,64263.100000000006,6426.31,1,0,0.0,Low
CUST01630,10,108430.41,10843.041000000001,1,10,3.0,Low
CUST01631,13,20629.0,1586.8461538461538,1,20,3.076923076923077,Low
CUST01632,13,625559.42,48119.95538461539,1,20,8.076923076923077,Low
CUST01633,7,24883.52,3554.7885714285717,0,10,2.857142857142857,Low
CUST01634,15,5768.59,384.5726666666667,0,10,2.6666666666666665,Low
CUST01635,10,3747.19,374.719,0,10,2.0,Low
CUST01636,10,100697.22,10069.722,0,0,0.0,Low
CUST01637,11,2700.98,245.54363636363635,0,10,0.9090909090909091,Low
CUST01638,10,34704.47,3470.447,1,20,6.0,Low
CUST01639,14,95910.28,6850.734285714286,0,10,2.142857142857143,Low
CUST01640,5,7247.99,1449.598,0,10,2.0,Low
CUST01641,7,11045.83,1577.9757142857143,0,10,1.4285714285714286,Low
CUST01642,10,21944.13,2194.413,0,10,4.0,Low
CUST01643,14,204380.48,14598.605714285715,0,10,0.7142857142857143,Low
CUST01644,10,94396.96,9439.696,0,10,3.0,Low
CUST01645,11,119345.95000000001,10849.631818181819,2,10,3.6363636363636362,Low
CUST01646,13,26217.88,2016.76,0,10,2.3076923076923075,Low
CUST01647,7,6563.22,937.6028571428571,0,10,2.857142857142857,Low
CUST01648,9,27271.88,3030.208888888889,0,10,4.444444444444445,Low
CUST01649,12,98296.16,8191.346666666667,0,10,1.6666666666666667,Low
CUST01650,18,4500.65,250.0361111111111,0,10,1.6666666666666667,Low
CUST01651,16,129603.3,8100.20625,0,10,2.5,Low
CUST01652,13,7526.3099999999995,578.946923076923,1,10,3.8461538461538463,Low
CUST01653,11,166876.87,15170.624545454544,0,10,2.727272727272727,Low
CUST01654,15,11129.89,741.9926666666667,0,10,0.6666666666666666,Low
CUST01655,9,3799.16,422.12888888888887,0,10,3.3333333333333335,Low
CUST01656,10,2222.54,222.254,0,10,2.0,Low
CUST01657,12,9723.58,810.2983333333333,0,10,5.0,Low
CUST01658,9,110855.36,12317.262222222222,1,10,2.2222222222222223,Low
CUST01659,12,4102.219999999999,341.85166666666663,0,10,2.5,Low
CUST01660,7,19029.04,2718.434285714286,0,10,1.4285714285714286,Low
CUST01661,9,1917.8700000000001,213.0966666666667,0,10,2.2222222222222223,Low
CUST01662,9,3411.51,379.0566666666667,0,10,2.2222222222222223,Low
CUST01663,14,28543.62,2038.83,0,10,1.4285714285714286,Low
CUST01664,10,15801.63,1580.163,0,10,3.0,Low
CUST01665,8,48034.23,6004.27875,0,10,2.5,Low
CUST01666,14,51357.0,3668.3571428571427,0,10,2.142857142857143,Low
CUST01667,9,6090.22,676.6911111111111,0,10,2.2222222222222223,Low
CUST01668,13,36404.87,2800.3746153846155,2,10,2.3076923076923075,Low
CUST01669,7,60540.98,8648.711428571429,0,10,2.857142857142857,Low
CUST01670,9,5860.49,651.1655555555556,0,10,2.2222222222222223,Low
CUST01671,10,66723.59,6672.3589999999995,1,10,2.0,Low
CUST01672,10,9526.98,952.698,0,10,1.0,Low
CUST01673,15,183723.1,12248.206666666667,0,10,2.0,Low
CUST01674,8,1671.0900000000001,208.88625000000002,0,10,7.5,Low
CUST01675,6,13201.85,2200.3083333333334,0,10,1.6666666666666667,Low
CUST01676,9,173712.35,19301.372222222224,0,10,2.2222222222222223,Low
CUST01677,14,25761.61,1840.115,0,10,1.4285714285714286,Low
CUST01678,11,55099.81,5009.073636363636,1,10,1.8181818181818181,Low
CUST01679,7,25437.91,3633.9871428571428,1,20,4.285714285714286,Low
CUST01680,7,1315.1,187.87142857142857,0,10,4.285714285714286,Low
CUST01681,8,15396.39,1924.54875,0,10,1.25,Low
CUST01682,8,10113.77,1264.22125,0,0,0.0,Low
CUST01683,5,589.87,117.974,1,30,12.0,Low
CUST01684,9,70893.06999999999,7877.007777777777,1,10,3.3333333333333335,Low
CUST01685,7,8757.09,1251.0128571428572,1,10,4.285714285714286,Low
CUST01686,9,13057.63,1450.8477777777778,0,0,0.0,Low
CUST01687,12,356848.4,29737.36666666667,0,10,2.5,Low
CUST01688,13,10439.77,803.0592307692308,0,10,2.3076923076923075,Low
CUST01689,10,4074.08,407.408,0,10,1.0,Low
CUST01690,12,6665.23,555.4358333333333,1,30,4.166666666666667,Low
CUST01691,12,4975.86,414.655,1,10,2.5,Low
CUST01692,9,17069.99,1896.6655555555558,0,10,2.2222222222222223,Low
CUST01693,10,217144.6,21714.46,0,10,1.0,Low
CUST01694,13,24434.26,1879.5584615384614,0,10,3.076923076923077,Low
CUST01695,12,18681.2,1556.7666666666667,0,10,2.5,Low
CUST01696,10,59058.89,5905.889,2,20,6.0,Low
CUST01697,7,136902.99,19557.57,0,10,1.4285714285714286,Low
CUST01698,10,58242.94,5824.294,1,10,1.0,Low
CUST01699,12,21083.65,1756.9708333333335,0,10,1.6666666666666667,Low
CUST01700,12,85681.6,7140.133333333334,0,10,1.6666666666666667,Low
CUST01701,11,289637.06,26330.64181818182,0,10,3.6363636363636362,Low
CUST01702,18,62450.090000000004,3469.4494444444445,1,20,3.888888888888889,Low
CUST01703,19,27196.64,1431.4021052631579,1,15,2.8947368421052633,Low
CUST01704,5,3765.16,753.0319999999999,0,10,2.0,Low
CUST01705,12,80272.11,6689.3425,1,10,4.166666666666667,Low
CUST01706,9,131118.84,14568.76,0,0,0.0,Low
CUST01707,8,39948.8,4993.6,0,10,5.0,Low
CUST01708,11,64282.76,5843.887272727273,3,30,4.545454545454546,Low
CUST01709,13,101299.25,7792.25,0,10,0.7692307692307693,Low
CUST01710,13,42630.77,3279.29,0,10,4.615384615384615,Low
CUST01711,9,11288.16,1254.24,0,10,4.444444444444445,Low
CUST01712,13,17974.420000000002,1382.6476923076925,0,10,1.5384615384615385,Low
CUST01713,15,52547.43,3503.162,0,10,2.0,Low
CUST01714,10,30530.75,3053.075,0,10,3.0,Low
CUST01715,9,39911.880000000005,4434.653333333334,0,10,3.3333333333333335,Low
CUST01716,9,22913.1,2545.8999999999996,1,10,1.1111111111111112,Low
CUST01717,11,5064.26,460.3872727272728,0,10,4.545454545454546,Low
CUST01718,10,2655.58,265.558,0,10,3.0,Low
CUST01719,5,3817.27,763.454,0,0,0.0,Low
CUST01720,8,8991.4,1123.925,0,10,2.5,Low
CUST01721,10,43138.08,4313.808,0,10,2.0,Low
CUST01722,4,4713.38,1178.345,0,10,7.5,Low
CUST01723,14,12659.03,904.2164285714287,0,10,2.142857142857143,Low
CUST01724,6,109650.63,18275.105,0,10,3.3333333333333335,Low
CUST01725,19,38393.32,2020.701052631579,0,10,3.1578947368421053,Low
CUST01726,7,5274.48,753.4971428571428,0,0,0.0,Low
CUST01727,10,16771.22,1677.122,0,10,1.0,Low
CUST01728,9,15214.4,1690.4888888888888,0,10,4.444444444444445,Low
CUST01729,12,80167.41,6680.6175,0,10,0.8333333333333334,Low
CUST01730,9,2347.42,260.82444444444445,0,10,2.2222222222222223,Low
CUST01731,9,72918.79000000001,8102.087777777779,0,10,2.2222222222222223,Low
CUST01732,7,4143.04,591.8628571428571,0,0,0.0,Low
CUST01733,7,101112.66,14444.665714285715,1,15,6.428571428571429,Low
CUST01734,7,19165.15,2737.878571428572,0,10,1.4285714285714286,Low
CUST01735,8,15204.150000000001,1900.5187500000002,0,10,2.5,Low
CUST01736,17,36236.340000000004,2131.5494117647063,0,10,1.7647058823529411,Low
CUST01737,13,26233.41,2017.9546153846154,0,10,3.076923076923077,Low
CUST01738,10,23595.91,2359.591,0,0,0.0,Low
CUST01739,13,81831.68,6294.744615384615,0,10,2.3076923076923075,Low
CUST01740,12,7097.41,591.4508333333333,0,10,3.3333333333333335,Low
CUST01741,14,76897.95,5492.710714285714,1,10,3.5714285714285716,Low
CUST01742,14,32079.8,2291.4142857142856,0,10,2.857142857142857,Low
CUST01743,12,4427.27,368.9391666666667,0,10,1.6666666666666667,Low
CUST01744,10,11232.880000000001,1123.288,0,10,3.0,Low
CUST01745,7,378196.49,54028.07,1,30,5.714285714285714,Low
CUST01746,10,20917.94,2091.794,0,10,3.0,Low
CUST01747,15,6437.11,429.1406666666666,0,10,2.0,Low
CUST01748,13,8242.09,634.006923076923,0,10,3.076923076923077,Low
CUST01749,11,59171.47,5379.2245454545455,1,10,1.8181818181818181,Low
CUST01750,14,15024.02,1073.1442857142858,0,10,1.4285714285714286,Low
CUST01751,6,66679.75,11113.291666666666,0,10,1.6666666666666667,Low
CUST01752,13,78909.43,6069.956153846153,0,10,4.615384615384615,Low
CUST01753,15,4184.72,278.98133333333334,1,10,5.333333333333333,Low
CUST01754,6,10965.8,1827.6333333333332,0,10,3.3333333333333335,Low
CUST01755,6,127718.33,21286.388333333332,0,10,1.6666666666666667,Low
CUST01756,13,28711.51,2208.5776923076924,0,10,0.7692307692307693,Low
CUST01757,11,27296.95,2481.5409090909093,0,10,2.727272727272727,Low
CUST01758,11,7104.72,645.8836363636364,1,10,3.6363636363636362,Low
CUST01759,9,56478.25,6275.361111111111,0,10,1.1111111111111112,Low
CUST01760,9,6238.28,693.1422222222222,0,10,2.2222222222222223,Low
CUST01761,10,27143.8,2714.38,0,10,1.0,Low
CUST01762,10,5548.71,554.871,0,0,0.0,Low
CUST01763,9,16935.97,1881.7744444444445,0,10,1.1111111111111112,Low
CUST01764,12,5364.83,447.06916666666666,0,10,3.3333333333333335,Low
CUST01765,21,16063.04,764.9066666666668,0,10,0.47619047619047616,Low
CUST01766,12,111059.44,9254.953333333333,1,15,2.0833333333333335,Low
CUST01767,6,14890.19,2481.6983333333333,0,0,0.0,Low
CUST01768,11,6800.94,618.2672727272727,0,10,4.545454545454546,Low
CUST01769,8,112723.01,14090.37625,0,0,0.0,Low
CUST01770,12,23649.78,1970.8149999999998,0,10,4.166666666666667,Low
CUST01771,12,31574.79,2631.2325,0,10,1.6666666666666667,Low
CUST01772,8,4575.91,571.98875,0,10,5.0,Low
CUST01773,7,8889.32,1269.902857142857,0,10,2.857142857142857,Low
CUST01774,9,7858.48,873.1644444444444,0,10,3.3333333333333335,Low
CUST01775,12,75493.48,6291.123333333333,0,10,3.3333333333333335,Low
CUST01776,6,3019.1899999999996,503.19833333333327,0,10,3.3333333333333335,Low
CUST01777,9,10230.029999999999,1136.6699999999998,0,10,1.1111111111111112,Low
CUST01778,12,161867.54,13488.961666666668,0,10,1.6666666666666667,Low
CUST01779,5,105029.45,21005.89,0,0,0.0,Low
CUST01780,10,64614.79,6461.479,1,10,2.0,Low
CUST01781,11,2178.21,198.01909090909092,1,20,4.545454545454546,Low
CUST01782,16,34163.51,2135.219375,1,15,2.1875,Low
CUST01783,12,51717.25,4309.770833333333,0,10,0.8333333333333334,Low
CUST01784,8,2822.58,352.8225,0,10,1.25,Low
CUST01785,8,12824.59,1603.07375,1,20,3.75,Low
CUST01786,7,6824.98,974.9971428571428,0,10,2.857142857142857,Low
CUST01787,6,2087.98,347.99666666666667,1,30,8.333333333333334,Low
CUST01788,13,91936.89,7072.068461538462,1,20,3.076923076923077,Low
CUST01789,11,61580.67,5598.242727272727,0,10,4.545454545454546,Low
CUST01790,8,7936.71,992.08875,0,10,3.75,Low
CUST01791,11,2868.08,260.73454545454547,0,10,2.727272727272727,Low
CUST01792,11,51460.36,4678.214545454545,0,10,1.8181818181818181,Low
CUST01793,11,8114.55,737.6863636363637,0,10,2.727272727272727,Low
CUST01794,17,104909.29,6171.134705882352,0,10,1.1764705882352942,Low
CUST01795,8,64917.06,8114.6325,2,10,3.75,Low
CUST01796,13,263421.65,20263.203846153847,1,20,3.076923076923077,Low
CUST01797,12,14640.06,1220.0049999999999,1,20,2.5,Low
CUST01798,17,34580.31,2034.135882352941,2,20,6.470588235294118,Low
CUST01799,6,8956.74,1492.79,0,10,3.3333333333333335,Low
CUST01800,9,32344.85,3593.8722222222223,0,10,3.3333333333333335,Low
CUST01801,12,33845.23,2820.4358333333334,0,10,3.3333333333333335,Low
CUST01802,14,105161.58,7511.541428571429,0,10,1.4285714285714286,Low
CUST01803,9,4412.12,490.23555555555555,0,10,1.1111111111111112,Low
CUST01804,6,10348.07,1724.6783333333333,0,10,1.6666666666666667,Low
CUST01805,9,5425.58,602.8422222222222,0,10,1.1111111111111112,Low
CUST01806,6,4200.74,700.1233333333333,0,10,5.0,Low
CUST01807,14,74714.01,5336.714999999999,0,10,2.142857142857143,Low
CUST01808,9,15091.31,1676.812222222222,1,25,5.0,Low
CUST01809,11,9249.8,840.8909090909091,1,10,0.9090909090909091,Low
CUST01810,11,149855.35,13623.213636363636,0,10,3.6363636363636362,Low
CUST01811,10,21014.129999999997,2101.4129999999996,1,20,5.0,Low
CUST01812,12,20297.5,1691.4583333333333,0,10,3.3333333333333335,Low
CUST01813,10,4316.41,431.64099999999996,0,10,4.0,Low
CUST01814,3,4676.62,1558.8733333333332,0,10,3.3333333333333335,Low
CUST01815,13,42979.95,3306.1499999999996,0,0,0.0,Low
CUST01816,18,1049201.54,58288.974444444444,4,85,10.277777777777779,High
CUST01817,10,11497.81,1149.781,0,10,1.0,Low
CUST01818,10,14290.54,1429.054,0,10,1.0,Low
CUST01819,11,2537.38,230.6709090909091,0,10,3.6363636363636362,Low
CUST01820,8,55738.979999999996,6967.3724999999995,1,10,2.5,Low
CUST01821,13,21330.059999999998,1640.773846153846,0,10,1.5384615384615385,Low
CUST01822,10,33007.119999999995,3300.7119999999995,0,10,4.0,Low
CUST01823,9,72492.49,8054.721111111112,0,10,1.1111111111111112,Low
CUST01824,12,60479.5,5039.958333333333,0,10,4.166666666666667,Low
CUST01825,11,8239.289999999999,749.0263636363635,0,10,2.727272727272727,Low
CUST01826,8,256995.43,32124.42875,0,10,1.25,Low
CUST01827,9,10838.83,1204.3144444444445,0,10,4.444444444444445,Low
CUST01828,13,177689.98,13668.460000000001,0,10,3.8461538461538463,Low
CUST01829,11,105392.11,9581.100909090908,0,10,1.8181818181818181,Low
CUST01830,12,5737.79,478.14916666666664,0,10,2.5,Low
CUST01831,7,125576.97,17939.567142857144,0,10,1.4285714285714286,Low
CUST01832,11,59044.34,5367.667272727273,1,10,3.6363636363636362,Low
CUST01833,9,3861.7599999999998,429.08444444444444,0,10,3.3333333333333335,Low
CUST01834,10,93932.56,9393.256,0,10,3.0,Low
CUST01835,22,88004.72,4000.2145454545457,1,20,1.8181818181818181,Low
CUST01836,12,66673.87000000001,5556.155833333334,1,10,0.8333333333333334,Low
CUST01837,12,4672.88,389.4066666666667,0,10,2.5,Low
CUST01838,9,25550.88,2838.9866666666667,0,10,2.2222222222222223,Low
CUST01839,16,78999.51,4937.469375,1,20,5.625,Low
CUST01840,13,4355.6900000000005,335.05307692307696,1,30,3.8461538461538463,Low
CUST01841,11,592800.96,53890.99636363636,0,30,7.2727272727272725,Low
CUST01842,10,126944.18999999999,12694.418999999998,2,20,5.0,Low
CUST01843,12,6489.76,540.8133333333334,0,10,1.6666666666666667,Low
CUST01844,9,1624.8,180.53333333333333,0,10,1.1111111111111112,Low
CUST01845,10,27020.829999999998,2702.0829999999996,1,30,6.0,Low
CUST01846,11,51659.08,4696.28,1,25,5.909090909090909,Low
CUST01847,5,58465.63,11693.126,1,15,9.0,Low
CUST01848,8,7089.0,886.125,1,15,5.625,Low
CUST01849,16,133664.39,8354.024375,2,20,6.875,Low
CUST01850,12,18057.83,1504.819166666667,0,10,2.5,Low
CUST01851,12,8391.55,699.2958333333332,1,10,2.5,Low
CUST01852,13,72463.25,5574.096153846154,0,10,2.3076923076923075,Low
CUST01853,16,758238.0299999999,47389.876874999994,0,20,3.125,Low
CUST01854,10,17343.45,1734.345,0,10,2.0,Low
CUST01855,11,6338.4,576.2181818181817,0,10,1.8181818181818181,Low
CUST01856,8,16108.79,2013.59875,0,10,3.75,Low
CUST01857,10,9938.84,993.884,1,10,1.0,Low
CUST01858,12,6576.74,548.0616666666666,0,10,4.166666666666667,Low
CUST01859,14,55572.13,3969.437857142857,1,10,2.142857142857143,Low
CUST01860,8,10694.68,1336.835,0,10,2.5,Low
CUST01861,10,5800.219999999999,580.0219999999999,0,10,1.0,Low
CUST01862,8,371675.44,46459.43,0,20,2.5,Low
CUST01863,12,44755.590000000004,3729.6325,0,10,1.6666666666666667,Low
CUST01864,16,15826.699999999999,989.1687499999999,0,10,3.125,Low
CUST01865,4,3428.19,857.0475,0,10,7.5,Low
CUST01866,12,40527.67,3377.3058333333333,3,75,9.583333333333334,High
CUST01867,14,56482.3,4034.4500000000003,0,10,2.857142857142857,Low
CUST01868,12,17103.82,1425.3183333333334,0,10,2.5,Low
CUST01869,7,104839.66,14977.094285714285,0,10,2.857142857142857,Low
CUST01870,16,37525.93,2345.370625,0,10,3.125,Low
CUST01871,10,111882.16,11188.216,0,10,1.0,Low
CUST01872,12,18711.49,1559.2908333333335,0,10,5.0,Low
CUST01873,14,10767.34,769.0957142857143,0,10,0.7142857142857143,Low
CUST01874,11,15043.539999999999,1367.5945454545454,0,10,2.727272727272727,Low
CUST01875,10,4260.54,426.054,0,10,3.0,Low
CUST01876,5,4404.68,880.936,0,10,2.0,Low
CUST01877,12,3055.0,254.58333333333334,0,10,5.833333333333333,Low
CUST01878,11,48670.729999999996,4424.611818181817,0,10,2.727272727272727,Low
CUST01879,6,23260.84,3876.806666666667,0,0,0.0,Low
CUST01880,14,227887.63,16277.687857142857,0,10,2.142857142857143,Low
CUST01881,13,137613.13,10585.625384615385,0,10,2.3076923076923075,Low
CUST01882,6,777.5600000000001,129.59333333333333,0,0,0.0,Low
CUST01883,5,4626.01,925.202,0,10,4.0,Low
CUST01884,7,9798.37,1399.767142857143,1,10,2.857142857142857,Low
CUST01885,8,4961.23,620.15375,1,10,1.25,Low
CUST01886,7,2669.24,381.32,0,0,0.0,Low
CUST01887,10,60588.46000000001,6058.8460000000005,0,10,3.0,Low
CUST01888,9,22304.39,2478.2655555555557,1,10,4.444444444444445,Low
CUST01889,13,12937.06,995.1584615384616,1,15,4.230769230769231,Low
CUST01890,16,66960.77,4185.048125,3,75,8.4375,High
CUST01891,9,6312.14,701.348888888889,0,10,3.3333333333333335,Low
CUST01892,5,167540.85,33508.17,0,10,6.0,Low
CUST01893,9,17264.55,1918.2833333333333,0,10,3.3333333333333335,Low
CUST01894,11,11502.880000000001,1045.7163636363637,0,10,5.454545454545454,Low
CUST01895,8,7489.639999999999,936.2049999999999,0,10,6.25,Low
CUST01896,8,32829.409999999996,4103.6762499999995,0,10,6.25,Low
CUST01897,12,5149.98,429.16499999999996,1,15,2.9166666666666665,Low
CUST01898,6,85628.62,14271.436666666666,0,10,3.3333333333333335,Low
CUST01899,12,8812.880000000001,734.4066666666668,0,10,0.8333333333333334,Low
CUST01900,11,169303.58,15391.234545454545,1,20,4.545454545454546,Low
CUST01901,12,246078.46,20506.538333333334,1,20,4.166666666666667,Low
CUST01902,11,531715.67,48337.788181818185,0,20,2.727272727272727,Low
CUST01903,8,34338.45,4292.30625,0,10,5.0,Low
CUST01904,10,118318.11,11831.811,0,10,2.0,Low
CUST01905,9,72531.26000000001,8059.02888888889,1,10,2.2222222222222223,Low
CUST01906,8,24236.059999999998,3029.5074999999997,0,10,6.25,Low
CUST01907,20,39571.32,1978.566,0,10,3.0,Low
CUST01908,7,3127.98,446.8542857142857,0,10,1.4285714285714286,Low
CUST01909,16,498149.91000000003,31134.369375000002,0,20,4.375,Low
CUST01910,13,188400.56,14492.350769230768,0,10,3.8461538461538463,Low
CUST01911,11,55812.84,5073.894545454546,0,10,1.8181818181818181,Low
CUST01912,14,189353.23,13525.230714285715,0,10,5.714285714285714,Low
CUST01913,5,174095.29,34819.058000000005,0,10,4.0,Low
CUST01914,7,89436.58,12776.654285714287,0,10,2.857142857142857,Low
CUST01915,12,22806.46,1900.5383333333332,1,20,4.166666666666667,Low
CUST01916,12,10353.92,862.8266666666667,0,10,0.8333333333333334,Low
CUST01917,9,101188.86,11243.206666666667,0,10,1.1111111111111112,Low
CUST01918,7,3858.83,551.2614285714286,0,10,5.714285714285714,Low
CUST01919,10,38826.03,3882.603,1,20,4.0,Low
CUST01920,6,83865.01999999999,13977.503333333332,0,10,5.0,Low
CUST01921,6,4345.63,724.2716666666666,0,10,1.6666666666666667,Low
CUST01922,11,3820.99,347.3627272727272,0,10,1.8181818181818181,Low
CUST01923,9,11852.06,1316.8955555555556,0,10,5.555555555555555,Low
CUST01924,2,26630.35,13315.175,0,0,0.0,Low
CUST01925,6,14981.34,2496.89,0,0,0.0,Low
CUST01926,10,5079.21,507.921,0,10,1.0,Low
CUST01927,8,3517.18,439.6475,0,10,1.25,Low
CUST01928,10,53374.06,5337.406,1,10,3.0,Low
CUST01929,14,5712.610000000001,408.04357142857145,0,10,0.7142857142857143,Low
CUST01930,12,20313.46,1692.7883333333332,1,10,2.5,Low
CUST01931,9,84283.85,9364.872222222222,1,20,5.555555555555555,Low
CUST01932,13,6738.97,518.3823076923077,1,20,3.076923076923077,Low
CUST01933,8,9690.01,1211.25125,0,10,5.0,Low
CUST01934,7,9524.39,1360.6271428571429,0,10,1.4285714285714286,Low
CUST01935,7,125168.26000000001,17881.18,0,10,5.714285714285714,Low
CUST01936,16,114237.86,7139.86625,3,75,9.0625,High
CUST01937,11,2279.74,207.24909090909088,0,10,1.8181818181818181,Low
CUST01938,2,174.54,87.27,0,10,5.0,Low
CUST01939,7,6181.47,883.0671428571429,0,0,0.0,Low
CUST01940,20,32020.27,1601.0135,0,10,3.0,Low
CUST01941,10,16970.329999999998,1697.033,0,10,2.0,Low
CUST01942,14,20461.22,1461.5157142857145,0,10,2.857142857142857,Low
CUST01943,10,64836.47,6483.647,1,10,1.0,Low
CUST01944,9,188011.95,20890.216666666667,0,10,4.444444444444445,Low
CUST01945,7,13225.09,1889.2985714285714,0,10,2.857142857142857,Low
CUST01946,5,13936.619999999999,2787.3239999999996,0,0,0.0,Low
CUST01947,6,30379.16,5063.193333333334,0,0,0.0,Low
CUST01948,8,5746.12,718.265,0,0,0.0,Low
CUST01949,12,6983.07,581.9225,0,10,2.5,Low
CUST01950,10,6541.23,654.1229999999999,0,10,4.0,Low
CUST01951,11,3333.76,303.0690909090909,0,10,3.6363636363636362,Low
CUST01952,8,22938.67,2867.33375,0,10,2.5,Low
CUST01953,14,75602.17,5400.155,1,10,2.142857142857143,Low
CUST01954,8,9826.529999999999,1228.3162499999999,0,10,2.5,Low
CUST01955,10,7826.7300000000005,782.673,0,10,1.0,Low
CUST01956,10,10992.25,1099.225,1,20,4.0,Low
CUST01957,14,22176.4,1584.0285714285715,0,10,3.5714285714285716,Low
CUST01958,7,18169.59,2595.655714285714,0,10,7.142857142857143,Low
CUST01959,11,30670.39,2788.2172727272728,1,30,3.6363636363636362,Low
CUST01960,2,686.3399999999999,343.16999999999996,0,10,5.0,Low
CUST01961,11,98440.62000000001,8949.147272727274,3,75,10.454545454545455,High
CUST01962,8,14939.4,1867.425,0,0,0.0,Low
CUST01963,9,137014.34999999998,15223.816666666664,0,10,2.2222222222222223,Low
CUST01964,7,66178.38,9454.054285714286,0,10,4.285714285714286,Low
CUST01965,11,23466.62,2133.3290909090906,0,10,1.8181818181818181,Low
CUST01966,11,55445.08,5040.461818181819,0,10,0.9090909090909091,Low
CUST01967,11,218435.27,19857.751818181816,0,10,3.6363636363636362,Low
CUST01968,6,151025.47,25170.911666666667,0,10,5.0,Low
CUST01969,13,302040.89,23233.914615384616,0,20,4.615384615384615,Low
CUST01970,7,9208.37,1315.4814285714288,0,10,1.4285714285714286,Low
CUST01971,17,153807.81,9047.518235294117,0,10,1.7647058823529411,Low
CUST01972,16,21715.27,1357.204375,0,10,3.125,Low
CUST01973,8,16796.6,2099.575,0,10,1.25,Low
CUST01974,11,81929.73,7448.157272727272,0,10,1.8181818181818181,Low
CUST01975,16,24073.83,1504.614375,1,10,1.875,Low
CUST01976,5,504991.04,100998.208,0,20,10.0,Low
CUST01977,11,60092.16,5462.923636363636,0,10,1.8181818181818181,Low
CUST01978,11,183178.74,16652.612727272728,0,10,2.727272727272727,Low
CUST01979,11,2096.89,190.62636363636364,1,20,5.454545454545454,Low
CUST01980,8,136153.59,17019.19875,0,10,2.5,Low
CUST01981,16,67392.48,4212.03,1,10,2.5,Low
CUST01982,2,2394.33,1197.165,0,10,5.0,Low
CUST01983,10,13400.04,1340.0040000000001,0,10,4.0,Low
CUST01984,8,13658.95,1707.36875,0,10,1.25,Low
CUST01985,12,146948.94,12245.745,1,20,4.166666666666667,Low
CUST01986,8,6242.43,780.30375,0,10,2.5,Low
CUST01987,6,2872.89,478.815,1,10,5.0,Low
CUST01988,9,4152.08,461.34222222222223,1,15,1.6666666666666667,Low
CUST01989,7,14067.54,2009.6485714285716,0,10,4.285714285714286,Low
CUST01990,13,19151.72,1473.2092307692308,0,10,3.076923076923077,Low
CUST01991,5,1117.97,223.594,0,10,6.0,Low
CUST01992,20,32554.93,1627.7465,0,10,3.5,Low
CUST01993,17,32337.45,1902.2029411764706,0,10,2.3529411764705883,Low
CUST01994,16,226065.93000000002,14129.120625000001,0,10,5.625,Low
CUST01995,15,30355.850000000002,2023.7233333333336,0,10,1.3333333333333333,Low
CUST01996,6,6630.37,1105.0616666666667,0,10,3.3333333333333335,Low
CUST01997,11,22764.34,2069.4854545454546,0,10,2.727272727272727,Low
CUST01998,11,335727.02999999997,30520.639090909088,0,10,4.545454545454546,Low
CUST01999,7,24173.91,3453.4157142857143,0,10,2.857142857142857,Low
CUST02000,7,28193.35,4027.621428571428,0,10,5.714285714285714,Low
CUST02001,9,8885.16,987.24,0,10,2.2222222222222223,Low
CUST02002,8,10194.75,1274.34375,0,10,3.75,Low
CUST02003,4,6687.55,1671.8875,0,10,2.5,Low
CUST02004,10,4153.59,415.35900000000004,2,10,2.0,Low
CUST02005,13,26377.7,2029.0538461538463,0,10,2.3076923076923075,Low
CUST02006,13,12969.49,997.6530769230769,0,10,0.7692307692307693,Low
CUST02007,14,15679.74,1119.9814285714285,0,10,3.5714285714285716,Low
CUST02008,5,18333.84,3666.768,0,10,4.0,Low
CUST02009,9,5489.54,609.9488888888889,0,10,1.1111111111111112,Low
CUST02010,4,70919.35,17729.8375,0,10,2.5,Low
CUST02011,11,7709.15,700.8318181818181,0,0,0.0,Low
CUST02012,10,62073.62,6207.362,0,10,2.0,Low
CUST02013,8,6191.030000000001,773.8787500000001,0,0,0.0,Low
CUST02014,8,130211.08,16276.385,0,10,1.25,Low
CUST02015,13,17790.04,1368.4646153846154,0,10,1.5384615384615385,Low
CUST02016,6,61200.200000000004,10200.033333333335,0,10,3.3333333333333335,Low
CUST02017,11,548818.0,49892.545454545456,0,10,0.9090909090909091,Low
CUST02018,13,15960.77,1227.7515384615385,3,75,8.846153846153847,High
CUST02019,9,25976.79,2886.31,0,10,1.1111111111111112,Low
CUST02020,6,11752.970000000001,1958.8283333333336,0,10,5.0,Low
CUST02021,13,25079.22,1929.1707692307693,0,10,3.8461538461538463,Low
CUST02022,11,93272.12999999999,8479.284545454544,0,10,3.6363636363636362,Low
CUST02023,12,87439.46,7286.621666666667,1,10,1.6666666666666667,Low
CUST02024,10,1438.65,143.865,0,10,1.0,Low
CUST02025,12,69747.27,5812.2725,1,10,1.6666666666666667,Low
CUST02026,7,448790.87,64112.98142857143,0,30,7.142857142857143,Low
CUST02027,11,20644.52,1876.7745454545454,0,10,3.6363636363636362,Low
CUST02028,3,3809.42,1269.8066666666666,0,10,3.3333333333333335,Low
CUST02029,13,458822.78,35294.060000000005,0,10,6.153846153846154,Low
CUST02030,9,68611.53,7623.503333333333,0,10,2.2222222222222223,Low
CUST02031,12,11007.06,917.255,0,10,0.8333333333333334,Low
CUST02032,8,14829.55,1853.69375,0,10,2.5,Low
CUST02033,16,235288.57,14705.535625,0,10,2.5,Low
CUST02034,7,60677.59,8668.227142857142,1,10,1.4285714285714286,Low
CUST02035,10,12747.78,1274.778,0,10,2.0,Low
CUST02036,11,5780.63,525.5118181818182,0,10,2.727272727272727,Low
CUST02037,12,59548.240000000005,4962.3533333333335,1,20,5.0,Low
CUST02038,14,18915.25,1351.0892857142858,0,10,2.142857142857143,Low
CUST02039,11,2926.83,266.07545454545453,0,10,2.727272727272727,Low
CUST02040,12,4688.35,390.6958333333334,0,10,0.8333333333333334,Low
CUST02041,8,6531.87,816.48375,0,10,2.5,Low
CUST02042,10,39619.82,3961.982,2,20,5.0,Low
CUST02043,10,149439.41,14943.941,0,10,3.0,Low
CUST02044,18,12050.66,669.4811111111111,2,30,5.555555555555555,Low
CUST02045,9,23456.61,2606.29,0,10,3.3333333333333335,Low
CUST02046,5,11878.39,2375.678,0,10,2.0,Low
CUST02047,12,19260.96,1605.08,0,10,0.8333333333333334,Low
CUST02048,8,28618.86,3577.3575,1,20,8.75,Low
CUST02049,16,29222.760000000002,1826.4225000000001,1,20,3.125,Low
CUST02050,11,18810.35,1710.0318181818182,1,15,3.1818181818181817,Low
CUST02051,10,9733.87,973.3870000000001,0,10,2.0,Low
CUST02052,7,966.46,138.06571428571428,0,10,2.857142857142857,Low
CUST02053,9,1601.08,177.89777777777778,0,10,3.3333333333333335,Low
CUST02054,12,4313.389999999999,359.4491666666666,0,10,1.6666666666666667,Low
CUST02055,9,13846.48,1538.4977777777776,0,10,3.3333333333333335,Low
CUST02056,9,177064.51,19673.834444444445,0,10,2.2222222222222223,Low
CUST02057,10,32716.43,3271.643,0,10,2.0,Low
CUST02058,11,12387.89,1126.171818181818,1,10,2.727272727272727,Low
CUST02059,9,94726.7,10525.188888888888,0,10,2.2222222222222223,Low
CUST02060,13,5898.72,453.7476923076923,0,10,1.5384615384615385,Low
CUST02061,15,33315.8,2221.0533333333337,4,75,9.666666666666666,High
CUST02062,10,22825.39,2282.5389999999998,0,10,3.0,Low
CUST02063,11,346180.6,31470.963636363635,0,10,1.8181818181818181,Low
CUST02064,11,93484.12,8498.556363636364,0,10,2.727272727272727,Low
CUST02065,5,186315.13,37263.026,1,10,6.0,Low
CUST02066,13,203630.86,15663.912307692306,0,10,3.8461538461538463,Low
CUST02067,9,25755.8,2861.7555555555555,0,10,4.444444444444445,Low
CUST02068,5,5551.38,1110.276,0,10,2.0,Low
CUST02069,8,755.54,94.4425,0,10,1.25,Low
CUST02070,10,181864.45,18186.445,0,10,3.0,Low
CUST02071,13,21670.16,1666.9353846153847,0,10,1.5384615384615385,Low
CUST02072,7,2358.67,336.95285714285717,0,10,2.857142857142857,Low
CUST02073,8,138785.7,17348.2125,0,10,5.0,Low
CUST02074,5,13095.72,2619.144,0,10,2.0,Low
CUST02075,7,85409.78,12201.397142857142,0,10,4.285714285714286,Low
CUST02076,8,46296.1,5787.0125,0,10,1.25,Low
CUST02077,13,21675.989999999998,1667.383846153846,0,10,0.7692307692307693,Low
CUST02078,8,122724.66,15340.5825,0,10,1.25,Low
CUST02079,12,44773.3,3731.1083333333336,0,10,0.8333333333333334,Low
CUST02080,8,1937.24,242.155,1,20,3.75,Low
CUST02081,12,27319.46,2276.6216666666664,3,85,15.416666666666666,High
CUST02082,9,61864.37,6873.818888888889,1,10,2.2222222222222223,Low
CUST02083,6,74573.98999999999,12428.998333333331,0,10,3.3333333333333335,Low
CUST02084,12,7940.33,661.6941666666667,1,30,3.3333333333333335,Low
CUST02085,9,114935.06,12770.562222222223,0,10,2.2222222222222223,Low
CUST02086,13,5647.71,434.4392307692308,0,10,4.615384615384615,Low
CUST02087,12,12544.02,1045.335,0,10,2.5,Low
CUST02088,11,196341.73,17849.248181818184,0,10,1.8181818181818181,Low
CUST02089,5,57503.44,11500.688,1,15,3.0,Low
CUST02090,9,13216.22,1468.4688888888888,0,10,4.444444444444445,Low
CUST02091,13,36917.29,2839.7915384615385,0,10,2.3076923076923075,Low
CUST02092,12,2862.3399999999997,238.5283333333333,0,10,4.166666666666667,Low
CUST02093,8,104016.15,13002.01875,0,10,5.0,Low
CUST02094,12,22711.77,1892.6475,0,10,1.6666666666666667,Low
CUST02095,12,40712.92,3392.7433333333333,0,10,2.5,Low
CUST02096,10,9780.359999999999,978.0359999999998,0,10,1.0,Low
CUST02097,9,4379.26,486.58444444444444,2,20,3.888888888888889,Low
CUST02098,14,10427.41,744.8149999999999,0,10,3.5714285714285716,Low
CUST02099,15,29510.03,1967.3353333333332,0,10,2.6666666666666665,Low
CUST02100,6,93580.05,15596.675000000001,0,10,1.6666666666666667,Low
CUST02101,11,12730.5,1157.3181818181818,0,10,1.8181818181818181,Low
CUST02102,8,9901.85,1237.73125,1,30,7.5,Low
CUST02103,13,147157.16999999998,11319.782307692307,0,10,0.7692307692307693,Low
CUST02104,6,266463.13,44410.52166666667,0,20,6.666666666666667,Low
CUST02105,10,4123.73,412.37299999999993,1,10,5.0,Low
CUST02106,6,2448.26,408.04333333333335,0,0,0.0,Low
CUST02107,9,4108.01,456.4455555555556,0,10,1.1111111111111112,Low
CUST02108,13,2758.92,212.2246153846154,0,0,0.0,Low
CUST02109,14,374789.81,26770.700714285715,0,30,3.5714285714285716,Low
CUST02110,4,38839.61,9709.9025,0,10,2.5,Low
CUST02111,17,1115417.66,65612.80352941176,1,20,2.3529411764705883,Low
CUST02112,14,3140.83,224.345,0,10,0.7142857142857143,Low
CUST02113,16,3165.26,197.82875,0,10,2.5,Low
CUST02114,16,73250.42,4578.15125,5,75,10.9375,High
CUST02115,12,54813.409999999996,4567.784166666666,1,10,1.6666666666666667,Low
CUST02116,10,29172.22,2917.222,0,10,4.0,Low
CUST02117,13,105659.06,8127.62,1,10,1.5384615384615385,Low
CUST02118,13,73639.37,5664.566923076923,0,10,3.8461538461538463,Low
CUST02119,6,1813.2,302.2,0,10,3.3333333333333335,Low
CUST02120,11,5097.76,463.4327272727273,0,10,1.8181818181818181,Low
CUST02121,11,15676.09,1425.0990909090908,0,10,2.727272727272727,Low
CUST02122,7,7919.71,1131.3871428571429,0,10,1.4285714285714286,Low
CUST02123,8,27042.68,3380.335,0,10,3.75,Low
CUST02124,11,22029.47,2002.679090909091,1,10,2.727272727272727,Low
CUST02125,14,25307.12,1807.6514285714286,1,20,2.142857142857143,Low
CUST02126,13,187130.07,14394.620769230769,0,10,0.7692307692307693,Low
CUST02127,6,53689.06,8948.176666666666,1,10,5.0,Low
CUST02128,12,17552.19,1462.6825,0,10,1.6666666666666667,Low
CUST02129,18,209220.39,11623.355000000001,1,10,5.555555555555555,Low
CUST02130,17,17117.33,1006.9017647058824,1,20,1.7647058823529411,Low
CUST02131,6,9288.65,1548.1083333333333,0,10,1.6666666666666667,Low
CUST02132,6,8263.67,1377.2783333333334,0,10,3.3333333333333335,Low
CUST02133,10,315793.89,31579.389000000003,0,20,3.0,Low
CUST02134,9,64683.909999999996,7187.101111111111,0,10,3.3333333333333335,Low
CUST02135,13,68338.82,5256.832307692308,0,10,0.7692307692307693,Low
CUST02136,10,17433.18,1743.318,1,30,4.0,Low
CUST02137,19,66464.34,3498.123157894737,2,10,2.6315789473684212,Low
CUST02138,8,32729.98,4091.2475,0,10,2.5,Low
CUST02139,5,1749.74,349.948,0,10,2.0,Low
CUST02140,6,53186.630000000005,8864.438333333334,0,10,3.3333333333333335,Low
CUST02141,6,105602.91,17600.485,0,10,1.6666666666666667,Low
CUST02142,11,369392.05,33581.09545454545,0,10,1.8181818181818181,Low
CUST02143,10,35503.85,3550.3849999999998,0,10,3.0,Low
CUST02144,10,32240.94,3224.094,0,10,1.0,Low
CUST02145,6,115814.91,19302.485,0,10,3.3333333333333335,Low
CUST02146,11,5309.85,482.7136363636364,0,10,3.6363636363636362,Low
CUST02147,8,3034.42,379.3025,0,10,1.25,Low
CUST02148,15,210103.22,14006.881333333333,0,10,3.3333333333333335,Low
CUST02149,10,25789.49,2578.949,1,25,5.5,Low
CUST02150,4,18928.86,4732.215,0,10,2.5,Low
CUST02151,8,2867.88,358.485,0,10,2.5,Low
CUST02152,11,7896.68,717.88,0,10,4.545454545454546,Low
CUST02153,11,18080.4,1643.6727272727273,0,10,1.8181818181818181,Low
CUST02154,8,18640.989999999998,2330.1237499999997,0,0,0.0,Low
CUST02155,14,4239.4,302.8142857142857,0,10,5.0,Low
CUST02156,6,8093.84,1348.9733333333334,0,10,3.3333333333333335,Low
CUST02157,11,10622.49,965.680909090909,0,10,2.727272727272727,Low
CUST02158,10,20530.010000000002,2053.001,0,10,1.0,Low
CUST02159,16,26022.43,1626.401875,0,10,3.125,Low
CUST02160,8,14861.79,1857.72375,0,10,1.25,Low
CUST02161,7,10910.8,1558.685714285714,1,10,4.285714285714286,Low
CUST02162,10,14561.83,1456.183,1,20,6.0,Low
CUST02163,11,5800.7,527.3363636363637,0,10,4.545454545454546,Low
CUST02164,8,20856.35,2607.04375,0,10,2.5,Low
CUST02165,13,6690.71,514.67,1,30,5.384615384615385,Low
CUST02166,10,213477.87,21347.787,0,20,6.0,Low
CUST02167,8,147035.48,18379.435,1,10,1.25,Low
CUST02168,7,7421.6900000000005,1060.2414285714287,0,10,2.857142857142857,Low
CUST02169,9,10691.41,1187.9344444444444,0,10,2.2222222222222223,Low
CUST02170,11,45428.509999999995,4129.864545454545,0,10,1.8181818181818181,Low
CUST02171,9,19565.16,2173.9066666666668,0,10,2.2222222222222223,Low
CUST02172,9,1999.22,222.13555555555556,0,10,1.1111111111111112,Low
CUST02173,12,3654.59,304.5491666666667,0,10,3.3333333333333335,Low
CUST02174,12,29173.54,2431.1283333333336,0,10,1.6666666666666667,Low
CUST02175,16,41833.65,2614.603125,0,10,2.5,Low
CUST02176,15,382397.74,25493.182666666668,0,10,2.6666666666666665,Low
CUST02177,8,11641.64,1455.205,1,20,3.75,Low
CUST02178,11,28100.0,2554.5454545454545,0,10,2.727272727272727,Low
CUST02179,13,36447.41,2803.6469230769235,0,10,0.7692307692307693,Low
CUST02180,8,1855.73,231.96625,0,10,2.5,Low
CUST02181,9,23205.22,2578.3577777777778,0,10,1.1111111111111112,Low
CUST02182,9,23883.239999999998,2653.693333333333,0,10,1.1111111111111112,Low
CUST02183,6,39417.44,6569.573333333334,0,10,5.0,Low
CUST02184,16,10303.130000000001,643.9456250000001,1,20,3.125,Low
CUST02185,10,9508.539999999999,950.8539999999999,0,10,2.0,Low
CUST02186,13,52564.29,4043.4069230769232,2,25,5.0,Low
CUST02187,11,252364.43,22942.22090909091,0,10,0.9090909090909091,Low
CUST02188,12,337775.6,28147.966666666664,1,30,4.166666666666667,Low
CUST02189,9,49239.24,5471.026666666667,0,10,3.3333333333333335,Low
CUST02190,11,126943.78,11540.343636363636,0,10,0.9090909090909091,Low
CUST02191,6,19797.5,3299.5833333333335,0,0,0.0,Low
CUST02192,12,23894.47,1991.2058333333334,0,10,5.0,Low
CUST02193,10,15180.15,1518.0149999999999,1,20,4.0,Low
CUST02194,9,6165.23,685.0255555555555,0,10,4.444444444444445,Low
CUST02195,14,67591.17,4827.940714285714,0,10,2.857142857142857,Low
CUST02196,10,13817.970000000001,1381.797,0,10,2.0,Low
CUST02197,9,60483.509999999995,6720.389999999999,0,0,0.0,Low
CUST02198,7,1482.58,211.79714285714286,1,20,7.142857142857143,Low
CUST02199,14,10212.68,729.4771428571429,0,10,4.285714285714286,Low
CUST02200,11,106416.64,9674.24,0,10,2.727272727272727,Low
CUST02201,16,11282.550000000001,705.1593750000001,1,20,4.375,Low
CUST02202,13,1382.8899999999999,106.37615384615384,0,10,3.8461538461538463,Low
CUST02203,13,24201.32,1861.6399999999999,0,10,3.8461538461538463,Low
CUST02204,11,24825.809999999998,2256.891818181818,3,75,14.090909090909092,High
CUST02205,11,246046.01,22367.81909090909,0,20,4.545454545454546,Low
CUST02206,11,61331.92,5575.62909090909,0,10,3.6363636363636362,Low
CUST02207,15,68038.0,4535.866666666667,1,10,3.3333333333333335,Low
CUST02208,14,27788.760000000002,1984.9114285714288,0,10,3.5714285714285716,Low
CUST02209,10,47878.6,4787.86,0,10,2.0,Low
CUST02210,9,10788.41,1198.7122222222222,0,10,4.444444444444445,Low
CUST02211,13,409415.85,31493.526923076923,0,10,1.5384615384615385,Low
CUST02212,14,12042.92,860.2085714285714,0,10,1.4285714285714286,Low
CUST02213,11,393508.25,35773.47727272727,0,20,2.727272727272727,Low
CUST02214,8,2168.08,271.01,0,10,1.25,Low
CUST02215,9,88059.79,9784.42111111111,0,10,1.1111111111111112,Low
CUST02216,8,17905.2,2238.15,0,10,2.5,Low
CUST02217,12,61576.53,5131.3775,1,10,3.3333333333333335,Low
CUST02218,7,7642.2,1091.742857142857,1,20,7.142857142857143,Low
CUST02219,8,17360.190000000002,2170.0237500000003,0,10,1.25,Low
CUST02220,11,15392.85,1399.3500000000001,0,10,0.9090909090909091,Low
CUST02221,10,10345.99,1034.599,0,10,2.0,Low
CUST02222,10,16659.88,1665.988,0,10,2.0,Low
CUST02223,14,6977.23,498.3735714285714,0,10,1.4285714285714286,Low
CUST02224,8,7310.84,913.855,0,10,3.75,Low
CUST02225,12,19780.4,1648.3666666666668,0,10,3.3333333333333335,Low
CUST02226,7,3643.9900000000002,520.57,0,10,1.4285714285714286,Low
CUST02227,6,6534.370000000001,1089.0616666666667,2,20,5.833333333333333,Low
CUST02228,12,4802.03,400.1691666666666,0,10,3.3333333333333335,Low
CUST02229,11,209810.63,19073.693636363638,0,10,0.9090909090909091,Low
CUST02230,10,2219.03,221.90300000000002,0,10,5.0,Low
CUST02231,8,426701.27,53337.65875,0,0,0.0,Low
CUST02232,8,9074.45,1134.30625,0,10,2.5,Low
CUST02233,12,1419.81,118.3175,0,10,3.3333333333333335,Low
CUST02234,8,186566.99,23320.87375,0,10,1.25,Low
CUST02235,15,230953.34,15396.889333333333,2,20,4.333333333333333,Low
CUST02236,10,81834.01,8183.401,1,10,3.0,Low
CUST02237,12,325929.78,27160.815000000002,0,10,3.3333333333333335,Low
CUST02238,8,11139.68,1392.46,0,10,2.5,Low
CUST02239,8,65194.770000000004,8149.3462500000005,1,10,6.25,Low
CUST02240,11,38602.869999999995,3509.3518181818176,0,10,0.9090909090909091,Low
CUST02241,8,1910.0300000000002,238.75375000000003,0,10,1.25,Low
CUST02242,10,4977.57,497.75699999999995,0,10,3.0,Low
CUST02243,7,42297.29,6042.47,0,10,4.285714285714286,Low
CUST02244,9,14231.33,1581.2588888888888,0,10,3.3333333333333335,Low
CUST02245,9,146317.33000000002,16257.481111111112,0,10,2.2222222222222223,Low
CUST02246,10,12724.189999999999,1272.4189999999999,0,10,3.0,Low
CUST02247,10,6183.32,618.332,3,85,15.5,High
CUST02248,8,111494.12000000001,13936.765000000001,0,10,3.75,Low
CUST02249,13,14139.23,1087.633076923077,0,10,1.5384615384615385,Low
CUST02250,8,132841.64,16605.205,0,10,5.0,Low
CUST02251,7,41417.79,5916.827142857143,0,10,4.285714285714286,Low
CUST02252,11,53052.46,4822.950909090909,1,0,0.0,Low
CUST02253,5,70554.24,14110.848000000002,2,20,4.0,Low
CUST02254,12,17160.899999999998,1430.0749999999998,0,10,1.6666666666666667,Low
CUST02255,7,414363.75,59194.82142857143,0,20,4.285714285714286,Low
CUST02256,10,17598.7,1759.8700000000001,0,10,5.0,Low
CUST02257,11,14009.29,1273.5718181818183,3,75,12.272727272727273,High
CUST02258,12,97921.93,8160.160833333332,0,10,0.8333333333333334,Low
CUST02259,12,22506.9,1875.575,0,10,3.3333333333333335,Low
CUST02260,9,13020.51,1446.7233333333334,0,0,0.0,Low
CUST02261,18,333867.36,18548.186666666665,0,10,1.6666666666666667,Low
CUST02262,10,406166.57,40616.657,0,20,5.0,Low
CUST02263,9,17032.93,1892.5477777777778,0,10,1.1111111111111112,Low
CUST02264,9,24054.390000000003,2672.7100000000005,0,10,4.444444444444445,Low
CUST02265,8,1900.1,237.5125,0,10,2.5,Low
CUST02266,17,60086.54,3534.5023529411765,0,10,2.9411764705882355,Low
CUST02267,17,72874.72,4286.748235294118,1,10,2.3529411764705883,Low
CUST02268,11,15113.33,1373.939090909091,1,10,2.727272727272727,Low
CUST02269,10,62430.62,6243.062,1,10,3.0,Low
CUST02270,9,15351.45,1705.7166666666667,0,10,4.444444444444445,Low
CUST02271,11,13350.630000000001,1213.6936363636364,0,10,0.9090909090909091,Low
CUST02272,11,11475.96,1043.269090909091,0,10,2.727272727272727,Low
CUST02273,10,202819.99,20281.999,0,10,5.0,Low
CUST02274,9,155064.01,17229.334444444445,0,10,3.3333333333333335,Low
CUST02275,17,3819.33,224.66647058823528,0,10,1.7647058823529411,Low
CUST02276,12,3839.13,319.9275,0,10,0.8333333333333334,Low
CUST02277,11,9825.66,893.2418181818182,0,10,2.727272727272727,Low
CUST02278,16,10468.93,654.308125,1,10,4.375,Low
CUST02279,6,16958.690000000002,2826.4483333333337,0,10,5.0,Low
CUST02280,10,1940.17,194.017,0,10,4.0,Low
CUST02281,9,10477.43,1164.158888888889,0,10,4.444444444444445,Low
CUST02282,14,225275.25,16091.089285714286,1,20,5.0,Low
CUST02283,17,7708.32,453.4305882352941,0,10,1.7647058823529411,Low
CUST02284,12,46399.41,3866.6175000000003,0,10,2.5,Low
CUST02285,13,17746.83,1365.1407692307694,0,10,2.3076923076923075,Low
CUST02286,8,1966.19,245.77375,1,30,6.25,Low
CUST02287,9,1662.6399999999999,184.73777777777775,0,10,2.2222222222222223,Low
CUST02288,11,12622.04,1147.4581818181819,0,10,4.545454545454546,Low
CUST02289,8,42456.119999999995,5307.014999999999,0,10,3.75,Low
CUST02290,12,311441.08,25953.423333333336,1,30,4.166666666666667,Low
CUST02291,12,9963.970000000001,830.3308333333334,0,10,1.6666666666666667,Low
CUST02292,11,53082.16,4825.650909090909,0,10,6.363636363636363,Low
CUST02293,9,31036.06,3448.4511111111115,0,10,3.3333333333333335,Low
CUST02294,17,64689.38,3805.2576470588233,0,10,0.5882352941176471,Low
CUST02295,11,3488.98,317.18,1,20,3.6363636363636362,Low
CUST02296,14,7340.88,524.3485714285714,0,0,0.0,Low
CUST02297,6,11164.460000000001,1860.7433333333336,0,10,1.6666666666666667,Low
CUST02298,6,5994.0,999.0,0,10,1.6666666666666667,Low
CUST02299,10,22727.81,2272.781,0,10,3.0,Low
CUST02300,11,19847.87,1804.351818181818,0,10,2.727272727272727,Low
CUST02301,14,18009.34,1286.3814285714286,0,10,2.857142857142857,Low
CUST02302,9,19376.65,2152.961111111111,0,10,4.444444444444445,Low
CUST02303,16,291169.37,18198.085625,0,10,3.75,Low
CUST02304,7,5313.7699999999995,759.1099999999999,0,0,0.0,Low
CUST02305,6,2018.68,336.44666666666666,1,25,7.5,Low
CUST02306,9,16464.12,1829.3466666666666,0,10,2.2222222222222223,Low
CUST02307,14,81864.78,5847.484285714286,0,10,6.428571428571429,Low
CUST02308,8,122351.1,15293.8875,0,10,2.5,Low
CUST02309,10,12516.470000000001,1251.6470000000002,0,10,3.0,Low
CUST02310,10,20642.0,2064.2,0,10,4.0,Low
CUST02311,9,19554.54,2172.726666666667,0,10,2.2222222222222223,Low
CUST02312,15,9472.89,631.526,0,10,3.3333333333333335,Low
CUST02313,5,2179.96,435.992,0,10,2.0,Low
CUST02314,12,19046.09,1587.1741666666667,0,10,2.5,Low
CUST02315,7,4163.599999999999,594.8,0,10,4.285714285714286,Low
CUST02316,7,42633.6,6090.5142857142855,0,10,1.4285714285714286,Low
CUST02317,8,87903.3,10987.9125,0,10,3.75,Low
CUST02318,13,64734.18,4979.552307692307,4,20,5.384615384615385,Low
CUST02319,10,57758.799999999996,5775.879999999999,1,10,3.0,Low
CUST02320,2,11076.23,5538.115,0,0,0.0,Low
CUST02321,5,3488.32,697.664,0,10,6.0,Low
CUST02322,9,21117.2,2346.355555555556,0,10,1.1111111111111112,Low
CUST02323,8,40819.85,5102.48125,0,10,1.25,Low
CUST02324,11,7225.55,656.8681818181818,0,10,0.9090909090909091,Low
CUST02325,9,11906.54,1322.948888888889,0,10,5.555555555555555,Low
CUST02326,16,29141.58,1821.34875,0,10,3.125,Low
CUST02327,8,64789.93,8098.74125,0,10,1.25,Low
CUST02328,12,345005.53,28750.460833333334,1,10,2.5,Low
CUST02329,13,37031.27,2848.5592307692305,1,10,3.8461538461538463,Low
CUST02330,8,8219.17,1027.39625,0,0,0.0,Low
CUST02331,12,16386.11,1365.5091666666667,0,10,0.8333333333333334,Low
CUST02332,10,5511.02,551.1020000000001,0,10,6.0,Low
CUST02333,15,866335.4400000001,57755.696,0,30,4.666666666666667,Low
CUST02334,13,2223.37,171.02846153846153,0,10,2.3076923076923075,Low
CUST02335,8,6121.76,765.22,1,10,3.75,Low
CUST02336,9,178830.4,19870.044444444444,0,10,2.2222222222222223,Low
CUST02337,8,10387.64,1298.455,0,10,3.75,Low
CUST02338,9,11062.64,1229.1822222222222,0,10,1.1111111111111112,Low
CUST02339,12,3950.7799999999997,329.2316666666666,0,10,1.6666666666666667,Low
CUST02340,10,16933.05,1693.3049999999998,0,10,3.0,Low
CUST02341,16,139388.13,8711.758125,1,10,3.75,Low
CUST02342,8,49034.4,6129.3,2,30,7.5,Low
CUST02343,10,115223.1,11522.310000000001,0,10,2.0,Low
CUST02344,9,117861.47,13095.718888888889,0,10,2.2222222222222223,Low
CUST02345,9,22552.64,2505.8488888888887,0,10,1.1111111111111112,Low
CUST02346,7,82968.88,11852.697142857143,0,10,4.285714285714286,Low
CUST02347,17,32139.79,1890.5758823529413,0,10,1.1764705882352942,Low
CUST02348,6,3675.92,612.6533333333333,0,10,1.6666666666666667,Low
CUST02349,9,11790.13,1310.0144444444443,0,10,1.1111111111111112,Low
CUST02350,12,16273.35,1356.1125,0,10,4.166666666666667,Low
CUST02351,8,4437.67,554.70875,0,10,3.75,Low
CUST02352,12,538518.8099999999,44876.5675,0,10,2.5,Low
CUST02353,9,4158.0599999999995,462.0066666666666,0,10,1.1111111111111112,Low
CUST02354,10,23806.120000000003,2380.612,0,10,1.0,Low
CUST02355,15,215844.62,14389.641333333333,0,10,4.0,Low
CUST02356,5,11460.47,2292.094,0,10,2.0,Low
CUST02357,6,1532.09,255.34833333333333,0,0,0.0,Low
CUST02358,8,1091.6100000000001,136.45125000000002,0,10,3.75,Low
CUST02359,10,32800.6,3280.06,0,10,3.0,Low
CUST02360,9,43749.14,4861.015555555556,0,0,0.0,Low
CUST02361,7,37758.3,5394.042857142857,0,10,2.857142857142857,Low
CUST02362,8,107249.01000000001,13406.126250000001,0,10,3.75,Low
CUST02363,10,18414.48,1841.4479999999999,0,10,4.0,Low
CUST02364,8,191372.69,23921.58625,0,10,2.5,Low
CUST02365,13,13305.98,1023.536923076923,0,0,0.0,Low
CUST02366,11,51911.55,4719.231818181818,0,10,2.727272727272727,Low
CUST02367,8,87525.37999999999,10940.672499999999,0,10,5.0,Low
CUST02368,12,17899.12,1491.5933333333332,0,10,1.6666666666666667,Low
CUST02369,12,8143.0,678.5833333333334,1,10,2.5,Low
CUST02370,8,64855.229999999996,8106.9037499999995,0,0,0.0,Low
CUST02371,13,10592.74,814.8261538461538,1,30,4.615384615384615,Low
CUST02372,16,7955.48,497.2175,0,10,1.25,Low
CUST02373,6,5895.21,982.535,0,0,0.0,Low
CUST02374,10,14968.65,1496.865,0,10,4.0,Low
CUST02375,6,85124.03,14187.338333333333,0,10,3.3333333333333335,Low
CUST02376,5,50412.23,10082.446,0,10,4.0,Low
CUST02377,7,6313.15,901.8785714285714,1,10,8.571428571428571,Low
CUST02378,12,98158.71,8179.892500000001,0,10,0.8333333333333334,Low
CUST02379,9,7157.6,795.2888888888889,0,10,3.3333333333333335,Low
CUST02380,8,6973.96,871.745,0,10,2.5,Low
CUST02381,9,4510.25,501.1388888888889,0,10,2.2222222222222223,Low
CUST02382,11,52629.22,4784.4745454545455,0,10,2.727272727272727,Low
CUST02383,13,1009858.6,77681.43076923076,2,30,5.384615384615385,Low
CUST02384,8,12210.55,1526.31875,1,30,5.0,Low
CUST02385,12,204767.43,17063.9525,2,10,5.0,Low
CUST02386,10,74341.27,7434.127,0,10,3.0,Low
CUST02387,12,3918.44,326.5366666666667,0,10,0.8333333333333334,Low
CUST02388,10,53373.18,5337.318,1,10,1.0,Low
CUST02389,15,11287.41,752.494,1,20,4.666666666666667,Low
CUST02390,14,7540.24,538.5885714285714,0,10,1.4285714285714286,Low
CUST02391,12,201494.11,16791.17583333333,0,10,2.5,Low
CUST02392,9,131436.75,14604.083333333334,0,10,4.444444444444445,Low
CUST02393,10,117542.27,11754.227,1,15,3.5,Low
CUST02394,14,20809.04,1486.3600000000001,0,10,3.5714285714285716,Low
CUST02395,12,4996.35,416.3625,0,10,2.5,Low
CUST02396,6,6405.9400000000005,1067.6566666666668,1,20,3.3333333333333335,Low
CUST02397,16,39021.22,2438.82625,0,10,3.125,Low
CUST02398,7,17668.1,2524.0142857142855,0,10,2.857142857142857,Low
CUST02399,7,11160.109999999999,1594.3014285714285,0,10,1.4285714285714286,Low
CUST02400,7,6514.06,930.58,1,10,1.4285714285714286,Low
CUST02401,16,42466.79,2654.174375,0,10,3.125,Low
CUST02402,13,28279.13,2175.3176923076926,0,10,3.076923076923077,Low
CUST02403,13,844535.81,64964.29307692308,1,20,5.384615384615385,Low
CUST02404,10,176190.51,17619.051,1,20,4.0,Low
CUST02405,8,579296.04,72412.005,0,30,3.75,Low
CUST02406,10,30035.47,3003.547,0,10,2.0,Low
CUST02407,11,40123.869999999995,3647.624545454545,1,20,2.727272727272727,Low
CUST02408,11,37915.57,3446.87,0,10,3.6363636363636362,Low
CUST02409,8,13929.31,1741.16375,0,10,2.5,Low
CUST02410,14,21081.99,1505.8564285714288,0,10,1.4285714285714286,Low
CUST02411,9,285688.0,31743.11111111111,0,10,3.3333333333333335,Low
CUST02412,9,68541.01,7615.667777777777,0,10,5.555555555555555,Low
CUST02413,11,8936.869999999999,812.4427272727272,0,10,0.9090909090909091,Low
CUST02414,8,2655.9,331.9875,0,10,3.75,Low
CUST02415,9,9788.92,1087.6577777777777,0,0,0.0,Low
CUST02416,16,211912.18,13244.51125,0,10,3.125,Low
CUST02417,8,32233.11,4029.13875,2,20,9.375,Low
CUST02418,15,147733.05,9848.869999999999,0,10,4.0,Low
CUST02419,4,8291.37,2072.8425,0,10,5.0,Low
CUST02420,10,7363.28,736.328,0,10,1.0,Low
CUST02421,7,16868.8,2409.828571428571,0,10,1.4285714285714286,Low
CUST02422,11,196965.5,17905.954545454544,0,10,2.727272727272727,Low
CUST02423,10,88905.47,8890.547,0,10,1.0,Low
CUST02424,8,64735.82,8091.9775,0,10,3.75,Low
CUST02425,8,144636.56,18079.57,1,20,5.0,Low
CUST02426,6,82335.1,13722.516666666668,0,10,5.0,Low
CUST02427,15,7007.47,467.1646666666667,3,85,12.333333333333334,High
CUST02428,9,6041.63,671.2922222222222,0,10,3.3333333333333335,Low
CUST02429,13,232678.41,17898.33923076923,2,10,3.076923076923077,Low
CUST02430,10,38012.13,3801.2129999999997,0,10,6.0,Low
CUST02431,13,24111.66,1854.7430769230768,1,10,2.3076923076923075,Low
CUST02432,11,330184.29,30016.753636363635,0,10,2.727272727272727,Low
CUST02433,13,45605.85,3508.1423076923074,0,10,2.3076923076923075,Low
CUST02434,13,98782.09,7598.622307692307,1,10,3.076923076923077,Low
CUST02435,4,2079.75,519.9375,0,10,2.5,Low
CUST02436,12,27173.06,2264.4216666666666,0,10,3.3333333333333335,Low
CUST02437,17,10541.06,620.0623529411764,0,10,2.3529411764705883,Low
CUST02438,11,10848.7,986.2454545454547,0,10,2.727272727272727,Low
CUST02439,11,10260.710000000001,932.7918181818183,0,10,1.8181818181818181,Low
CUST02440,12,8885.19,740.4325,0,10,1.6666666666666667,Low
CUST02441,7,8272.87,1181.8385714285716,0,10,5.714285714285714,Low
CUST02442,8,2256.82,282.1025,0,10,2.5,Low
CUST02443,7,46946.69,6706.67,1,30,8.571428571428571,Low
CUST02444,10,25109.27,2510.927,0,10,1.0,Low
CUST02445,15,72258.39,4817.226,1,10,1.3333333333333333,Low
CUST02446,9,190533.81,21170.423333333332,0,10,3.3333333333333335,Low
CUST02447,15,35888.71,2392.5806666666667,0,10,2.0,Low
CUST02448,10,137809.03,13780.903,2,30,10.0,Low
CUST02449,12,43314.729999999996,3609.560833333333,0,10,2.5,Low
CUST02450,6,22785.379999999997,3797.563333333333,0,10,1.6666666666666667,Low
CUST02451,11,43319.43,3938.13,0,10,1.8181818181818181,Low
CUST02452,7,1724.12,246.30285714285714,0,10,2.857142857142857,Low
CUST02453,9,18185.62,2020.6244444444444,0,10,2.2222222222222223,Low
CUST02454,10,56361.53,5636.153,0,10,3.0,Low
CUST02455,12,20635.32,1719.61,0,10,0.8333333333333334,Low
CUST02456,9,38099.77,4233.307777777777,0,10,4.444444444444445,Low
CUST02457,8,35177.43,4397.17875,0,10,5.0,Low
CUST02458,12,15426.82,1285.5683333333334,0,10,1.6666666666666667,Low
CUST02459,12,223581.41,18631.784166666668,0,10,5.0,Low
CUST02460,17,10506.539999999999,618.0317647058823,0,10,1.7647058823529411,Low
CUST02461,12,47695.68,3974.64,1,20,4.166666666666667,Low
CUST02462,10,2983.95,298.395,0,10,5.0,Low
CUST02463,10,434621.05,43462.104999999996,1,20,4.0,Low
CUST02464,12,7279.89,606.6575,0,10,1.6666666666666667,Low
CUST02465,8,11943.58,1492.9475,0,10,2.5,Low
CUST02466,9,23387.12,2598.568888888889,0,10,3.3333333333333335,Low
CUST02467,13,96481.96,7421.6892307692315,0,10,1.5384615384615385,Low
CUST02468,12,18799.93,1566.6608333333334,1,20,5.0,Low
CUST02469,10,237501.71,23750.171,0,10,4.0,Low
CUST02470,9,1349.23,149.91444444444446,0,10,1.1111111111111112,Low
CUST02471,10,79900.96,7990.0960000000005,2,10,1.0,Low
CUST02472,11,6765.83,615.0754545454546,0,10,2.727272727272727,Low
CUST02473,14,11617.65,829.8321428571428,1,20,3.5714285714285716,Low
CUST02474,17,20806.29,1223.899411764706,0,10,2.3529411764705883,Low
CUST02475,8,66802.88,8350.36,0,10,1.25,Low
CUST02476,13,77897.25,5992.096153846154,0,10,3.8461538461538463,Low
CUST02477,8,173682.44,21710.305,1,30,5.0,Low
CUST02478,7,86028.38,12289.768571428573,1,20,4.285714285714286,Low
CUST02479,8,11178.58,1397.3225,0,10,1.25,Low
CUST02480,10,103298.44,10329.844000000001,0,10,2.0,Low
CUST02481,13,22459.39,1727.6453846153845,0,10,1.5384615384615385,Low
CUST02482,4,100764.44,25191.11,0,10,2.5,Low
CUST02483,7,33564.94,4794.9914285714285,0,0,0.0,Low
CUST02484,14,16002.32,1143.0228571428572,0,10,4.285714285714286,Low
CUST02485,11,32259.03,2932.639090909091,0,10,2.727272727272727,Low
CUST02486,5,2001.44,400.288,0,0,0.0,Low
CUST02487,6,5366.900000000001,894.4833333333335,0,10,3.3333333333333335,Low
CUST02488,10,49366.200000000004,4936.620000000001,1,30,4.0,Low
CUST02489,15,36897.38,2459.825333333333,0,10,2.6666666666666665,Low
CUST02490,10,381724.74,38172.474,0,10,2.0,Low
CUST02491,6,38335.67,6389.278333333333,0,10,3.3333333333333335,Low
CUST02492,6,12409.470000000001,2068.2450000000003,0,10,3.3333333333333335,Low
CUST02493,9,226366.38,25151.82,0,20,4.444444444444445,Low
CUST02494,6,43423.72,7237.286666666667,0,10,3.3333333333333335,Low
CUST02495,14,166356.98,11882.641428571429,0,10,2.857142857142857,Low
CUST02496,12,15476.38,1289.6983333333333,0,10,1.6666666666666667,Low
CUST02497,9,10867.95,1207.5500000000002,0,10,3.3333333333333335,Low
CUST02498,12,20809.41,1734.1175,0,10,2.5,Low
CUST02499,5,2839.15,567.83,0,10,4.0,Low
CUST02500,14,86168.23,6154.873571428571,0,10,0.7142857142857143,Low
CUST02501,10,73406.26,7340.625999999999,0,0,0.0,Low
CUST02502,8,39580.47,4947.55875,0,10,1.25,Low
CUST02503,17,92840.1,5461.182352941177,0,10,4.117647058823529,Low
CUST02504,11,27789.77,2526.342727272727,0,0,0.0,Low
CUST02505,10,7385.38,738.538,0,10,1.0,Low
CUST02506,15,4122.43,274.82866666666666,0,10,3.3333333333333335,Low
CUST02507,10,762306.37,76230.637,0,30,9.0,Low
CUST02508,16,109576.35,6848.521875,0,10,3.75,Low
CUST02509,10,39080.58,3908.058,5,75,15.5,High
CUST02510,8,6571.98,821.4975,0,10,2.5,Low
CUST02511,11,20187.92,1835.2654545454543,0,10,3.6363636363636362,Low
CUST02512,10,20830.81,2083.081,1,10,4.0,Low
CUST02513,6,78535.55,13089.258333333333,0,10,1.6666666666666667,Low
CUST02514,15,16162.75,1077.5166666666667,0,10,3.3333333333333335,Low
CUST02515,15,8868.74,591.2493333333333,0,10,0.6666666666666666,Low
CUST02516,8,9236.31,1154.53875,0,10,3.75,Low
CUST02517,6,92205.57,15367.595000000001,0,10,3.3333333333333335,Low
CUST02518,13,69209.15000000001,5323.78076923077,1,10,2.3076923076923075,Low
CUST02519,3,3940.2300000000005,1313.41,0,0,0.0,Low
CUST02520,8,10321.37,1290.17125,0,10,2.5,Low
CUST02521,8,14943.880000000001,1867.9850000000001,0,10,3.75,Low
CUST02522,8,15507.93,1938.49125,0,10,3.75,Low
CUST02523,13,120976.68,9305.898461538462,3,75,12.692307692307692,High
CUST02524,6,78868.43,13144.738333333333,0,10,1.6666666666666667,Low
CUST02525,11,263442.07,23949.27909090909,0,10,0.9090909090909091,Low
CUST02526,15,49432.659999999996,3295.5106666666666,0,10,4.666666666666667,Low
CUST02527,15,7022.81,468.18733333333336,0,10,1.3333333333333333,Low
CUST02528,13,224578.13,17275.240769230768,3,75,11.153846153846153,High
CUST02529,9,35441.9,3937.988888888889,1,30,4.444444444444445,Low
CUST02530,6,11017.519999999999,1836.253333333333,0,10,1.6666666666666667,Low
CUST02531,6,14491.029999999999,2415.1716666666666,0,10,3.3333333333333335,Low
CUST02532,11,23226.37,2111.4881818181816,0,10,2.727272727272727,Low
CUST02533,10,156536.61000000002,15653.661000000002,0,10,5.0,Low
CUST02534,17,43826.24,2578.014117647059,0,10,1.7647058823529411,Low
CUST02535,9,9807.289999999999,1089.6988888888889,0,0,0.0,Low
CUST02536,7,4588.43,655.49,0,10,1.4285714285714286,Low
CUST02537,12,12241.09,1020.0908333333333,0,10,3.3333333333333335,Low
CUST02538,6,1480.6799999999998,246.77999999999997,0,10,1.6666666666666667,Low
CUST02539,10,35858.3,3585.8300000000004,0,10,2.0,Low
CUST02540,15,52332.64,3488.8426666666664,0,10,3.3333333333333335,Low
CUST02541,6,9423.7,1570.6166666666668,0,0,0.0,Low
CUST02542,12,16889.75,1407.4791666666667,0,10,3.3333333333333335,Low
CUST02543,20,355956.52,17797.826,0,10,2.5,Low
CUST02544,9,14786.380000000001,1642.9311111111112,0,10,2.2222222222222223,Low
CUST02545,5,3135.81,627.162,0,10,2.0,Low
CUST02546,15,75226.36,5015.090666666667,1,20,3.3333333333333335,Low
CUST02547,8,12552.38,1569.0475,0,10,1.25,Low
CUST02548,9,30482.0,3386.8888888888887,0,10,3.3333333333333335,Low
CUST02549,8,237377.34,29672.1675,0,20,5.0,Low
CUST02550,12,11897.73,991.4775,1,20,4.166666666666667,Low
CUST02551,11,15930.439999999999,1448.221818181818,1,10,0.9090909090909091,Low
CUST02552,18,3043.35,169.075,0,10,1.1111111111111112,Low
CUST02553,12,11323.23,943.6025,0,10,5.0,Low
CUST02554,11,241929.85,21993.622727272726,2,30,5.0,Low
CUST02555,5,168313.69,33662.738,0,10,4.0,Low
CUST02556,9,8965.21,996.1344444444444,0,10,2.2222222222222223,Low
CUST02557,10,52342.5,5234.25,0,10,2.0,Low
CUST02558,12,63408.69,5284.0575,0,10,2.5,Low
CUST02559,11,391702.41,35609.31,1,30,7.2727272727272725,Low
CUST02560,12,25788.91,2149.0758333333333,0,10,1.6666666666666667,Low
CUST02561,15,91855.75,6123.716666666666,1,10,2.0,Low
CUST02562,9,406149.74,45127.74888888889,0,20,5.555555555555555,Low
CUST02563,12,15267.23,1272.2691666666667,0,10,0.8333333333333334,Low
CUST02564,12,19825.02,1652.085,1,10,5.0,Low
CUST02565,10,1865.23,186.523,0,10,3.0,Low
CUST02566,9,33553.41,3728.156666666667,0,10,2.2222222222222223,Low
CUST02567,9,129308.48,14367.608888888888,0,10,2.2222222222222223,Low
CUST02568,9,16035.82,1781.7577777777778,0,10,1.1111111111111112,Low
CUST02569,9,17613.43,1957.0477777777778,0,10,3.3333333333333335,Low
CUST02570,12,9213.42,767.785,0,10,2.5,Low
CUST02571,19,367311.68,19332.193684210524,0,10,2.1052631578947367,Low
CUST02572,7,37889.87,5412.838571428571,0,10,1.4285714285714286,Low
CUST02573,9,2514.85,279.42777777777775,1,30,4.444444444444445,Low
CUST02574,8,56164.29,7020.53625,0,10,1.25,Low
CUST02575,17,71814.70999999999,4224.394705882352,0,10,2.3529411764705883,Low
CUST02576,11,75298.97,6845.360909090909,2,20,3.6363636363636362,Low
CUST02577,12,17675.43,1472.9525,0,10,3.3333333333333335,Low
CUST02578,14,141998.80000000002,10142.77142857143,0,10,2.142857142857143,Low
CUST02579,11,11937.47,1085.2245454545455,0,10,1.8181818181818181,Low
CUST02580,9,20898.12,2322.0133333333333,0,10,3.3333333333333335,Low
CUST02581,13,15289.79,1176.1376923076923,0,10,4.615384615384615,Low
CUST02582,8,1706.68,213.335,0,10,1.25,Low
CUST02583,12,91749.93,7645.827499999999,0,0,0.0,Low
CUST02584,6,3393.96,565.66,0,0,0.0,Low
CUST02585,13,268764.98,20674.22923076923,1,10,3.8461538461538463,Low
CUST02586,7,19066.93,2723.847142857143,0,10,2.857142857142857,Low
CUST02587,14,90496.34,6464.024285714286,0,10,1.4285714285714286,Low
CUST02588,13,25268.41,1943.7238461538461,0,10,4.615384615384615,Low
CUST02589,9,24654.51,2739.39,3,85,16.11111111111111,High
CUST02590,12,11848.22,987.3516666666666,0,10,2.5,Low
CUST02591,13,21955.56,1688.8892307692308,0,10,1.5384615384615385,Low
CUST02592,13,33157.24,2550.556923076923,0,10,2.3076923076923075,Low
CUST02593,7,55024.59,7860.655714285714,1,10,4.285714285714286,Low
CUST02594,11,10426.94,947.9036363636365,0,10,1.8181818181818181,Low
CUST02595,8,249182.51,31147.81375,3,75,16.875,High
CUST02596,13,7929.42,609.9553846153847,0,10,3.8461538461538463,Low
CUST02597,10,17317.09,1731.709,2,10,4.0,Low
CUST02598,11,29252.35,2659.3045454545454,1,10,3.6363636363636362,Low
CUST02599,8,33092.840000000004,4136.6050000000005,0,10,2.5,Low
CUST02600,5,70987.65,14197.529999999999,0,10,4.0,Low
CUST02601,12,5900.74,491.7283333333333,0,10,0.8333333333333334,Low
CUST02602,8,5274.0199999999995,659.2524999999999,0,10,5.0,Low
CUST02603,7,24963.22,3566.174285714286,0,10,2.857142857142857,Low
CUST02604,12,6522.29,543.5241666666667,1,10,2.5,Low
CUST02605,6,1424.94,237.49,1,20,8.333333333333334,Low
CUST02606,11,8056.49,732.4081818181818,0,10,2.727272727272727,Low
CUST02607,7,14060.59,2008.6557142857143,0,10,4.285714285714286,Low
CUST02608,7,97548.87,13935.552857142857,0,0,0.0,Low
CUST02609,11,30492.73,2772.066363636364,0,10,6.363636363636363,Low
CUST02610,9,9295.51,1032.8344444444444,0,0,0.0,Low
CUST02611,7,11072.28,1581.7542857142857,0,10,1.4285714285714286,Low
CUST02612,7,44123.15,6303.307142857143,0,10,4.285714285714286,Low
CUST02613,11,33081.42,3007.401818181818,0,10,1.8181818181818181,Low
CUST02614,14,89654.13,6403.8664285714285,0,0,0.0,Low
CUST02615,13,5669.8,436.13846153846157,0,10,3.8461538461538463,Low
CUST02616,11,17713.48,1610.3163636363636,0,10,0.9090909090909091,Low
CUST02617,9,7624.31,847.1455555555556,0,10,2.2222222222222223,Low
CUST02618,14,387763.55,27697.39642857143,1,25,6.071428571428571,Low
CUST02619,12,13752.64,1146.0533333333333,0,10,4.166666666666667,Low
CUST02620,8,11353.939999999999,1419.2424999999998,0,10,3.75,Low
CUST02621,9,36890.990000000005,4098.998888888889,0,10,3.3333333333333335,Low
CUST02622,9,5729.2,636.5777777777778,0,10,4.444444444444445,Low
CUST02623,13,13156.880000000001,1012.0676923076924,0,10,3.076923076923077,Low
CUST02624,5,2450.49,490.09799999999996,0,10,2.0,Low
CUST02625,10,244076.65,24407.665,0,10,3.0,Low
CUST02626,15,56951.619999999995,3796.7746666666662,1,30,5.333333333333333,Low
CUST02627,7,3399.7999999999997,485.68571428571425,0,10,2.857142857142857,Low
CUST02628,10,1265.97,126.59700000000001,0,10,2.0,Low
CUST02629,17,36533.3,2149.0176470588235,0,10,1.1764705882352942,Low
CUST02630,7,210249.49000000002,30035.64142857143,0,10,4.285714285714286,Low
CUST02631,11,38444.27,3494.933636363636,0,10,0.9090909090909091,Low
CUST02632,12,13399.74,1116.645,0,10,3.3333333333333335,Low
CUST02633,10,8582.75,858.275,0,10,1.0,Low
CUST02634,12,12445.7,1037.1416666666667,0,10,2.5,Low
CUST02635,16,58350.21,3646.888125,0,10,0.625,Low
CUST02636,4,3508.16,877.04,0,10,2.5,Low
CUST02637,12,451042.34,37586.86166666667,3,75,11.25,High
CUST02638,3,41889.55,13963.183333333334,0,0,0.0,Low
CUST02639,8,30544.59,3818.07375,0,10,3.75,Low
CUST02640,10,58296.049999999996,5829.605,0,10,3.0,Low
CUST02641,8,288632.05,36079.00625,0,10,1.25,Low
CUST02642,15,6259.0,417.26666666666665,1,25,4.333333333333333,Low
CUST02643,14,27844.14,1988.8671428571429,1,20,4.285714285714286,Low
CUST02644,7,6510.73,930.1042857142857,0,10,1.4285714285714286,Low
CUST02645,10,239423.29,23942.329,0,30,4.0,Low
CUST02646,7,13101.46,1871.6371428571426,0,10,1.4285714285714286,Low
CUST02647,7,120722.44,17246.062857142857,0,10,2.857142857142857,Low
CUST02648,10,52237.369999999995,5223.736999999999,0,10,5.0,Low
CUST02649,18,508392.16,28244.008888888886,0,20,2.7777777777777777,Low
CUST02650,7,49426.630000000005,7060.947142857143,0,10,4.285714285714286,Low
CUST02651,10,228360.7,22836.07,0,10,4.0,Low
CUST02652,11,88582.53,8052.9572727272725,4,75,12.272727272727273,High
CUST02653,10,12935.39,1293.539,1,20,5.0,Low
CUST02654,14,12215.4,872.5285714285714,1,10,0.7142857142857143,Low
CUST02655,10,21674.78,2167.478,0,10,2.0,Low
CUST02656,8,9762.85,1220.35625,0,10,1.25,Low
CUST02657,5,25247.28,5049.456,0,10,2.0,Low
CUST02658,7,3140.59,448.6557142857143,0,10,2.857142857142857,Low
CUST02659,12,142369.51,11864.125833333334,1,10,0.8333333333333334,Low
CUST02660,12,359910.48000000004,29992.540000000005,0,10,3.3333333333333335,Low
CUST02661,10,3097.44,309.744,0,10,3.0,Low
CUST02662,6,27936.08,4656.013333333333,0,10,1.6666666666666667,Low
CUST02663,11,23766.41,2160.5827272727274,1,30,5.454545454545454,Low
CUST02664,17,19364.3,1139.0764705882352,1,25,3.235294117647059,Low
CUST02665,7,53432.64,7633.234285714286,0,10,2.857142857142857,Low
CUST02666,15,6015.6,401.04,0,10,0.6666666666666666,Low
CUST02667,10,51430.34,5143.034,0,10,2.0,Low
CUST02668,8,3821.93,477.74125,0,0,0.0,Low
CUST02669,12,67050.76,5587.563333333333,0,10,3.3333333333333335,Low
CUST02670,8,30091.04,3761.38,0,10,1.25,Low
CUST02671,12,18170.600000000002,1514.216666666667,0,10,2.5,Low
CUST02672,9,23210.870000000003,2578.985555555556,0,10,1.1111111111111112,Low
CUST02673,7,2938.57,419.7957142857143,0,10,4.285714285714286,Low
CUST02674,9,11364.710000000001,1262.7455555555557,0,10,2.2222222222222223,Low
CUST02675,9,4490.28,498.91999999999996,0,10,2.2222222222222223,Low
CUST02676,11,32527.81,2957.0736363636365,0,10,4.545454545454546,Low
CUST02677,11,12555.630000000001,1141.4209090909092,0,10,3.6363636363636362,Low
CUST02678,15,1909.72,127.31466666666667,0,10,2.0,Low
CUST02679,11,21839.77,1985.4336363636364,0,10,0.9090909090909091,Low
CUST02680,11,9087.75,826.1590909090909,0,10,2.727272727272727,Low
CUST02681,11,57448.89,5222.626363636364,0,10,3.6363636363636362,Low
CUST02682,8,4583.64,572.955,0,0,0.0,Low
CUST02683,15,110471.59,7364.772666666667,1,10,2.6666666666666665,Low
CUST02684,12,273586.89,22798.9075,0,10,2.5,Low
CUST02685,14,19655.98,1403.9985714285715,0,10,0.7142857142857143,Low
CUST02686,14,257022.69,18358.76357142857,1,30,3.5714285714285716,Low
CUST02687,9,260454.52000000002,28939.391111111112,0,10,5.555555555555555,Low
CUST02688,10,9203.5,920.35,0,10,3.0,Low
CUST02689,9,193328.99,21480.998888888887,0,10,2.2222222222222223,Low
CUST02690,8,4345.6,543.2,1,25,3.125,Low
CUST02691,13,5855.14,450.3953846153846,0,10,3.8461538461538463,Low
CUST02692,9,58548.369999999995,6505.374444444444,0,10,4.444444444444445,Low
CUST02693,9,3980.51,442.2788888888889,0,10,2.2222222222222223,Low
CUST02694,9,2395.97,266.21888888888884,0,10,1.1111111111111112,Low
CUST02695,6,122651.71,20441.951666666668,0,10,1.6666666666666667,Low
CUST02696,13,26023.09,2001.7761538461539,1,10,3.076923076923077,Low
CUST02697,9,42146.229999999996,4682.914444444444,0,10,3.3333333333333335,Low
CUST02698,17,284714.56,16747.915294117647,0,30,2.9411764705882355,Low
CUST02699,7,7770.13,1110.0185714285715,0,10,2.857142857142857,Low
CUST02700,6,18383.53,3063.9216666666666,0,10,1.6666666666666667,Low
CUST02701,12,55902.32,4658.526666666667,0,10,3.3333333333333335,Low
CUST02702,12,118124.23999999999,9843.686666666666,0,10,2.5,Low
CUST02703,8,14194.76,1774.345,0,0,0.0,Low
CUST02704,10,8551.29,855.1290000000001,1,15,5.5,Low
CUST02705,12,372758.41000000003,31063.200833333336,0,20,2.5,Low
CUST02706,14,10505.34,750.3814285714286,1,10,1.4285714285714286,Low
CUST02707,14,59851.31,4275.0935714285715,0,10,2.142857142857143,Low
CUST02708,16,373078.01,23317.375625,0,10,3.125,Low
CUST02709,6,8673.14,1445.5233333333333,0,10,1.6666666666666667,Low
CUST02710,5,13689.02,2737.804,0,10,2.0,Low
CUST02711,8,12864.65,1608.08125,0,10,1.25,Low
CUST02712,15,39397.47,2626.498,0,10,2.6666666666666665,Low
CUST02713,15,61108.25,4073.883333333333,0,10,4.666666666666667,Low
CUST02714,11,49479.03,4498.0936363636365,0,10,0.9090909090909091,Low
CUST02715,10,29199.6,2919.96,0,10,3.0,Low
CUST02716,10,6300.79,630.079,1,10,4.0,Low
CUST02717,8,299896.9,37487.1125,0,10,1.25,Low
CUST02718,11,61360.47,5578.2245454545455,0,10,2.727272727272727,Low
CUST02719,10,15399.69,1539.969,0,10,3.0,Low
CUST02720,7,353541.44999999995,50505.92142857142,0,30,4.285714285714286,Low
CUST02721,8,81342.35,10167.79375,0,0,0.0,Low
CUST02722,8,8981.07,1122.63375,0,10,3.75,Low
CUST02723,13,1644.6,126.5076923076923,0,10,3.076923076923077,Low
CUST02724,4,10049.27,2512.3175,0,0,0.0,Low
CUST02725,9,104481.33,11609.036666666667,0,10,2.2222222222222223,Low
CUST02726,6,33006.02,5501.003333333333,0,10,3.3333333333333335,Low
CUST02727,9,5865.52,651.7244444444445,0,10,4.444444444444445,Low
CUST02728,7,4437.09,633.87,0,10,1.4285714285714286,Low
CUST02729,13,40440.33,3110.7946153846156,0,10,0.7692307692307693,Low
CUST02730,10,10477.82,1047.782,0,10,1.0,Low
CUST02731,7,5038.78,719.8257142857143,1,20,5.714285714285714,Low
CUST02732,8,7346.7699999999995,918.3462499999999,0,0,0.0,Low
CUST02733,7,8438.380000000001,1205.4828571428573,0,10,4.285714285714286,Low
CUST02734,9,53280.9,5920.1,1,10,1.1111111111111112,Low
CUST02735,16,33649.45,2103.090625,0,10,1.25,Low
CUST02736,7,30085.58,4297.9400000000005,0,10,2.857142857142857,Low
CUST02737,14,11343.33,810.2378571428571,0,10,2.857142857142857,Low
CUST02738,9,224095.79,24899.532222222224,1,10,3.3333333333333335,Low
CUST02739,10,169863.96,16986.396,0,10,1.0,Low
CUST02740,14,10104.09,721.7207142857143,1,20,2.857142857142857,Low
CUST02741,13,166864.24,12835.710769230769,1,10,4.615384615384615,Low
CUST02742,11,45368.94,4124.449090909091,0,10,0.9090909090909091,Low
CUST02743,11,2673.19,243.01727272727274,0,10,2.727272727272727,Low
CUST02744,12,47929.46,3994.1216666666664,0,10,1.6666666666666667,Low
CUST02745,7,114270.64000000001,16324.377142857145,0,10,7.142857142857143,Low
CUST02746,8,11321.86,1415.2325,0,10,2.5,Low
CUST02747,10,11906.0,1190.6,0,10,4.0,Low
CUST02748,7,40301.78,5757.397142857143,0,10,4.285714285714286,Low
CUST02749,11,4712.45,428.4045454545454,0,10,1.8181818181818181,Low
CUST02750,9,4476.23,497.3588888888888,0,10,1.1111111111111112,Low
CUST02751,9,19452.87,2161.43,0,10,4.444444444444445,Low
CUST02752,9,125100.04999999999,13900.005555555554,0,10,2.2222222222222223,Low
CUST02753,12,77575.95,6464.662499999999,0,10,0.8333333333333334,Low
CUST02754,11,326448.06,29677.096363636363,0,0,0.0,Low
CUST02755,11,12092.23,1099.2936363636363,0,10,3.6363636363636362,Low
CUST02756,12,13437.24,1119.77,0,10,2.5,Low
CUST02757,9,43598.25,4844.25,0,10,3.3333333333333335,Low
CUST02758,9,12101.18,1344.5755555555556,0,10,1.1111111111111112,Low
CUST02759,14,84037.66,6002.6900000000005,0,10,2.857142857142857,Low
CUST02760,12,14741.49,1228.4575,0,10,2.5,Low
CUST02761,9,461004.97000000003,51222.77444444445,0,20,4.444444444444445,Low
CUST02762,6,30701.21,5116.868333333333,0,10,1.6666666666666667,Low
CUST02763,10,93258.39,9325.839,0,10,4.0,Low
CUST02764,8,3001.71,375.21375,1,20,3.75,Low
CUST02765,18,219529.29,12196.071666666667,1,10,1.1111111111111112,Low
CUST02766,12,31808.41,2650.7008333333333,0,10,4.166666666666667,Low
CUST02767,13,352834.16000000003,27141.089230769234,0,10,1.5384615384615385,Low
CUST02768,8,11201.2,1400.15,0,0,0.0,Low
CUST02769,7,4058.27,579.7528571428571,0,10,1.4285714285714286,Low
CUST02770,7,26633.91,3804.844285714286,0,10,2.857142857142857,Low
CUST02771,7,10144.79,1449.2557142857145,1,15,6.428571428571429,Low
CUST02772,13,12727.71,979.0546153846153,1,25,5.769230769230769,Low
CUST02773,12,114235.87,9519.655833333332,0,10,3.3333333333333335,Low
CUST02774,8,78302.04,9787.755,0,10,5.0,Low
CUST02775,6,9528.3,1588.05,0,10,3.3333333333333335,Low
CUST02776,11,22960.39,2087.3081818181818,0,10,3.6363636363636362,Low
CUST02777,12,9318.27,776.5225,0,10,3.3333333333333335,Low
CUST02778,18,32885.02,1826.9455555555553,2,20,3.888888888888889,Low
CUST02779,9,10698.3,1188.6999999999998,0,10,2.2222222222222223,Low
CUST02780,6,9189.82,1531.6366666666665,0,10,3.3333333333333335,Low
CUST02781,11,26535.15,2412.2863636363636,0,10,1.8181818181818181,Low
CUST02782,11,20497.01,1863.3645454545454,0,0,0.0,Low
CUST02783,16,20171.42,1260.71375,0,10,3.125,Low
CUST02784,3,8707.869999999999,2902.623333333333,1,30,13.333333333333334,Low
CUST02785,9,1673.78,185.97555555555556,0,10,3.3333333333333335,Low
CUST02786,13,75352.91,5796.377692307693,1,10,1.5384615384615385,Low
CUST02787,16,66617.24,4163.5775,1,20,2.5,Low
CUST02788,8,275373.14999999997,34421.643749999996,1,10,2.5,Low
CUST02789,11,14896.54,1354.230909090909,0,10,0.9090909090909091,Low
CUST02790,16,449729.83,28108.114375,1,20,2.5,Low
CUST02791,11,26047.12,2367.92,0,10,4.545454545454546,Low
CUST02792,6,26929.78,4488.296666666666,1,20,6.666666666666667,Low
CUST02793,9,36997.340000000004,4110.815555555556,0,10,3.3333333333333335,Low
CUST02794,10,5518.820000000001,551.8820000000001,0,10,4.0,Low
CUST02795,14,17474.32,1248.1657142857143,0,10,0.7142857142857143,Low
CUST02796,8,22720.62,2840.0775,0,10,1.25,Low
CUST02797,9,261999.62,29111.068888888887,0,30,6.666666666666667,Low
CUST02798,10,8130.84,813.0840000000001,0,10,3.0,Low
CUST02799,10,16940.17,1694.0169999999998,0,10,3.0,Low
CUST02800,15,25473.36,1698.224,0,10,2.6666666666666665,Low
CUST02801,5,17694.53,3538.906,0,10,2.0,Low
CUST02802,12,13632.38,1136.0316666666665,0,10,4.166666666666667,Low
CUST02803,16,835425.12,52214.07,1,10,2.5,Low
CUST02804,17,327146.14,19243.890588235296,0,10,1.7647058823529411,Low
CUST02805,7,73677.68,10525.382857142857,0,10,4.285714285714286,Low
CUST02806,8,3599.0800000000004,449.88500000000005,0,10,2.5,Low
CUST02807,14,10846.95,774.782142857143,0,10,1.4285714285714286,Low
CUST02808,10,53838.0,5383.8,1,10,2.0,Low
CUST02809,12,10007.16,833.93,0,10,2.5,Low
CUST02810,8,1619.6399999999999,202.45499999999998,0,10,2.5,Low
CUST02811,9,224318.81,24924.312222222223,0,10,1.1111111111111112,Low
CUST02812,13,5870.849999999999,451.6038461538461,0,10,0.7692307692307693,Low
CUST02813,8,32618.39,4077.29875,0,10,2.5,Low
CUST02814,6,24176.120000000003,4029.353333333334,0,10,1.6666666666666667,Low
CUST02815,14,9381.47,670.1049999999999,0,10,2.857142857142857,Low
CUST02816,7,151157.21,21593.88714285714,0,10,1.4285714285714286,Low
CUST02817,10,19757.64,1975.764,0,0,0.0,Low
CUST02818,16,399468.48,24966.78,0,10,0.625,Low
CUST02819,12,13103.720000000001,1091.9766666666667,0,10,1.6666666666666667,Low
CUST02820,8,65011.11,8126.38875,1,0,0.0,Low
CUST02821,5,25857.05,5171.41,0,10,2.0,Low
CUST02822,11,7985.1,725.9181818181819,0,10,2.727272727272727,Low
CUST02823,14,31690.98,2263.6414285714286,3,75,11.785714285714286,High
CUST02824,4,76207.65,19051.9125,0,10,2.5,Low
CUST02825,8,28616.37,3577.04625,0,10,3.75,Low
CUST02826,7,5531.24,790.1771428571428,1,10,4.285714285714286,Low
CUST02827,7,19242.62,2748.945714285714,0,10,2.857142857142857,Low
CUST02828,4,1679.46,419.865,0,10,2.5,Low
CUST02829,7,21788.65,3112.664285714286,0,10,4.285714285714286,Low
CUST02830,13,22982.91,1767.9161538461537,0,10,0.7692307692307693,Low
CUST02831,14,27083.25,1934.517857142857,2,30,7.857142857142857,Low
CUST02832,4,4799.67,1199.9175,0,10,2.5,Low
CUST02833,10,498556.09,49855.609000000004,0,10,4.0,Low
CUST02834,7,19402.199999999997,2771.742857142857,0,10,2.857142857142857,Low
CUST02835,10,117888.94,11788.894,1,30,3.0,Low
CUST02836,5,35587.37,7117.474,0,0,0.0,Low
CUST02837,4,1335.71,333.9275,0,10,5.0,Low
CUST02838,12,127330.71999999999,10610.893333333332,1,30,3.3333333333333335,Low
CUST02839,10,12298.720000000001,1229.872,0,10,1.0,Low
CUST02840,10,12122.41,1212.241,0,10,1.0,Low
CUST02841,5,67220.04,13444.007999999998,0,10,2.0,Low
CUST02842,8,1330.92,166.365,0,10,1.25,Low
CUST02843,9,73477.82,8164.202222222223,0,0,0.0,Low
CUST02844,10,25839.22,2583.922,0,10,2.0,Low
CUST02845,17,26521.81,1560.1064705882354,1,20,2.3529411764705883,Low
CUST02846,12,511106.05,42592.17083333333,0,0,0.0,Low
CUST02847,14,20888.05,1492.0035714285714,0,10,3.5714285714285716,Low
CUST02848,10,56860.29,5686.029,0,10,3.0,Low
CUST02849,14,30999.23,2214.2307142857144,0,10,2.142857142857143,Low
CUST02850,8,11972.81,1496.60125,0,10,5.0,Low
CUST02851,7,91885.72,13126.531428571428,3,85,23.571428571428573,High
CUST02852,8,126230.71,15778.83875,1,20,6.25,Low
CUST02853,12,279506.77,23292.230833333335,0,10,2.5,Low
CUST02854,8,9718.42,1214.8025,0,10,3.75,Low
CUST02855,7,8675.42,1239.3457142857144,0,0,0.0,Low
CUST02856,6,23585.92,3930.986666666666,0,10,5.0,Low
CUST02857,13,21101.51,1623.193076923077,0,10,2.3076923076923075,Low
CUST02858,7,16692.61,2384.6585714285716,0,0,0.0,Low
CUST02859,13,66798.85,5138.373076923077,0,10,5.384615384615385,Low
CUST02860,7,2246.91,320.9871428571428,1,20,4.285714285714286,Low
CUST02861,5,53072.17,10614.434,1,10,2.0,Low
CUST02862,8,31199.22,3899.9025,0,10,1.25,Low
CUST02863,8,30033.73,3754.21625,0,10,1.25,Low
CUST02864,12,7997.08,666.4233333333333,0,10,0.8333333333333334,Low
CUST02865,8,8095.18,1011.8975,0,10,3.75,Low
CUST02866,12,38322.25,3193.5208333333335,0,10,5.0,Low
CUST02867,14,25247.87,1803.4192857142857,0,10,1.4285714285714286,Low
CUST02868,6,9171.36,1528.5600000000002,0,10,5.0,Low
CUST02869,8,25234.99,3154.37375,0,10,3.75,Low
CUST02870,12,234292.67,19524.389166666668,3,30,5.833333333333333,Low
CUST02871,11,10134.51,921.319090909091,1,15,2.272727272727273,Low
CUST02872,8,6928.3,866.0375,0,10,1.25,Low
CUST02873,7,13917.86,1988.2657142857145,0,10,2.857142857142857,Low
CUST02874,11,11087.85,1007.9863636363636,0,10,1.8181818181818181,Low
CUST02875,9,17652.13,1961.347777777778,0,10,2.2222222222222223,Low
CUST02876,10,31481.91,3148.191,0,10,4.0,Low
CUST02877,11,80036.24,7276.021818181819,0,10,1.8181818181818181,Low
CUST02878,12,137888.13,11490.6775,1,10,3.3333333333333335,Low
CUST02879,7,6548.71,935.53,0,10,4.285714285714286,Low
CUST02880,13,75023.47,5771.036153846154,1,10,2.3076923076923075,Low
CUST02881,10,126243.15000000001,12624.315,0,10,5.0,Low
CUST02882,17,59207.67,3482.804117647059,1,10,1.7647058823529411,Low
CUST02883,13,8407.07,646.6976923076923,1,10,2.3076923076923075,Low
CUST02884,10,1258.35,125.835,0,10,2.0,Low
CUST02885,17,60703.17,3570.774705882353,4,75,9.117647058823529,High
CUST02886,14,16012.650000000001,1143.7607142857144,0,10,2.142857142857143,Low
CUST02887,13,1638.72,126.05538461538461,0,10,2.3076923076923075,Low
CUST02888,12,31114.43,2592.869166666667,0,10,2.5,Low
CUST02889,12,5211.87,434.3225,2,25,7.916666666666667,Low
CUST02890,13,63356.67,4873.59,1,10,3.8461538461538463,Low
CUST02891,9,1306.1200000000001,145.12444444444446,1,15,3.888888888888889,Low
CUST02892,16,30566.91,1910.431875,0,10,1.25,Low
CUST02893,7,351945.73,50277.96142857143,0,30,7.142857142857143,Low
CUST02894,11,23879.03,2170.820909090909,0,10,3.6363636363636362,Low
CUST02895,11,10400.11,945.4645454545455,0,10,1.8181818181818181,Low
CUST02896,7,8016.6900000000005,1145.2414285714287,1,10,1.4285714285714286,Low
CUST02897,11,134432.87,12221.17,0,0,0.0,Low
CUST02898,10,753484.25,75348.425,0,20,7.0,Low
CUST02899,10,307107.52,30710.752,0,10,3.0,Low
CUST02900,9,4872.28,541.3644444444444,0,10,1.1111111111111112,Low
CUST02901,8,6996.39,874.54875,1,10,3.75,Low
CUST02902,10,13477.24,1347.724,0,10,1.0,Low
CUST02903,7,8499.6,1214.2285714285715,0,0,0.0,Low
CUST02904,12,39263.89,3271.9908333333333,0,10,5.0,Low
CUST02905,8,45913.880000000005,5739.235000000001,0,10,5.0,Low
CUST02906,11,34449.77,3131.7972727272722,0,10,3.6363636363636362,Low
CUST02907,8,22118.91,2764.86375,0,0,0.0,Low
CUST02908,13,82961.94,6381.6876923076925,1,10,3.076923076923077,Low
CUST02909,8,11229.27,1403.65875,0,10,3.75,Low
CUST02910,11,7780.68,707.3345454545455,0,10,1.8181818181818181,Low
CUST02911,8,75009.76,9376.22,1,10,1.25,Low
CUST02912,8,338708.02,42338.5025,0,30,3.75,Low
CUST02913,12,3811.92,317.66,1,20,4.166666666666667,Low
CUST02914,14,8237.24,588.3742857142857,0,10,0.7142857142857143,Low
CUST02915,6,9351.54,1558.5900000000001,0,10,3.3333333333333335,Low
CUST02916,3,5169.96,1723.32,0,10,3.3333333333333335,Low
CUST02917,7,124770.58,17824.36857142857,0,10,2.857142857142857,Low
CUST02918,12,13019.050000000001,1084.9208333333333,0,10,2.5,Low
CUST02919,15,173387.01,11559.134,0,10,1.3333333333333333,Low
CUST02920,10,91157.06,9115.706,0,10,1.0,Low
CUST02921,7,12912.51,1844.6442857142858,0,10,4.285714285714286,Low
CUST02922,13,408217.53,31401.348461538462,0,10,3.076923076923077,Low
CUST02923,15,11758.8,783.92,5,75,11.0,High
CUST02924,13,7380.21,567.7084615384615,1,20,4.615384615384615,Low
CUST02925,13,96501.83,7423.217692307692,0,10,3.8461538461538463,Low
CUST02926,9,140068.31,15563.145555555555,0,10,1.1111111111111112,Low
CUST02927,11,90649.68000000001,8240.880000000001,0,10,0.9090909090909091,Low
CUST02928,10,338766.01,33876.601,0,10,4.0,Low
CUST02929,8,13097.96,1637.245,1,10,3.75,Low
CUST02930,11,358449.79,32586.344545454544,0,20,1.8181818181818181,Low
CUST02931,6,6522.13,1087.0216666666668,0,10,5.0,Low
CUST02932,7,29181.32,4168.76,0,10,2.857142857142857,Low
CUST02933,5,38434.899999999994,7686.979999999999,0,10,4.0,Low
CUST02934,6,113306.51000000001,18884.418333333335,1,10,3.3333333333333335,Low
CUST02935,9,5256.64,584.0711111111111,0,10,2.2222222222222223,Low
CUST02936,12,399261.78,33271.815,0,10,1.6666666666666667,Low
CUST02937,16,12960.35,810.021875,0,10,3.75,Low
CUST02938,9,18509.8,2056.644444444444,0,10,2.2222222222222223,Low
CUST02939,10,11452.43,1145.243,0,10,3.0,Low
CUST02940,5,66519.13,13303.826000000001,0,0,0.0,Low
CUST02941,9,78905.56,8767.284444444444,0,10,5.555555555555555,Low
CUST02942,11,64115.24,5828.658181818181,0,10,1.8181818181818181,Low
CUST02943,6,1237.81,206.30166666666665,1,10,3.3333333333333335,Low
CUST02944,7,1992.71,284.67285714285714,0,10,2.857142857142857,Low
CUST02945,10,20691.96,2069.196,0,10,2.0,Low
CUST02946,13,90361.48,6950.883076923076,1,20,2.3076923076923075,Low
CUST02947,7,9353.2,1336.1714285714286,0,10,4.285714285714286,Low
CUST02948,11,11777.01,1070.6372727272728,1,30,5.454545454545454,Low
CUST02949,14,56749.97,4053.569285714286,0,10,2.142857142857143,Low
CUST02950,11,22310.27,2028.2063636363637,0,10,1.8181818181818181,Low
CUST02951,13,20655.84,1588.9107692307693,0,10,1.5384615384615385,Low
CUST02952,10,21997.16,2199.716,0,10,2.0,Low
CUST02953,18,49434.42,2746.3566666666666,0,10,2.2222222222222223,Low
CUST02954,13,11493.08,884.0830769230769,0,10,0.7692307692307693,Low
CUST02955,12,4878.87,406.5725,0,10,4.166666666666667,Low
CUST02956,8,67178.26999999999,8397.283749999999,0,10,1.25,Low
CUST02957,14,53263.69,3804.549285714286,1,10,0.7142857142857143,Low
CUST02958,9,349779.5,38864.38888888889,1,10,3.3333333333333335,Low
CUST02959,10,24323.989999999998,2432.399,1,15,2.5,Low
CUST02960,12,151779.63,12648.3025,0,10,5.0,Low
CUST02961,12,160063.26,13338.605000000001,0,0,0.0,Low
CUST02962,12,52402.43,4366.869166666666,0,10,0.8333333333333334,Low
CUST02963,9,92098.39,10233.154444444444,0,10,1.1111111111111112,Low
CUST02964,4,13211.33,3302.8325,0,10,5.0,Low
CUST02965,11,64100.53,5827.320909090909,0,10,2.727272727272727,Low
CUST02966,10,23564.33,2356.433,2,20,7.0,Low
CUST02967,18,19370.53,1076.1405555555555,2,20,4.166666666666667,Low
CUST02968,14,3326.18,237.5842857142857,0,10,0.7142857142857143,Low
CUST02969,10,63933.66,6393.366,0,10,4.0,Low
CUST02970,10,12305.46,1230.5459999999998,0,10,6.0,Low
CUST02971,9,4025.8000000000006,447.3111111111112,0,10,2.2222222222222223,Low
CUST02972,11,59130.32,5375.483636363636,0,10,6.363636363636363,Low
CUST02973,12,222582.99,18548.5825,0,10,2.5,Low
CUST02974,10,14001.58,1400.158,0,10,3.0,Low
CUST02975,10,11019.81,1101.981,0,10,2.0,Low
CUST02976,9,253146.1,28127.344444444447,0,10,2.2222222222222223,Low
CUST02977,4,4466.25,1116.5625,1,25,8.75,Low
CUST02978,7,5103.44,729.0628571428571,0,10,4.285714285714286,Low
CUST02979,14,10878.38,777.0271428571428,0,10,2.857142857142857,Low
CUST02980,13,65032.61,5002.508461538461,1,10,1.5384615384615385,Low
CUST02981,8,16712.89,2089.11125,0,10,1.25,Low
CUST02982,10,6342.6900000000005,634.269,0,10,4.0,Low
CUST02983,9,17186.02,1909.5577777777778,0,10,4.444444444444445,Low
CUST02984,12,336280.77,28023.397500000003,0,20,5.0,Low
CUST02985,13,76750.31999999999,5903.870769230769,0,10,2.3076923076923075,Low
CUST02986,7,28318.82,4045.5457142857144,1,10,1.4285714285714286,Low
CUST02987,8,143512.07,17939.00875,0,10,3.75,Low
CUST02988,12,7587.86,632.3216666666666,0,10,2.5,Low
CUST02989,11,44970.31,4088.2099999999996,0,10,4.545454545454546,Low
CUST02990,12,152094.73,12674.560833333335,1,10,1.6666666666666667,Low
CUST02991,12,63810.71,5317.559166666667,2,30,4.166666666666667,Low
CUST02992,7,858.12,122.58857142857143,0,10,2.857142857142857,Low
CUST02993,7,5084.929999999999,726.4185714285713,0,10,1.4285714285714286,Low
CUST02994,11,12817.95,1165.2681818181818,0,10,1.8181818181818181,Low
CUST02995,9,10299.119999999999,1144.3466666666666,0,10,2.2222222222222223,Low
CUST02996,7,86286.95999999999,12326.70857142857,0,10,2.857142857142857,Low
CUST02997,13,33958.09,2612.160769230769,0,10,3.076923076923077,Low
CUST02998,8,25216.75,3152.09375,1,20,3.75,Low
CUST02999,12,29410.09,2450.840833333333,0,10,1.6666666666666667,Low
CUST03000,11,9329.74,848.1581818181818,1,15,3.1818181818181817,Low
CUST03001,9,164884.77,18320.53,0,10,1.1111111111111112,Low
CUST03002,7,5033.81,719.1157142857144,0,10,7.142857142857143,Low
CUST03003,12,9777.449999999999,814.7874999999999,0,10,4.166666666666667,Low
CUST03004,9,18929.329999999998,2103.2588888888886,0,10,4.444444444444445,Low
CUST03005,10,376941.54,37694.153999999995,1,20,3.0,Low
CUST03006,12,100855.97,8404.664166666667,3,75,12.083333333333334,High
CUST03007,15,38570.98,2571.398666666667,2,20,5.666666666666667,Low
CUST03008,7,14138.54,2019.7914285714287,0,10,1.4285714285714286,Low
CUST03009,11,207861.33,18896.484545454543,1,20,5.454545454545454,Low
CUST03010,8,4718.69,589.83625,0,10,2.5,Low
CUST03011,8,16752.07,2094.00875,0,10,1.25,Low
CUST03012,10,14417.79,1441.779,1,20,4.0,Low
CUST03013,8,9854.07,1231.75875,0,10,5.0,Low
CUST03014,10,1546.3799999999999,154.63799999999998,0,10,3.0,Low
CUST03015,12,25282.5,2106.875,0,10,2.5,Low
CUST03016,9,19783.02,2198.1133333333332,0,0,0.0,Low
CUST03017,14,207650.33,14832.166428571427,0,10,4.285714285714286,Low
CUST03018,14,24908.84,1779.202857142857,0,10,1.4285714285714286,Low
CUST03019,11,300267.6,27297.054545454543,0,10,3.6363636363636362,Low
CUST03020,12,59800.41,4983.3675,0,10,0.8333333333333334,Low
CUST03021,10,12503.21,1250.321,0,10,2.0,Low
CUST03022,7,15248.58,2178.3685714285716,0,10,2.857142857142857,Low
CUST03023,9,33044.44,3671.6044444444447,0,0,0.0,Low
CUST03024,13,17022.739999999998,1309.4415384615384,0,10,3.8461538461538463,Low
CUST03025,7,1625.7,232.24285714285716,0,10,2.857142857142857,Low
CUST03026,7,1041.71,148.81571428571428,0,10,5.714285714285714,Low
CUST03027,12,53465.56,4455.463333333333,3,85,13.75,High
CUST03028,14,71758.29000000001,5125.592142857144,3,75,10.357142857142858,High
CUST03029,8,219710.8,27463.85,0,20,5.0,Low
CUST03030,10,180633.12,18063.311999999998,1,20,5.0,Low
CUST03031,8,91015.82,11376.9775,1,10,6.25,Low
CUST03032,19,34710.59,1826.8731578947366,0,10,1.0526315789473684,Low
CUST03033,8,3867.8,483.475,0,0,0.0,Low
CUST03034,4,5084.15,1271.0375,0,0,0.0,Low
CUST03035,13,25229.440000000002,1940.726153846154,1,25,3.4615384615384617,Low
CUST03036,5,1076.21,215.24200000000002,1,20,4.0,Low
CUST03037,5,15913.4,3182.68,0,10,2.0,Low
CUST03038,16,23775.03,1485.939375,2,15,2.8125,Low
CUST03039,6,54476.84,9079.473333333333,0,10,1.6666666666666667,Low
CUST03040,10,402142.61000000004,40214.261000000006,0,30,7.0,Low
CUST03041,11,22831.17,2075.560909090909,0,10,4.545454545454546,Low
CUST03042,10,66909.35,6690.935,1,20,4.0,Low
CUST03043,10,3753.7000000000003,375.37,0,10,2.0,Low
CUST03044,10,23251.059999999998,2325.1059999999998,0,10,2.0,Low
CUST03045,13,20317.71,1562.9007692307691,0,10,1.5384615384615385,Low
CUST03046,10,44016.54,4401.654,0,10,3.0,Low
CUST03047,17,11726.52,689.7952941176471,0,10,1.7647058823529411,Low
CUST03048,16,76024.45,4751.528125,3,20,4.6875,Low
CUST03049,11,32850.67,2986.4245454545453,0,10,3.6363636363636362,Low
CUST03050,11,6544.719999999999,594.9745454545454,0,10,0.9090909090909091,Low
CUST03051,11,5597.78,508.8890909090909,0,10,1.8181818181818181,Low
CUST03052,6,10314.2,1719.0333333333335,0,0,0.0,Low
CUST03053,17,120873.25,7110.191176470588,0,10,1.7647058823529411,Low
CUST03054,8,8357.75,1044.71875,0,10,1.25,Low
CUST03055,9,127729.13,14192.125555555556,0,10,4.444444444444445,Low
CUST03056,7,13601.39,1943.0557142857142,0,10,2.857142857142857,Low
CUST03057,9,24822.47,2758.0522222222226,0,10,1.1111111111111112,Low
CUST03058,14,107620.38,7687.17,0,10,2.857142857142857,Low
CUST03059,8,12582.630000000001,1572.8287500000001,0,10,2.5,Low
CUST03060,9,63431.43000000001,7047.936666666667,1,10,1.1111111111111112,Low
CUST03061,8,41879.77,5234.97125,0,10,1.25,Low
CUST03062,12,4081.08,340.09,1,10,3.3333333333333335,Low
CUST03063,14,90071.38,6433.67,0,10,0.7142857142857143,Low
CUST03064,10,231872.32,23187.232,2,20,5.0,Low
CUST03065,10,13326.91,1332.691,0,10,3.0,Low
CUST03066,11,27058.7,2459.8818181818183,0,10,2.727272727272727,Low
CUST03067,12,21965.399999999998,1830.4499999999998,0,10,4.166666666666667,Low
CUST03068,10,201110.29,20111.029000000002,0,10,3.0,Low
CUST03069,13,247463.12,19035.624615384615,0,10,3.8461538461538463,Low
CUST03070,18,796530.79,44251.71055555556,1,30,5.0,Low
CUST03071,11,7613.11,692.1009090909091,0,10,2.727272727272727,Low
CUST03072,11,59689.86,5426.350909090909,0,0,0.0,Low
CUST03073,13,116070.20999999999,8928.477692307692,2,20,3.8461538461538463,Low
CUST03074,12,53262.729999999996,4438.560833333333,3,10,4.166666666666667,Low
CUST03075,11,21224.92,1929.5381818181816,0,10,3.6363636363636362,Low
CUST03076,17,65503.09,3853.1229411764702,0,10,2.9411764705882355,Low
CUST03077,7,40266.62,5752.374285714286,0,10,1.4285714285714286,Low
CUST03078,8,23259.8,2907.475,0,10,1.25,Low
CUST03079,18,42882.28,2382.3488888888887,0,10,3.888888888888889,Low
CUST03080,11,13920.52,1265.5018181818182,0,10,1.8181818181818181,Low
CUST03081,6,3533.09,588.8483333333334,0,10,1.6666666666666667,Low
CUST03082,5,38138.14,7627.628,1,30,12.0,Low
CUST03083,11,4386.16,398.7418181818182,1,20,2.727272727272727,Low
CUST03084,15,26500.94,1766.7293333333332,0,10,2.6666666666666665,Low
CUST03085,10,33675.22,3367.522,0,10,3.0,Low
CUST03086,5,34827.55,6965.51,0,10,2.0,Low
CUST03087,11,31976.71,2906.973636363636,0,10,0.9090909090909091,Low
CUST03088,9,8147.99,905.3322222222222,0,10,3.3333333333333335,Low
CUST03089,13,9282.16,714.0123076923077,1,20,3.076923076923077,Low
CUST03090,11,1615.92,146.9018181818182,0,10,0.9090909090909091,Low
CUST03091,7,16814.59,2402.0842857142857,1,15,5.0,Low
CUST03092,6,11429.810000000001,1904.9683333333335,0,10,5.0,Low
CUST03093,10,538223.26,53822.326,0,10,1.0,Low
CUST03094,13,24818.15,1909.0884615384616,0,10,3.8461538461538463,Low
CUST03095,14,132673.13,9476.652142857143,1,20,2.857142857142857,Low
CUST03096,7,10229.44,1461.3485714285714,0,0,0.0,Low
CUST03097,13,16271.58,1251.66,0,10,2.3076923076923075,Low
CUST03098,10,64677.94,6467.794,1,10,2.0,Low
CUST03099,18,163369.38999999998,9076.077222222222,1,10,2.2222222222222223,Low
CUST03100,11,58079.85,5279.986363636363,2,20,3.6363636363636362,Low
CUST03101,11,24254.52,2204.9563636363637,0,10,2.727272727272727,Low
CUST03102,8,9362.039999999999,1170.2549999999999,0,10,2.5,Low
CUST03103,12,17357.36,1446.4466666666667,0,10,2.5,Low
CUST03104,11,10905.8,991.4363636363636,2,20,5.454545454545454,Low
CUST03105,11,52775.17,4797.742727272727,1,10,0.9090909090909091,Low
CUST03106,8,5859.26,732.4075,1,25,5.625,Low
CUST03107,15,30755.13,2050.342,0,10,2.6666666666666665,Low
CUST03108,13,29669.14,2282.2415384615383,0,10,1.5384615384615385,Low
CUST03109,10,61013.12,6101.312,0,10,2.0,Low
CUST03110,9,116917.62,12990.846666666666,1,10,3.3333333333333335,Low
CUST03111,10,139838.16,13983.816,0,10,1.0,Low
CUST03112,10,5873.24,587.324,1,10,2.0,Low
CUST03113,11,4521.2300000000005,411.02090909090913,0,10,1.8181818181818181,Low
CUST03114,9,17941.3,1993.4777777777776,1,20,3.3333333333333335,Low
CUST03115,11,370893.87,33717.62454545454,0,10,2.727272727272727,Low
CUST03116,11,6121.98,556.5436363636363,0,10,0.9090909090909091,Low
CUST03117,10,56306.04,5630.604,0,10,2.0,Low
CUST03118,6,4275.73,712.6216666666666,0,0,0.0,Low
CUST03119,12,6642.94,553.5783333333333,1,20,3.3333333333333335,Low
CUST03120,16,9297.02,581.06375,0,10,3.125,Low
CUST03121,9,179537.34,19948.593333333334,0,10,3.3333333333333335,Low
CUST03122,12,4313.25,359.4375,0,10,2.5,Low
CUST03123,14,60722.5,4337.321428571428,0,10,2.142857142857143,Low
CUST03124,15,12861.41,857.4273333333333,0,10,2.6666666666666665,Low
CUST03125,13,214782.86,16521.758461538462,1,25,3.4615384615384617,Low
CUST03126,10,11693.26,1169.326,0,10,4.0,Low
CUST03127,9,56717.450000000004,6301.93888888889,0,10,3.3333333333333335,Low
CUST03128,11,83534.98,7594.08909090909,0,10,2.727272727272727,Low
CUST03129,10,13148.16,1314.816,0,0,0.0,Low
CUST03130,9,2089.09,232.12111111111113,0,10,4.444444444444445,Low
CUST03131,6,15994.41,2665.735,0,10,3.3333333333333335,Low
CUST03132,13,35382.24,2721.710769230769,1,30,4.615384615384615,Low
CUST03133,13,17168.45,1320.65,0,10,3.8461538461538463,Low
CUST03134,9,144616.44,16068.493333333334,0,10,2.2222222222222223,Low
CUST03135,13,77323.7,5947.9769230769225,0,10,2.3076923076923075,Low
CUST03136,5,4603.24,920.6479999999999,0,10,4.0,Low
CUST03137,12,14439.47,1203.2891666666667,0,10,1.6666666666666667,Low
CUST03138,7,16550.88,2364.4114285714286,0,10,4.285714285714286,Low
CUST03139,8,15757.39,1969.67375,0,10,1.25,Low
CUST03140,9,52186.89,5798.543333333333,1,10,1.1111111111111112,Low
CUST03141,13,8437.78,649.0600000000001,0,10,4.615384615384615,Low
CUST03142,15,20247.09,1349.806,0,10,2.6666666666666665,Low
CUST03143,12,17775.59,1481.2991666666667,0,10,2.5,Low
CUST03144,11,118613.28,10783.025454545454,1,20,4.545454545454546,Low
CUST03145,12,192236.02,16019.668333333333,0,10,4.166666666666667,Low
CUST03146,9,54049.69,6005.521111111111,2,20,5.555555555555555,Low
CUST03147,11,243590.32,22144.574545454547,0,10,1.8181818181818181,Low
CUST03148,8,106340.26999999999,13292.533749999999,0,10,5.0,Low
CUST03149,9,51289.18,5698.797777777778,1,10,1.1111111111111112,Low
CUST03150,10,3424.83,342.483,0,10,1.0,Low
CUST03151,10,2478.27,247.827,0,10,1.0,Low
CUST03152,11,17699.73,1609.0663636363636,1,10,2.727272727272727,Low
CUST03153,11,135052.21,12277.473636363635,4,75,14.090909090909092,High
CUST03154,7,26476.82,3782.402857142857,0,10,1.4285714285714286,Low
CUST03155,11,4583.49,416.6809090909091,0,10,2.727272727272727,Low
CUST03156,6,5766.610000000001,961.1016666666668,0,10,1.6666666666666667,Low
CUST03157,5,10284.93,2056.986,0,0,0.0,Low
CUST03158,17,3655.05,215.00294117647059,0,10,4.117647058823529,Low
CUST03159,13,19646.59,1511.2761538461539,0,10,0.7692307692307693,Low
CUST03160,7,4609.030000000001,658.4328571428572,0,10,2.857142857142857,Low
CUST03161,17,43595.66,2564.450588235294,1,10,3.5294117647058822,Low
CUST03162,8,20754.170000000002,2594.2712500000002,0,10,3.75,Low
CUST03163,15,245528.42,16368.561333333335,1,10,1.3333333333333333,Low
CUST03164,4,59192.03,14798.0075,0,10,5.0,Low
CUST03165,5,29125.36,5825.072,0,0,0.0,Low
CUST03166,10,11468.07,1146.807,1,10,4.0,Low
CUST03167,6,108945.4,18157.566666666666,0,0,0.0,Low
CUST03168,8,13893.849999999999,1736.7312499999998,0,10,1.25,Low
CUST03169,10,13436.23,1343.623,1,20,5.0,Low
CUST03170,6,11907.759999999998,1984.6266666666663,0,10,3.3333333333333335,Low
CUST03171,5,11707.94,2341.588,0,10,4.0,Low
CUST03172,5,306915.95,61383.19,0,20,4.0,Low
CUST03173,13,55747.37,4288.259230769231,0,10,1.5384615384615385,Low
CUST03174,8,20166.32,2520.79,0,10,3.75,Low
CUST03175,14,326090.66000000003,23292.190000000002,0,20,2.857142857142857,Low
CUST03176,11,2770.5,251.86363636363637,0,10,1.8181818181818181,Low
CUST03177,11,108954.64,9904.967272727272,0,10,1.8181818181818181,Low
CUST03178,13,208515.66,16039.666153846154,0,10,3.076923076923077,Low
CUST03179,7,16771.47,2395.924285714286,0,10,5.714285714285714,Low
CUST03180,10,232649.63,23264.963,0,20,3.0,Low
CUST03181,5,32932.36,6586.472,0,10,2.0,Low
CUST03182,12,18573.06,1547.755,0,10,3.3333333333333335,Low
CUST03183,14,32608.239999999998,2329.16,0,10,2.142857142857143,Low
CUST03184,7,113861.19,16265.884285714286,0,10,1.4285714285714286,Low
CUST03185,7,56742.85,8106.121428571429,1,10,1.4285714285714286,Low
CUST03186,10,7127.3099999999995,712.731,0,10,1.0,Low
CUST03187,6,70690.31,11781.718333333332,1,10,3.3333333333333335,Low
CUST03188,13,118463.46,9112.573846153846,6,85,20.0,High
CUST03189,7,31878.13,4554.018571428572,0,0,0.0,Low
CUST03190,10,26271.56,2627.156,0,10,4.0,Low
CUST03191,13,65202.47,5015.574615384616,0,10,1.5384615384615385,Low
CUST03192,10,4139.82,413.98199999999997,0,10,3.0,Low
CUST03193,9,14706.92,1634.1022222222223,0,10,4.444444444444445,Low
CUST03194,13,254032.6,19540.96923076923,2,20,3.076923076923077,Low
CUST03195,6,11014.2,1835.7,0,10,1.6666666666666667,Low
CUST03196,7,9814.32,1402.0457142857142,1,30,7.142857142857143,Low
CUST03197,9,121722.71,13524.745555555557,0,10,2.2222222222222223,Low
CUST03198,9,12234.45,1359.3833333333334,0,10,3.3333333333333335,Low
CUST03199,5,14364.54,2872.9080000000004,0,10,4.0,Low
CUST03200,9,185121.94,20569.104444444445,0,10,1.1111111111111112,Low
CUST03201,11,19761.45,1796.4954545454545,0,10,1.8181818181818181,Low
CUST03202,12,30498.59,2541.5491666666667,0,10,1.6666666666666667,Low
CUST03203,10,51108.57,5110.857,0,10,2.0,Low
CUST03204,7,42155.43,6022.204285714286,1,10,1.4285714285714286,Low
CUST03205,9,30475.4,3386.1555555555556,0,10,4.444444444444445,Low
CUST03206,11,32768.27,2978.933636363636,0,10,2.727272727272727,Low
CUST03207,10,205628.13999999998,20562.814,0,10,1.0,Low
CUST03208,11,17466.61,1587.8736363636365,2,10,4.545454545454546,Low
CUST03209,6,6247.01,1041.1683333333333,0,10,1.6666666666666667,Low
CUST03210,12,40212.0,3351.0,0,10,0.8333333333333334,Low
CUST03211,9,8913.05,990.3388888888888,0,10,4.444444444444445,Low
CUST03212,12,21063.02,1755.2516666666668,1,15,2.0833333333333335,Low
CUST03213,4,44136.39,11034.0975,0,10,2.5,Low
CUST03214,16,376808.89,23550.555625,0,10,1.25,Low
CUST03215,13,13672.51,1051.7315384615385,0,10,1.5384615384615385,Low
CUST03216,12,672009.88,56000.823333333334,0,30,4.166666666666667,Low
CUST03217,6,191484.28999999998,31914.04833333333,0,10,1.6666666666666667,Low
CUST03218,9,10689.279999999999,1187.6977777777777,0,10,2.2222222222222223,Low
CUST03219,8,11873.740000000002,1484.2175000000002,0,10,3.75,Low
CUST03220,6,126267.07,21044.51166666667,0,10,1.6666666666666667,Low
CUST03221,12,7934.4400000000005,661.2033333333334,0,10,2.5,Low
CUST03222,6,7297.820000000001,1216.3033333333335,0,10,1.6666666666666667,Low
CUST03223,10,45250.05,4525.005,0,10,5.0,Low
CUST03224,8,4692.21,586.52625,0,10,2.5,Low
CUST03225,11,50398.39,4581.671818181818,0,10,2.727272727272727,Low
CUST03226,13,37737.479999999996,2902.8830769230767,0,10,3.8461538461538463,Low
CUST03227,9,531296.45,59032.938888888886,0,20,5.555555555555555,Low
CUST03228,5,3780.91,756.182,0,10,2.0,Low
CUST03229,7,21669.86,3095.694285714286,0,10,1.4285714285714286,Low
CUST03230,7,23562.58,3366.0828571428574,0,10,5.714285714285714,Low
CUST03231,6,3455.89,575.9816666666667,0,10,1.6666666666666667,Low
CUST03232,5,33828.03,6765.606,0,10,2.0,Low
CUST03233,9,17325.78,1925.0866666666666,0,10,3.3333333333333335,Low
CUST03234,11,66450.61,6040.964545454545,1,10,0.9090909090909091,Low
CUST03235,11,21932.31,1993.8463636363638,1,10,2.727272727272727,Low
CUST03236,11,58393.82,5308.529090909091,1,10,1.8181818181818181,Low
CUST03237,9,28801.96,3200.217777777778,0,10,1.1111111111111112,Low
CUST03238,8,5448.88,681.11,0,10,1.25,Low
CUST03239,10,16582.29,1658.229,0,10,3.0,Low
CUST03240,12,84308.37,7025.697499999999,1,10,3.3333333333333335,Low
CUST03241,6,13117.26,2186.21,0,0,0.0,Low
CUST03242,13,180169.5,13859.192307692309,0,20,4.615384615384615,Low
CUST03243,10,17278.52,1727.852,4,75,16.0,High
CUST03244,9,13292.13,1476.9033333333332,0,10,2.2222222222222223,Low
CUST03245,5,6193.71,1238.742,0,10,4.0,Low
CUST03246,13,50413.52,3877.9630769230766,0,10,3.076923076923077,Low
CUST03247,7,22437.43,3205.347142857143,1,15,2.142857142857143,Low
CUST03248,9,2898.14,322.0155555555555,0,10,2.2222222222222223,Low
CUST03249,7,6912.5,987.5,0,10,5.714285714285714,Low
CUST03250,15,306249.07,20416.604666666666,1,10,3.3333333333333335,Low
CUST03251,13,2130.85,163.91153846153844,1,15,2.6923076923076925,Low
CUST03252,7,2533.4900000000002,361.9271428571429,0,10,2.857142857142857,Low
CUST03253,11,3458.18,314.38,0,10,2.727272727272727,Low
CUST03254,13,60388.69,4645.283846153847,1,20,4.615384615384615,Low
CUST03255,10,8617.64,861.7639999999999,0,10,4.0,Low
CUST03256,15,15471.869999999999,1031.4579999999999,3,75,10.333333333333334,High
CUST03257,8,6198.17,774.77125,0,10,1.25,Low
CUST03258,5,1484.6599999999999,296.93199999999996,0,10,2.0,Low
CUST03259,14,28447.129999999997,2031.937857142857,0,10,1.4285714285714286,Low
CUST03260,9,152542.53,16949.17,0,10,3.3333333333333335,Low
CUST03261,8,8099.84,1012.48,0,10,2.5,Low
CUST03262,10,15239.27,1523.9270000000001,2,20,6.0,Low
CUST03263,6,17586.53,2931.088333333333,0,10,3.3333333333333335,Low
CUST03264,8,236561.06,29570.1325,3,85,19.375,High
CUST03265,15,2320.98,154.732,0,10,2.0,Low
CUST03266,9,18864.36,2096.04,1,10,3.3333333333333335,Low
CUST03267,8,62046.61,7755.82625,0,10,3.75,Low
CUST03268,14,17239.06,1231.3614285714286,0,10,2.142857142857143,Low
CUST03269,16,492775.16000000003,30798.447500000002,2,20,3.125,Low
CUST03270,11,11548.01,1049.8190909090908,1,30,4.545454545454546,Low
CUST03271,18,99130.25,5507.236111111111,1,10,2.2222222222222223,Low
CUST03272,9,97308.17,10812.018888888888,0,10,1.1111111111111112,Low
CUST03273,12,92691.8,7724.316666666667,1,10,1.6666666666666667,Low
CUST03274,13,18535.83,1425.833076923077,1,25,4.230769230769231,Low
CUST03275,11,93632.98,8512.08909090909,1,10,5.454545454545454,Low
CUST03276,5,1081.81,216.362,0,10,4.0,Low
CUST03277,9,9126.94,1014.1044444444445,0,10,2.2222222222222223,Low
CUST03278,8,226619.06,28327.3825,0,0,0.0,Low
CUST03279,10,22452.07,2245.207,0,10,4.0,Low
CUST03280,11,31964.99,2905.908181818182,0,10,2.727272727272727,Low
CUST03281,10,3828.8799999999997,382.888,0,10,4.0,Low
CUST03282,11,29754.460000000003,2704.950909090909,0,10,0.9090909090909091,Low
CUST03283,13,3812.61,293.2776923076923,0,10,3.076923076923077,Low
CUST03284,12,22406.64,1867.22,0,10,1.6666666666666667,Low
CUST03285,14,26152.87,1868.0621428571428,0,10,6.428571428571429,Low
CUST03286,13,2208.69,169.89923076923077,0,10,4.615384615384615,Low
CUST03287,7,14572.43,2081.7757142857145,0,10,1.4285714285714286,Low
CUST03288,14,73918.04000000001,5279.860000000001,1,10,3.5714285714285716,Low
CUST03289,9,19282.739999999998,2142.5266666666666,0,10,3.3333333333333335,Low
CUST03290,15,15781.87,1052.1246666666668,3,85,11.666666666666666,High
CUST03291,7,77051.79000000001,11007.398571428572,0,10,2.857142857142857,Low
CUST03292,7,40329.64,5761.377142857143,0,10,5.714285714285714,Low
CUST03293,10,288996.31,28899.631,0,20,6.0,Low
CUST03294,4,12477.789999999999,3119.4474999999998,0,10,2.5,Low
CUST03295,15,70168.78,4677.9186666666665,1,10,1.3333333333333333,Low
CUST03296,14,67383.93,4813.137857142857,1,10,2.142857142857143,Low
CUST03297,13,27438.67,2110.666923076923,0,10,3.076923076923077,Low
CUST03298,5,17453.73,3490.746,0,0,0.0,Low
CUST03299,10,64950.4,6495.04,0,10,3.0,Low
CUST03300,12,3335.51,277.9591666666667,1,15,1.25,Low
CUST03301,12,10952.57,912.7141666666666,0,10,3.3333333333333335,Low
CUST03302,10,4038.79,403.879,0,10,3.0,Low
CUST03303,16,28139.22,1758.70125,1,20,2.5,Low
CUST03304,14,297315.73,21236.837857142855,4,75,12.5,High
CUST03305,8,32052.82,4006.6025,0,10,2.5,Low
CUST03306,11,464133.15,42193.92272727273,1,10,1.8181818181818181,Low
CUST03307,4,10157.54,2539.385,0,10,2.5,Low
CUST03308,6,1488.26,248.04333333333332,1,15,4.166666666666667,Low
CUST03309,7,8912.23,1273.1757142857143,0,10,1.4285714285714286,Low
CUST03310,11,168048.93,15277.175454545453,0,10,3.6363636363636362,Low
CUST03311,12,61947.14,5162.261666666666,0,10,5.0,Low
CUST03312,10,9962.369999999999,996.2369999999999,0,10,1.0,Low
CUST03313,18,13244.310000000001,735.7950000000001,0,0,0.0,Low
CUST03314,13,57113.5,4393.346153846154,1,10,2.3076923076923075,Low
CUST03315,7,8095.92,1156.56,0,10,4.285714285714286,Low
CUST03316,7,9077.85,1296.8357142857144,0,10,1.4285714285714286,Low
CUST03317,9,27757.53,3084.17,1,10,5.555555555555555,Low
CUST03318,10,25723.59,2572.359,0,10,3.0,Low
CUST03319,8,11036.48,1379.56,0,10,5.0,Low
CUST03320,13,78739.04000000001,6056.849230769231,1,10,3.8461538461538463,Low
CUST03321,6,7543.67,1257.2783333333334,0,0,0.0,Low
CUST03322,13,40732.03,3133.2330769230766,0,10,1.5384615384615385,Low
CUST03323,15,106957.75,7130.516666666666,2,10,4.666666666666667,Low
CUST03324,8,23303.43,2912.92875,0,10,2.5,Low
CUST03325,9,107354.31999999999,11928.257777777777,2,10,2.2222222222222223,Low
CUST03326,7,59656.37,8522.338571428572,0,0,0.0,Low
CUST03327,6,148077.91,24679.65166666667,0,10,1.6666666666666667,Low
CUST03328,8,44487.61,5560.95125,0,10,2.5,Low
CUST03329,15,417105.45999999996,27807.030666666666,0,10,2.0,Low
CUST03330,7,13500.6,1928.6571428571428,0,10,5.714285714285714,Low
CUST03331,12,19069.99,1589.1658333333335,0,10,3.3333333333333335,Low
CUST03332,6,32983.869999999995,5497.311666666666,0,0,0.0,Low
CUST03333,13,142695.21,10976.554615384615,0,10,1.5384615384615385,Low
CUST03334,8,203714.02000000002,25464.252500000002,0,20,7.5,Low
CUST03335,12,21483.79,1790.3158333333333,0,10,4.166666666666667,Low
CUST03336,9,55434.439999999995,6159.382222222222,0,10,2.2222222222222223,Low
CUST03337,6,100220.13,16703.355,0,10,5.0,Low
CUST03338,10,105061.73,10506.172999999999,0,10,4.0,Low
CUST03339,10,18181.190000000002,1818.1190000000001,0,10,2.0,Low
CUST03340,12,2912.15,242.67916666666667,0,10,2.5,Low
CUST03341,3,3326.03,1108.6766666666667,0,0,0.0,Low
CUST03342,13,6778.4400000000005,521.4184615384615,0,10,0.7692307692307693,Low
CUST03343,13,49793.61,3830.277692307692,1,20,5.384615384615385,Low
CUST03344,12,13122.51,1093.5425,0,10,4.166666666666667,Low
CUST03345,10,4866.52,486.65200000000004,0,0,0.0,Low
CUST03346,12,91127.39,7593.949166666666,0,10,4.166666666666667,Low
CUST03347,14,149076.71,10648.336428571429,1,10,2.142857142857143,Low
CUST03348,8,152406.44999999998,19050.806249999998,0,10,2.5,Low
CUST03349,5,14236.78,2847.356,0,10,2.0,Low
CUST03350,10,34835.27,3483.5269999999996,0,10,2.0,Low
CUST03351,8,21624.989999999998,2703.1237499999997,0,10,5.0,Low
CUST03352,13,131567.03,10120.540769230769,0,10,3.076923076923077,Low
CUST03353,9,59998.02,6666.446666666667,1,10,3.3333333333333335,Low
CUST03354,14,10813.89,772.4207142857142,0,10,3.5714285714285716,Low
CUST03355,10,4933.24,493.32399999999996,0,10,3.0,Low
CUST03356,15,111730.48,7448.698666666666,0,10,1.3333333333333333,Low
CUST03357,14,830467.37,59319.09785714286,2,35,7.5,Medium
CUST03358,11,12886.44,1171.4945454545455,2,20,5.454545454545454,Low
CUST03359,10,17671.88,1767.188,0,10,1.0,Low
CUST03360,8,5747.82,718.4775,1,15,4.375,Low
CUST03361,14,17888.07,1277.7192857142857,0,10,2.142857142857143,Low
CUST03362,9,4362.25,484.69444444444446,0,10,1.1111111111111112,Low
CUST03363,12,69226.53,5768.8775,0,10,1.6666666666666667,Low
CUST03364,6,7009.93,1168.3216666666667,0,10,3.3333333333333335,Low
CUST03365,17,205392.29,12081.899411764707,3,75,9.117647058823529,High
CUST03366,13,2778.8,213.75384615384615,0,10,2.3076923076923075,Low
CUST03367,5,2436.81,487.36199999999997,0,10,2.0,Low
CUST03368,13,82874.33,6374.948461538462,0,10,3.8461538461538463,Low
CUST03369,10,19458.97,1945.8970000000002,0,10,2.0,Low
CUST03370,7,897.05,128.15,0,10,2.857142857142857,Low
CUST03371,8,2543.17,317.89625,0,10,2.5,Low
CUST03372,10,428048.35,42804.835,1,30,5.0,Low
CUST03373,13,5488.889999999999,422.22230769230765,0,10,2.3076923076923075,Low
CUST03374,5,9581.26,1916.252,0,0,0.0,Low
CUST03375,18,12778.5,709.9166666666666,0,10,1.6666666666666667,Low
CUST03376,6,61358.76,10226.460000000001,1,25,4.166666666666667,Low
CUST03377,10,6516.639999999999,651.664,1,10,6.0,Low
CUST03378,6,8840.21,1473.368333333333,0,10,3.3333333333333335,Low
CUST03379,12,103018.83,8584.9025,0,10,0.8333333333333334,Low
CUST03380,11,49527.59,4502.508181818182,0,10,4.545454545454546,Low
CUST03381,9,7861.59,873.51,0,10,1.1111111111111112,Low
CUST03382,7,74540.18,10648.597142857141,0,10,5.714285714285714,Low
CUST03383,8,101501.36,12687.67,1,20,5.0,Low
CUST03384,5,95860.19,19172.038,0,0,0.0,Low
CUST03385,12,67379.37,5614.947499999999,0,10,2.5,Low
CUST03386,12,10636.66,886.3883333333333,0,10,2.5,Low
CUST03387,17,31077.02,1828.06,3,75,9.705882352941176,High
CUST03388,8,2412.14,301.5175,1,20,5.0,Low
CUST03389,10,12178.0,1217.8,1,20,4.0,Low
CUST03390,11,19703.02,1791.1836363636364,0,10,2.727272727272727,Low
CUST03391,7,17007.39,2429.6271428571426,1,30,7.142857142857143,Low
CUST03392,12,4257.09,354.7575,0,10,2.5,Low
CUST03393,8,693917.01,86739.62625,0,20,6.25,Low
CUST03394,14,305339.36,21809.954285714284,0,10,3.5714285714285716,Low
CUST03395,8,4064.36,508.045,1,20,3.75,Low
CUST03396,13,2496.39,192.03,0,10,3.076923076923077,Low
CUST03397,5,27813.1,5562.62,0,10,2.0,Low
CUST03398,6,14909.439999999999,2484.9066666666663,0,0,0.0,Low
CUST03399,11,17717.14,1610.6490909090908,0,10,2.727272727272727,Low
CUST03400,7,114711.0,16387.285714285714,0,0,0.0,Low
CUST03401,9,53092.41,5899.156666666667,1,10,2.2222222222222223,Low
CUST03402,8,170919.89,21364.98625,0,10,2.5,Low
CUST03403,9,2555.83,283.9811111111111,0,10,4.444444444444445,Low
CUST03404,9,7442.87,826.9855555555555,1,20,4.444444444444445,Low
CUST03405,11,2923.31,265.75545454545454,0,10,2.727272727272727,Low
CUST03406,13,4521.47,347.80538461538464,0,10,1.5384615384615385,Low
CUST03407,15,40290.02,2686.001333333333,1,10,2.6666666666666665,Low
CUST03408,7,6636.5599999999995,948.0799999999999,0,10,1.4285714285714286,Low
CUST03409,9,10557.55,1173.0611111111111,1,20,3.3333333333333335,Low
CUST03410,9,30952.78,3439.1977777777774,1,10,1.1111111111111112,Low
CUST03411,5,132344.68,26468.935999999998,0,10,4.0,Low
CUST03412,11,18839.33,1712.6663636363637,0,10,3.6363636363636362,Low
CUST03413,3,26862.15,8954.050000000001,0,10,6.666666666666667,Low
CUST03414,11,71728.53,6520.7754545454545,0,10,2.727272727272727,Low
CUST03415,11,63933.16,5812.105454545454,0,10,1.8181818181818181,Low
CUST03416,17,152265.07,8956.768823529412,0,10,4.705882352941177,Low
CUST03417,11,31990.29,2908.208181818182,0,10,2.727272727272727,Low
CUST03418,12,20461.23,1705.1025,0,0,0.0,Low
CUST03419,9,52102.08,5789.12,1,10,2.2222222222222223,Low
CUST03420,4,2917.56,729.39,0,0,0.0,Low
CUST03421,9,32709.87,3634.43,0,10,1.1111111111111112,Low
CUST03422,11,3883.6900000000005,353.06272727272733,0,10,0.9090909090909091,Low
CUST03423,6,119433.29000000001,19905.548333333336,0,10,3.3333333333333335,Low
CUST03424,6,93235.95999999999,15539.326666666666,0,10,1.6666666666666667,Low
CUST03425,8,18477.42,2309.6775,0,10,2.5,Low
CUST03426,8,4203.62,525.4525,0,10,2.5,Low
CUST03427,17,8021.87,471.87470588235294,0,10,2.3529411764705883,Low
CUST03428,14,72821.17,5201.512142857143,0,10,2.142857142857143,Low
CUST03429,11,83660.94,7605.54,1,10,2.727272727272727,Low
CUST03430,9,87089.09,9676.565555555555,0,10,2.2222222222222223,Low
CUST03431,12,5873.71,489.47583333333336,0,0,0.0,Low
CUST03432,15,165916.41,11061.094000000001,3,75,9.0,High
CUST03433,7,4633.27,661.8957142857143,0,10,2.857142857142857,Low
CUST03434,14,50978.1,3641.292857142857,0,10,2.857142857142857,Low
CUST03435,16,844548.23,52784.264375,1,30,5.0,Low
CUST03436,9,6047.14,671.9044444444445,0,10,1.1111111111111112,Low
CUST03437,14,393197.78,28085.555714285718,1,15,3.2142857142857144,Low
CUST03438,14,41318.119999999995,2951.2942857142853,0,10,3.5714285714285716,Low
CUST03439,6,6579.3099999999995,1096.5516666666665,0,10,6.666666666666667,Low
CUST03440,11,20803.99,1891.2718181818184,0,10,5.454545454545454,Low
CUST03441,11,42188.17,3835.288181818182,5,75,13.181818181818182,High
CUST03442,9,28794.21,3199.3566666666666,0,10,2.2222222222222223,Low
CUST03443,8,14004.670000000002,1750.5837500000002,0,10,1.25,Low
CUST03444,12,17743.17,1478.5974999999999,0,10,4.166666666666667,Low
CUST03445,14,8660.45,618.6035714285715,0,10,0.7142857142857143,Low
CUST03446,9,21892.39,2432.487777777778,0,10,1.1111111111111112,Low
CUST03447,8,145377.54,18172.1925,0,10,3.75,Low
CUST03448,5,1324.71,264.942,0,0,0.0,Low
CUST03449,11,255672.16999999998,23242.924545454545,0,10,5.454545454545454,Low
CUST03450,12,33208.369999999995,2767.3641666666663,1,15,2.9166666666666665,Low
CUST03451,13,57841.42999999999,4449.340769230768,1,10,4.615384615384615,Low
CUST03452,14,44038.229999999996,3145.587857142857,0,10,2.857142857142857,Low
CUST03453,10,59138.57,5913.857,1,10,2.0,Low
CUST03454,10,69330.68000000001,6933.068000000001,0,10,1.0,Low
CUST03455,8,43042.200000000004,5380.275000000001,0,10,2.5,Low
CUST03456,11,230935.36,20994.123636363634,0,10,2.727272727272727,Low
CUST03457,10,205377.75,20537.775,0,10,3.0,Low
CUST03458,18,11917.75,662.0972222222222,0,10,1.1111111111111112,Low
CUST03459,11,2866.77,260.61545454545455,1,20,2.727272727272727,Low
CUST03460,8,21053.5,2631.6875,0,10,3.75,Low
CUST03461,7,179101.13,25585.875714285714,1,10,2.857142857142857,Low
CUST03462,9,361570.54,40174.50444444444,0,20,4.444444444444445,Low
CUST03463,11,244957.65,22268.877272727274,0,10,4.545454545454546,Low
CUST03464,14,41413.380000000005,2958.0985714285716,0,10,1.4285714285714286,Low
CUST03465,10,57043.97,5704.397,0,10,2.0,Low
CUST03466,13,257661.38,19820.106153846154,1,10,1.5384615384615385,Low
CUST03467,13,204620.36000000002,15740.027692307693,2,30,4.615384615384615,Low
CUST03468,15,46007.69,3067.1793333333335,0,10,3.3333333333333335,Low
CUST03469,5,49177.350000000006,9835.470000000001,0,10,4.0,Low
CUST03470,13,33209.32,2554.563076923077,0,10,2.3076923076923075,Low
CUST03471,8,1505.78,188.2225,0,0,0.0,Low
CUST03472,11,5001.22,454.65636363636366,0,10,3.6363636363636362,Low
CUST03473,9,626778.13,69642.01444444444,0,30,8.88888888888889,Low
CUST03474,6,10170.349999999999,1695.0583333333332,1,25,10.833333333333334,Low
CUST03475,5,28701.05,5740.21,0,10,2.0,Low
CUST03476,11,4550.42,413.67454545454547,0,10,3.6363636363636362,Low
CUST03477,10,93341.14,9334.114,0,10,4.0,Low
CUST03478,3,2799.22,933.0733333333333,0,10,6.666666666666667,Low
CUST03479,9,6708.120000000001,745.3466666666668,3,75,13.88888888888889,High
CUST03480,9,11235.35,1248.3722222222223,0,10,7.777777777777778,Low
CUST03481,12,65293.54,5441.128333333333,1,15,4.583333333333333,Low
CUST03482,4,103503.37999999999,25875.844999999998,0,10,5.0,Low
CUST03483,7,13441.08,1920.1542857142856,0,10,4.285714285714286,Low
CUST03484,5,4637.58,927.516,0,10,4.0,Low
CUST03485,7,78576.73999999999,11225.24857142857,0,10,2.857142857142857,Low
CUST03486,10,52656.26,5265.626,0,0,0.0,Low
CUST03487,13,4737.91,364.45461538461535,0,10,2.3076923076923075,Low
CUST03488,7,1606.65,229.52142857142857,0,10,1.4285714285714286,Low
CUST03489,8,39216.43,4902.05375,0,10,2.5,Low
CUST03490,9,1476.35,164.0388888888889,0,0,0.0,Low
CUST03491,10,30523.34,3052.334,0,10,3.0,Low
CUST03492,15,9209.1,613.94,0,10,4.0,Low
CUST03493,7,20066.89,2866.6985714285715,0,10,5.714285714285714,Low
CUST03494,7,30126.55,4303.792857142857,0,10,2.857142857142857,Low
CUST03495,8,37980.75,4747.59375,0,10,2.5,Low
CUST03496,15,1830.4099999999999,122.02733333333332,0,10,2.0,Low
CUST03497,7,8284.91,1183.5585714285714,1,20,4.285714285714286,Low
CUST03498,10,15799.99,1579.999,0,10,3.0,Low
CUST03499,13,22059.01,1696.8469230769228,0,10,2.3076923076923075,Low
CUST03500,17,16725.44,983.8494117647058,0,10,3.5294117647058822,Low
CUST03501,5,66618.26999999999,13323.653999999999,0,10,4.0,Low
CUST03502,8,117061.15,14632.64375,0,10,2.5,Low
CUST03503,8,28569.3,3571.1625,0,0,0.0,Low
CUST03504,10,18572.38,1857.238,0,10,4.0,Low
CUST03505,11,238296.58,21663.325454545455,1,10,0.9090909090909091,Low
CUST03506,11,2162.99,196.63545454545454,0,10,1.8181818181818181,Low
CUST03507,11,29314.75,2664.9772727272725,0,10,0.9090909090909091,Low
CUST03508,6,9658.82,1609.8033333333333,0,10,5.0,Low
CUST03509,8,27476.54,3434.5675,0,10,1.25,Low
CUST03510,8,16785.11,2098.13875,0,10,5.0,Low
CUST03511,10,173853.69999999998,17385.37,0,10,1.0,Low
CUST03512,16,10746.54,671.65875,0,10,2.5,Low
CUST03513,5,60000.39,12000.078,0,0,0.0,Low
CUST03514,13,14795.08,1138.083076923077,0,10,1.5384615384615385,Low
CUST03515,7,1822.96,260.42285714285714,1,20,2.857142857142857,Low
CUST03516,9,22162.16,2462.4622222222224,0,10,1.1111111111111112,Low
CUST03517,10,12778.28,1277.828,0,10,3.0,Low
CUST03518,6,8216.95,1369.4916666666668,0,10,1.6666666666666667,Low
CUST03519,6,179237.26,29872.876666666667,0,10,3.3333333333333335,Low
CUST03520,14,63012.01,4500.857857142857,0,10,0.7142857142857143,Low
CUST03521,14,21878.329999999998,1562.737857142857,3,75,11.785714285714286,High
CUST03522,10,14422.84,1442.284,1,20,3.0,Low
CUST03523,9,146114.47,16234.941111111111,0,10,3.3333333333333335,Low
CUST03524,10,77825.95000000001,7782.595000000001,0,10,1.0,Low
CUST03525,10,138043.25,13804.325,0,10,1.0,Low
CUST03526,17,343848.22000000003,20226.365882352944,0,10,1.7647058823529411,Low
CUST03527,15,582192.8099999999,38812.854,2,40,5.333333333333333,Medium
CUST03528,11,54601.08,4963.734545454546,0,10,3.6363636363636362,Low
CUST03529,14,4126.95,294.78214285714284,0,10,1.4285714285714286,Low
CUST03530,8,70016.55,8752.06875,0,10,3.75,Low
CUST03531,8,39118.79,4889.84875,0,10,2.5,Low
CUST03532,11,435120.0,39556.36363636364,1,30,4.545454545454546,Low
CUST03533,6,21463.5,3577.25,0,10,5.0,Low
CUST03534,6,803.56,133.92666666666665,1,10,3.3333333333333335,Low
CUST03535,6,11029.58,1838.2633333333333,0,10,3.3333333333333335,Low
CUST03536,11,18168.05,1651.640909090909,0,10,0.9090909090909091,Low
CUST03537,6,3036.81,506.135,0,10,1.6666666666666667,Low
CUST03538,9,6956.219999999999,772.9133333333333,0,10,3.3333333333333335,Low
CUST03539,8,6656.3,832.0375,0,10,5.0,Low
CUST03540,9,3884.42,431.6022222222222,0,10,2.2222222222222223,Low
CUST03541,4,12565.970000000001,3141.4925000000003,0,10,5.0,Low
CUST03542,6,232814.04,38802.340000000004,0,10,1.6666666666666667,Low
CUST03543,6,47755.729999999996,7959.288333333333,0,10,3.3333333333333335,Low
CUST03544,6,3492.4300000000003,582.0716666666667,0,10,3.3333333333333335,Low
CUST03545,13,65121.369999999995,5009.336153846153,2,20,3.076923076923077,Low
CUST03546,11,15420.91,1401.9009090909092,1,20,5.454545454545454,Low
CUST03547,7,12482.5,1783.2142857142858,1,20,4.285714285714286,Low
CUST03548,8,7879.99,984.99875,0,10,5.0,Low
CUST03549,17,253053.49,14885.499411764706,0,10,3.5294117647058822,Low
CUST03550,9,16760.46,1862.2733333333333,1,30,3.3333333333333335,Low
CUST03551,7,74746.95,10678.135714285714,0,10,1.4285714285714286,Low
CUST03552,6,122353.75,20392.291666666668,0,0,0.0,Low
CUST03553,5,183981.69,36796.338,0,20,6.0,Low
CUST03554,10,4873.54,487.354,0,10,2.0,Low
CUST03555,13,238123.85,18317.21923076923,0,10,2.3076923076923075,Low
CUST03556,9,14291.289999999999,1587.921111111111,0,10,4.444444444444445,Low
CUST03557,11,33298.22,3027.110909090909,0,10,2.727272727272727,Low
CUST03558,10,26866.27,2686.627,0,10,3.0,Low
CUST03559,10,78860.24,7886.024,1,10,3.0,Low
CUST03560,9,107249.86,11916.65111111111,1,10,2.2222222222222223,Low
CUST03561,9,36249.79,4027.7544444444447,0,10,1.1111111111111112,Low
CUST03562,7,6984.09,997.7271428571429,1,20,4.285714285714286,Low
CUST03563,10,3512.0299999999997,351.203,0,10,1.0,Low
CUST03564,6,61225.01,10204.168333333333,0,10,1.6666666666666667,Low
CUST03565,6,1851.9,308.65000000000003,0,0,0.0,Low
CUST03566,4,3523.74,880.935,0,0,0.0,Low
CUST03567,11,5194.82,472.25636363636363,1,10,2.727272727272727,Low
CUST03568,9,119528.72,13280.968888888889,0,10,2.2222222222222223,Low
CUST03569,8,7664.45,958.05625,1,10,5.0,Low
CUST03570,6,7665.32,1277.5533333333333,0,0,0.0,Low
CUST03571,9,201175.21,22352.801111111112,0,10,2.2222222222222223,Low
CUST03572,11,363690.48,33062.770909090905,0,20,4.545454545454546,Low
CUST03573,10,43042.89,4304.289,0,10,2.0,Low
CUST03574,8,35628.59,4453.57375,1,30,6.25,Low
CUST03575,10,14306.5,1430.65,0,0,0.0,Low
CUST03576,12,622086.08,51840.50666666666,1,20,4.166666666666667,Low
CUST03577,5,1943.3700000000001,388.67400000000004,0,0,0.0,Low
CUST03578,11,6828.55,620.7772727272727,0,10,2.727272727272727,Low
CUST03579,7,11535.4,1647.9142857142856,0,10,4.285714285714286,Low
CUST03580,9,26218.11,2913.1233333333334,0,10,2.2222222222222223,Low
CUST03581,3,11522.9,3840.9666666666667,0,0,0.0,Low
CUST03582,13,6851.31,527.0238461538462,0,10,4.615384615384615,Low
CUST03583,5,48146.31,9629.261999999999,0,0,0.0,Low
CUST03584,12,29448.66,2454.055,0,10,2.5,Low
CUST03585,13,33747.76,2595.9815384615385,0,10,2.3076923076923075,Low
CUST03586,10,9680.710000000001,968.0710000000001,1,20,3.0,Low
CUST03587,9,65162.9,7240.322222222222,0,10,4.444444444444445,Low
CUST03588,7,21156.02,3022.2885714285717,0,0,0.0,Low
CUST03589,9,235171.21,26130.134444444444,0,20,3.3333333333333335,Low
CUST03590,9,7776.82,864.0911111111111,0,10,2.2222222222222223,Low
CUST03591,12,17630.39,1469.1991666666665,0,10,2.5,Low
CUST03592,9,24116.710000000003,2679.634444444445,0,10,2.2222222222222223,Low
CUST03593,8,55424.590000000004,6928.0737500000005,0,10,5.0,Low
CUST03594,10,34307.51,3430.751,0,10,2.0,Low
CUST03595,7,22299.77,3185.6814285714286,0,10,2.857142857142857,Low
CUST03596,10,14996.310000000001,1499.631,0,10,2.0,Low
CUST03597,7,7650.469999999999,1092.9242857142856,0,0,0.0,Low
CUST03598,14,3188.91,227.7792857142857,0,10,3.5714285714285716,Low
CUST03599,12,27873.71,2322.8091666666664,3,85,13.75,High
CUST03600,9,14530.06,1614.451111111111,0,10,1.1111111111111112,Low
CUST03601,15,189496.35,12633.09,0,10,2.6666666666666665,Low
CUST03602,10,58531.73,5853.173000000001,1,0,0.0,Low
CUST03603,3,4687.85,1562.6166666666668,0,10,6.666666666666667,Low
CUST03604,8,21411.87,2676.48375,3,75,18.125,High
CUST03605,7,54994.2,7856.314285714286,1,10,4.285714285714286,Low
CUST03606,12,3741.3300000000004,311.77750000000003,1,20,3.3333333333333335,Low
CUST03607,7,158458.97999999998,22636.99714285714,0,10,1.4285714285714286,Low
CUST03608,12,27795.95,2316.329166666667,0,10,3.3333333333333335,Low
CUST03609,10,11696.64,1169.664,0,10,2.0,Low
CUST03610,9,3881.38,431.26444444444445,0,10,2.2222222222222223,Low
CUST03611,13,29230.54,2248.503076923077,0,10,1.5384615384615385,Low
CUST03612,6,16622.78,2770.463333333333,0,10,3.3333333333333335,Low
CUST03613,10,8601.51,860.1510000000001,0,0,0.0,Low
CUST03614,8,52936.96000000001,6617.120000000001,1,10,2.5,Low
CUST03615,12,98948.33,8245.694166666666,0,10,3.3333333333333335,Low
CUST03616,13,77798.36,5984.489230769231,0,10,3.076923076923077,Low
CUST03617,2,5088.21,2544.105,0,10,5.0,Low
CUST03618,12,18908.579999999998,1575.715,0,10,0.8333333333333334,Low
CUST03619,11,17874.510000000002,1624.9554545454548,0,10,3.6363636363636362,Low
CUST03620,10,51333.35,5133.335,0,10,1.0,Low
CUST03621,11,148244.9,13476.80909090909,0,10,2.727272727272727,Low
CUST03622,12,21546.18,1795.515,1,20,2.5,Low
CUST03623,9,47401.740000000005,5266.860000000001,0,10,1.1111111111111112,Low
CUST03624,10,13694.22,1369.422,1,30,4.0,Low
CUST03625,10,4777.7,477.77,0,10,2.0,Low
CUST03626,9,40195.08,4466.12,0,10,3.3333333333333335,Low
CUST03627,11,54190.46,4926.405454545455,2,30,2.727272727272727,Low
CUST03628,9,151117.46,16790.82888888889,0,0,0.0,Low
CUST03629,8,65065.95,8133.24375,1,10,5.0,Low
CUST03630,12,5913.08,492.75666666666666,0,10,2.5,Low
CUST03631,9,8003.389999999999,889.2655555555555,0,0,0.0,Low
CUST03632,9,2673.08,297.00888888888886,0,10,4.444444444444445,Low
CUST03633,11,13617.619999999999,1237.9654545454543,0,10,1.8181818181818181,Low
CUST03634,13,7059.38,543.0292307692308,0,10,3.076923076923077,Low
CUST03635,13,7754.8099999999995,596.5238461538461,0,10,2.3076923076923075,Low
CUST03636,9,3953.54,439.28222222222223,0,10,3.3333333333333335,Low
CUST03637,13,26533.940000000002,2041.072307692308,0,10,0.7692307692307693,Low
CUST03638,7,19122.92,2731.845714285714,0,10,5.714285714285714,Low
CUST03639,6,8020.6,1336.7666666666667,0,10,1.6666666666666667,Low
CUST03640,9,96384.09,10709.343333333332,0,0,0.0,Low
CUST03641,13,21939.21,1687.6315384615384,0,10,2.3076923076923075,Low
CUST03642,8,65743.98,8217.9975,0,10,6.25,Low
CUST03643,6,29656.53,4942.755,0,10,6.666666666666667,Low
CUST03644,12,28115.43,2342.9525,0,10,3.3333333333333335,Low
CUST03645,7,3603.06,514.7228571428572,0,10,2.857142857142857,Low
CUST03646,8,66420.5,8302.5625,0,10,2.5,Low
CUST03647,7,42669.59,6095.655714285714,0,10,1.4285714285714286,Low
CUST03648,14,55797.32,3985.522857142857,0,10,2.142857142857143,Low
CUST03649,7,15860.039999999999,2265.72,0,10,1.4285714285714286,Low
CUST03650,9,1724.8300000000002,191.6477777777778,0,10,2.2222222222222223,Low
CUST03651,13,54074.34,4159.5646153846155,1,20,2.3076923076923075,Low
CUST03652,13,22867.06,1759.0046153846156,0,10,3.076923076923077,Low
CUST03653,5,36901.21,7380.242,0,0,0.0,Low
CUST03654,17,9188.869999999999,540.5217647058823,0,10,3.5294117647058822,Low
CUST03655,12,12740.1,1061.675,1,15,2.9166666666666665,Low
CUST03656,10,52258.53,5225.853,0,10,2.0,Low
CUST03657,8,15099.41,1887.42625,0,0,0.0,Low
CUST03658,12,46223.61,3851.9675,0,10,1.6666666666666667,Low
CUST03659,3,3773.43,1257.81,1,15,5.0,Low
CUST03660,6,2565.34,427.5566666666667,0,10,1.6666666666666667,Low
CUST03661,12,19952.19,1662.6825,1,10,1.6666666666666667,Low
CUST03662,6,9094.13,1515.6883333333333,0,10,5.0,Low
CUST03663,11,14489.33,1317.2118181818182,0,10,3.6363636363636362,Low
CUST03664,10,10015.22,1001.5219999999999,0,10,6.0,Low
CUST03665,7,11665.11,1666.4442857142858,0,0,0.0,Low
CUST03666,5,2140.55,428.11,0,10,6.0,Low
CUST03667,10,8975.85,897.585,0,10,3.0,Low
CUST03668,9,1855.93,206.21444444444444,0,10,1.1111111111111112,Low
CUST03669,8,1405.06,175.6325,0,10,1.25,Low
CUST03670,14,36253.36,2589.5257142857145,0,10,1.4285714285714286,Low
CUST03671,9,512337.77,56926.41888888889,0,20,4.444444444444445,Low
CUST03672,14,33197.25,2371.2321428571427,0,10,2.142857142857143,Low
CUST03673,8,196239.13,24529.89125,2,25,6.875,Low
CUST03674,6,11345.39,1890.8983333333333,0,10,1.6666666666666667,Low
CUST03675,9,18117.15,2013.0166666666669,0,10,4.444444444444445,Low
CUST03676,7,11876.38,1696.6257142857141,0,10,1.4285714285714286,Low
CUST03677,14,82733.59,5909.542142857143,3,85,12.5,High
CUST03678,20,404575.88,20228.794,1,20,5.0,Low
CUST03679,6,26776.469999999998,4462.745,0,10,3.3333333333333335,Low
CUST03680,8,32528.6,4066.075,0,10,1.25,Low
CUST03681,11,6003.2,545.7454545454545,0,10,2.727272727272727,Low
CUST03682,9,6461.900000000001,717.9888888888889,0,10,1.1111111111111112,Low
CUST03683,14,3857.34,275.5242857142857,0,10,2.857142857142857,Low
CUST03684,7,15805.51,2257.93,1,10,2.857142857142857,Low
CUST03685,8,46067.490000000005,5758.436250000001,1,30,7.5,Low
CUST03686,8,6173.17,771.64625,0,10,3.75,Low
CUST03687,14,6349.1,453.50714285714287,0,10,2.857142857142857,Low
CUST03688,11,23856.79,2168.799090909091,0,10,5.454545454545454,Low
CUST03689,12,12821.53,1068.4608333333333,0,10,2.5,Low
CUST03690,9,7632.46,848.0511111111111,0,10,2.2222222222222223,Low
CUST03691,12,8231.25,685.9375,0,10,1.6666666666666667,Low
CUST03692,12,22539.73,1878.3108333333332,0,10,0.8333333333333334,Low
CUST03693,13,36035.22,2771.94,0,10,3.076923076923077,Low
CUST03694,10,9158.9,915.89,0,10,3.0,Low
CUST03695,6,3512.03,585.3383333333334,0,10,1.6666666666666667,Low
CUST03696,8,4609.25,576.15625,0,10,1.25,Low
CUST03697,12,18820.56,1568.38,0,10,3.3333333333333335,Low
CUST03698,13,80246.41,6172.800769230769,0,10,3.076923076923077,Low
CUST03699,8,43868.130000000005,5483.516250000001,0,10,1.25,Low
CUST03700,9,12681.17,1409.0188888888888,0,10,4.444444444444445,Low
CUST03701,13,254063.66999999998,19543.35923076923,0,10,2.3076923076923075,Low
CUST03702,13,1896.24,145.86461538461538,0,10,3.076923076923077,Low
CUST03703,9,4140.28,460.0311111111111,0,0,0.0,Low
CUST03704,12,3445.49,287.12416666666667,0,10,4.166666666666667,Low
CUST03705,6,22581.03,3763.5049999999997,0,10,1.6666666666666667,Low
CUST03706,8,8182.7,1022.8375,0,10,6.25,Low
CUST03707,8,2572.11,321.51375,0,10,2.5,Low
CUST03708,9,8902.960000000001,989.2177777777779,0,10,1.1111111111111112,Low
CUST03709,9,3022.84,335.87111111111113,0,10,3.3333333333333335,Low
CUST03710,13,25955.36,1996.5661538461538,0,10,2.3076923076923075,Low
CUST03711,12,68871.72,5739.31,0,10,5.0,Low
CUST03712,9,50239.39,5582.154444444444,0,10,1.1111111111111112,Low
CUST03713,8,305461.1,38182.6375,2,25,5.625,Low
CUST03714,9,39507.64,4389.737777777777,1,15,2.7777777777777777,Low
CUST03715,17,53692.21,3158.365294117647,1,10,2.9411764705882355,Low
CUST03716,10,63835.82,6383.582,0,10,4.0,Low
CUST03717,7,2252.63,321.80428571428575,0,10,1.4285714285714286,Low
CUST03718,11,87924.17,7993.106363636363,0,10,4.545454545454546,Low
CUST03719,11,119490.63,10862.784545454546,0,10,2.727272727272727,Low
CUST03720,9,47433.31,5270.3677777777775,0,10,2.2222222222222223,Low
CUST03721,7,97336.20999999999,13905.172857142856,0,0,0.0,Low
CUST03722,7,36188.4,5169.771428571429,0,10,4.285714285714286,Low
CUST03723,8,39688.270000000004,4961.0337500000005,0,10,5.0,Low
CUST03724,12,3761.37,313.4475,0,10,0.8333333333333334,Low
CUST03725,10,8532.47,853.247,0,10,2.0,Low
CUST03726,7,6410.96,915.8514285714285,0,10,2.857142857142857,Low
CUST03727,7,51285.11,7326.444285714286,0,10,4.285714285714286,Low
CUST03728,5,10643.92,2128.784,0,10,4.0,Low
CUST03729,11,7145.610000000001,649.6009090909091,0,10,4.545454545454546,Low
CUST03730,10,8924.12,892.412,0,10,2.0,Low
CUST03731,6,66567.3,11094.550000000001,1,10,3.3333333333333335,Low
CUST03732,9,12706.29,1411.8100000000002,0,10,1.1111111111111112,Low
CUST03733,8,1288.76,161.095,0,10,1.25,Low
CUST03734,13,45948.51,3534.5007692307695,0,10,3.076923076923077,Low
CUST03735,10,22352.94,2235.294,0,0,0.0,Low
CUST03736,8,1646.8899999999999,205.86124999999998,0,10,1.25,Low
CUST03737,14,62766.28,4483.305714285714,0,10,1.4285714285714286,Low
CUST03738,13,21887.62,1683.663076923077,0,10,2.3076923076923075,Low
CUST03739,6,6137.19,1022.8649999999999,0,10,1.6666666666666667,Low
CUST03740,7,1945.99,277.99857142857144,1,20,4.285714285714286,Low
CUST03741,19,116959.06999999999,6155.740526315789,1,10,4.2105263157894735,Low
CUST03742,10,10961.88,1096.1879999999999,0,10,2.0,Low
CUST03743,13,7211.62,554.74,0,10,3.076923076923077,Low
CUST03744,13,29069.2,2236.0923076923077,3,75,11.923076923076923,High
CUST03745,9,36352.25,4039.1388888888887,0,10,4.444444444444445,Low
CUST03746,12,42415.75,3534.6458333333335,0,10,1.6666666666666667,Low
CUST03747,16,15197.97,949.873125,1,25,4.0625,Low
CUST03748,8,18324.22,2290.5275,0,10,1.25,Low
CUST03749,7,11301.6,1614.5142857142857,0,10,4.285714285714286,Low
CUST03750,11,18183.69,1653.0627272727272,0,10,0.9090909090909091,Low
CUST03751,9,35174.450000000004,3908.272222222223,0,10,1.1111111111111112,Low
CUST03752,9,6319.75,702.1944444444445,0,10,2.2222222222222223,Low
CUST03753,14,43593.590000000004,3113.8278571428573,0,10,1.4285714285714286,Low
CUST03754,10,15648.77,1564.877,0,0,0.0,Low
CUST03755,10,252613.51,25261.351000000002,1,10,4.0,Low
CUST03756,7,3650.9799999999996,521.5685714285713,0,10,4.285714285714286,Low
CUST03757,10,3247.32,324.732,0,10,4.0,Low
CUST03758,6,4582.04,763.6733333333333,1,20,6.666666666666667,Low
CUST03759,15,10372.49,691.4993333333333,0,10,2.0,Low
CUST03760,13,227315.41999999998,17485.801538461536,1,10,3.076923076923077,Low
CUST03761,9,5654.97,628.33,0,10,3.3333333333333335,Low
CUST03762,13,194800.53,14984.656153846154,0,10,2.3076923076923075,Low
CUST03763,13,21995.7,1691.9769230769232,1,10,2.3076923076923075,Low
CUST03764,5,2177.56,435.512,0,10,2.0,Low
CUST03765,10,20253.64,2025.364,1,20,4.0,Low
CUST03766,10,40082.06,4008.2059999999997,1,20,4.0,Low
CUST03767,11,130723.70000000001,11883.972727272729,0,10,5.454545454545454,Low
CUST03768,19,9377.77,493.56684210526316,1,10,1.5789473684210527,Low
CUST03769,3,6298.42,2099.4733333333334,0,0,0.0,Low
CUST03770,8,96434.03,12054.25375,3,75,15.625,High
CUST03771,4,16384.71,4096.1775,0,10,2.5,Low
CUST03772,9,57720.490000000005,6413.387777777778,1,10,2.2222222222222223,Low
CUST03773,7,1647.51,235.35857142857142,0,10,1.4285714285714286,Low
CUST03774,3,11154.93,3718.31,0,10,3.3333333333333335,Low
CUST03775,7,62766.85,8966.692857142856,0,10,1.4285714285714286,Low
CUST03776,13,58069.21,4466.862307692308,1,10,2.3076923076923075,Low
CUST03777,5,19965.61,3993.1220000000003,0,0,0.0,Low
CUST03778,6,35739.89,5956.6483333333335,0,10,1.6666666666666667,Low
CUST03779,7,13296.919999999998,1899.5599999999997,0,10,4.285714285714286,Low
CUST03780,12,35131.97,2927.664166666667,0,10,2.5,Low
CUST03781,6,2553.6,425.59999999999997,0,10,3.3333333333333335,Low
CUST03782,8,10530.779999999999,1316.3474999999999,0,0,0.0,Low
CUST03783,8,3538.94,442.3675,0,10,2.5,Low
CUST03784,8,3549.9700000000003,443.74625000000003,0,10,5.0,Low
CUST03785,5,228501.90000000002,45700.380000000005,0,30,8.0,Low
CUST03786,9,14754.43,1639.381111111111,0,10,2.2222222222222223,Low
CUST03787,7,3582.2200000000003,511.7457142857143,0,0,0.0,Low
CUST03788,6,19472.68,3245.4466666666667,0,10,1.6666666666666667,Low
CUST03789,8,121085.63,15135.70375,0,10,2.5,Low
CUST03790,7,33131.46,4733.065714285714,0,10,2.857142857142857,Low
CUST03791,11,132463.2,12042.109090909093,1,20,6.363636363636363,Low
CUST03792,14,597432.34,42673.73857142857,1,15,2.5,Low
CUST03793,8,61766.66,7720.8325,0,0,0.0,Low
CUST03794,7,90479.8,12925.685714285715,0,10,1.4285714285714286,Low
CUST03795,14,101316.26000000001,7236.875714285715,0,10,2.142857142857143,Low
CUST03796,7,21978.95,3139.85,0,10,1.4285714285714286,Low
CUST03797,11,382412.35,34764.75909090909,0,10,0.9090909090909091,Low
CUST03798,7,5563.74,794.8199999999999,0,10,2.857142857142857,Low
CUST03799,13,7283.94,560.3030769230769,0,10,1.5384615384615385,Low
CUST03800,8,29010.29,3626.28625,1,20,2.5,Low
CUST03801,11,47364.19,4305.835454545455,0,10,1.8181818181818181,Low
CUST03802,13,15560.84,1196.9876923076922,0,10,3.076923076923077,Low
CUST03803,10,391105.45999999996,39110.545999999995,0,30,3.0,Low
CUST03804,12,104407.62000000001,8700.635,0,10,2.5,Low
CUST03805,9,274819.83,30535.536666666667,0,20,4.444444444444445,Low
CUST03806,11,60515.729999999996,5501.429999999999,1,10,1.8181818181818181,Low
CUST03807,7,5797.7699999999995,828.2528571428571,0,10,1.4285714285714286,Low
CUST03808,6,35579.090000000004,5929.848333333334,0,10,5.0,Low
CUST03809,12,66356.45,5529.704166666666,0,10,1.6666666666666667,Low
CUST03810,8,2502.19,312.77375,0,10,3.75,Low
CUST03811,8,44388.47,5548.55875,0,10,1.25,Low
CUST03812,20,59066.670000000006,2953.3335,0,10,2.5,Low
CUST03813,12,13144.8,1095.3999999999999,0,10,3.3333333333333335,Low
CUST03814,11,7646.63,695.1481818181818,0,10,1.8181818181818181,Low
CUST03815,8,13508.2,1688.525,0,0,0.0,Low
CUST03816,7,2557.4,365.34285714285716,0,10,2.857142857142857,Low
CUST03817,15,20697.670000000002,1379.8446666666669,1,30,2.6666666666666665,Low
CUST03818,10,78919.54000000001,7891.954000000001,1,10,3.0,Low
CUST03819,13,18425.670000000002,1417.3592307692309,0,10,5.384615384615385,Low
CUST03820,10,6485.51,648.551,0,10,2.0,Low
CUST03821,11,313667.97,28515.269999999997,0,10,1.8181818181818181,Low
CUST03822,7,7033.889999999999,1004.8414285714285,0,10,1.4285714285714286,Low
CUST03823,13,199883.71,15375.67,0,10,1.5384615384615385,Low
CUST03824,11,21149.65,1922.6954545454546,0,10,3.6363636363636362,Low
CUST03825,11,103652.21,9422.928181818183,0,10,3.6363636363636362,Low
CUST03826,12,50579.57,4214.964166666667,0,10,3.3333333333333335,Low
CUST03827,13,6170.389999999999,474.64538461538456,0,10,2.3076923076923075,Low
CUST03828,13,6232.57,479.42846153846153,0,10,3.8461538461538463,Low
CUST03829,8,61733.5,7716.6875,0,10,2.5,Low
CUST03830,5,22196.05,4439.21,0,10,2.0,Low
CUST03831,8,40885.68,5110.71,1,15,3.125,Low
CUST03832,14,17968.48,1283.462857142857,0,0,0.0,Low
CUST03833,16,61321.78,3832.61125,1,10,3.75,Low
CUST03834,11,10517.81,956.1645454545454,1,10,3.6363636363636362,Low
CUST03835,9,71552.5,7950.277777777777,0,10,2.2222222222222223,Low
CUST03836,10,3604.23,360.423,0,10,5.0,Low
CUST03837,11,142207.54,12927.958181818183,0,10,3.6363636363636362,Low
CUST03838,10,17947.8,1794.78,0,10,3.0,Low
CUST03839,11,52290.98,4753.725454545455,1,10,0.9090909090909091,Low
CUST03840,5,39573.1,7914.62,0,10,2.0,Low
CUST03841,6,5305.74,884.29,0,0,0.0,Low
CUST03842,13,22018.36,1693.72,0,10,3.8461538461538463,Low
CUST03843,12,34410.76,2867.5633333333335,0,10,5.833333333333333,Low
CUST03844,6,134945.77000000002,22490.96166666667,0,10,5.0,Low
CUST03845,7,32943.03,4706.147142857143,0,0,0.0,Low
CUST03846,9,13027.15,1447.461111111111,0,10,1.1111111111111112,Low
CUST03847,8,122050.07,15256.25875,1,15,1.875,Low
CUST03848,6,10613.37,1768.8950000000002,0,10,1.6666666666666667,Low
CUST03849,9,56358.02,6262.0022222222215,1,10,1.1111111111111112,Low
CUST03850,20,161296.19,8064.8095,1,20,1.5,Low
CUST03851,10,4780.81,478.081,0,10,2.0,Low
CUST03852,11,358536.45,32594.22272727273,1,30,6.363636363636363,Low
CUST03853,4,1885.81,471.4525,0,0,0.0,Low
CUST03854,3,885.74,295.24666666666667,0,10,3.3333333333333335,Low
CUST03855,10,109730.88,10973.088,0,10,2.0,Low
CUST03856,7,14464.529999999999,2066.3614285714284,0,10,1.4285714285714286,Low
CUST03857,8,12384.22,1548.0275,0,10,3.75,Low
CUST03858,15,320717.19,21381.146,0,10,3.3333333333333335,Low
CUST03859,10,5919.59,591.9590000000001,0,10,4.0,Low
CUST03860,7,44009.44,6287.062857142858,0,0,0.0,Low
CUST03861,10,16247.28,1624.728,0,10,4.0,Low
CUST03862,9,142740.06,15860.006666666666,0,10,1.1111111111111112,Low
CUST03863,10,10414.99,1041.499,0,10,1.0,Low
CUST03864,8,161706.81,20213.35125,1,0,0.0,Low
CUST03865,9,122620.65,13624.516666666666,1,10,4.444444444444445,Low
CUST03866,12,6877.34,573.1116666666667,0,10,3.3333333333333335,Low
CUST03867,7,6693.84,956.2628571428571,0,10,2.857142857142857,Low
CUST03868,12,9685.800000000001,807.1500000000001,0,10,3.3333333333333335,Low
CUST03869,11,297009.77,27000.888181818184,1,20,2.727272727272727,Low
CUST03870,4,3166.13,791.5325,0,0,0.0,Low
CUST03871,12,8736.71,728.0591666666666,3,75,12.916666666666666,High
CUST03872,7,11119.39,1588.4842857142855,0,10,2.857142857142857,Low
CUST03873,8,67456.43,8432.05375,1,10,3.75,Low
CUST03874,5,19615.31,3923.0620000000004,0,10,6.0,Low
CUST03875,8,42864.41,5358.05125,0,10,3.75,Low
CUST03876,11,48408.57,4400.779090909091,0,10,1.8181818181818181,Low
CUST03877,9,20960.440000000002,2328.937777777778,1,10,1.1111111111111112,Low
CUST03878,7,174827.4,24975.342857142856,0,10,2.857142857142857,Low
CUST03879,12,10868.72,905.7266666666666,0,10,2.5,Low
CUST03880,14,35364.01,2526.0007142857144,0,10,2.857142857142857,Low
CUST03881,11,10469.56,951.7781818181818,0,10,1.8181818181818181,Low
CUST03882,13,313684.42,24129.57076923077,1,20,3.076923076923077,Low
CUST03883,11,12154.59,1104.9627272727273,0,10,0.9090909090909091,Low
CUST03884,13,4414.86,339.6046153846154,0,10,3.076923076923077,Low
CUST03885,5,3457.27,691.454,0,10,2.0,Low
CUST03886,14,66347.15,4739.082142857143,3,85,11.785714285714286,High
CUST03887,12,6402.39,533.5325,0,10,4.166666666666667,Low
CUST03888,11,52432.229999999996,4766.566363636363,2,20,3.6363636363636362,Low
CUST03889,14,40298.3,2878.4500000000003,3,75,11.071428571428571,High
CUST03890,14,227840.47,16274.319285714286,4,75,11.071428571428571,High
CUST03891,15,120817.45,8054.496666666667,2,10,2.6666666666666665,Low
CUST03892,16,58281.97,3642.623125,0,10,2.5,Low
CUST03893,6,4562.49,760.415,0,10,1.6666666666666667,Low
CUST03894,7,1047.22,149.60285714285715,0,0,0.0,Low
CUST03895,9,27072.96,3008.1066666666666,0,10,2.2222222222222223,Low
CUST03896,8,2648.1800000000003,331.02250000000004,0,10,2.5,Low
CUST03897,5,1615.78,323.156,0,10,4.0,Low
CUST03898,10,73476.91,7347.691000000001,1,10,2.0,Low
CUST03899,8,60044.24,7505.53,0,10,3.75,Low
CUST03900,9,56066.29,6229.587777777778,1,10,4.444444444444445,Low
CUST03901,12,9929.66,827.4716666666667,0,10,4.166666666666667,Low
CUST03902,14,32639.0,2331.3571428571427,0,10,1.4285714285714286,Low
CUST03903,10,34780.76,3478.076,3,75,12.5,High
CUST03904,3,8694.15,2898.0499999999997,0,0,0.0,Low
CUST03905,10,52708.1,5270.8099999999995,1,10,2.0,Low
CUST03906,10,12596.72,1259.672,1,20,7.0,Low
CUST03907,8,89177.52,11147.19,0,10,2.5,Low
CUST03908,12,2365.61,197.1341666666667,0,10,1.6666666666666667,Low
CUST03909,10,14736.619999999999,1473.6619999999998,0,10,3.0,Low
CUST03910,10,4714.36,471.436,1,10,3.0,Low
CUST03911,17,145974.94,8586.761176470589,0,10,2.3529411764705883,Low
CUST03912,10,20080.24,2008.0240000000001,0,10,3.0,Low
CUST03913,12,4233.77,352.8141666666667,0,10,3.3333333333333335,Low
CUST03914,8,2714.28,339.285,0,10,3.75,Low
CUST03915,9,150562.38,16729.153333333335,0,10,3.3333333333333335,Low
CUST03916,9,5907.55,656.3944444444445,0,10,4.444444444444445,Low
CUST03917,15,11979.74,798.6493333333333,0,10,2.6666666666666665,Low
CUST03918,7,16828.899999999998,2404.128571428571,0,10,1.4285714285714286,Low
CUST03919,7,36470.25,5210.035714285715,0,10,2.857142857142857,Low
CUST03920,10,7855.7,785.5699999999999,0,10,3.0,Low
CUST03921,11,64183.92,5834.901818181818,0,10,2.727272727272727,Low
CUST03922,12,24899.690000000002,2074.974166666667,0,10,5.0,Low
CUST03923,12,15809.269999999999,1317.4391666666666,0,10,2.5,Low
CUST03924,6,171637.99,28606.331666666665,1,30,8.333333333333334,Low
CUST03925,8,28191.14,3523.8925,0,10,2.5,Low
CUST03926,15,22274.64,1484.9759999999999,0,10,1.3333333333333333,Low
CUST03927,10,98849.0,9884.9,3,75,13.5,High
CUST03928,8,62094.71,7761.83875,1,0,0.0,Low
CUST03929,13,588531.47,45271.651538461534,0,10,2.3076923076923075,Low
CUST03930,13,11014.9,847.3,0,10,3.8461538461538463,Low
CUST03931,11,1723.54,156.68545454545455,0,10,1.8181818181818181,Low
CUST03932,20,361215.09,18060.754500000003,0,10,3.0,Low
CUST03933,14,58788.280000000006,4199.162857142857,3,75,11.071428571428571,High
CUST03934,7,15166.84,2166.691428571429,0,10,2.857142857142857,Low
CUST03935,13,44201.920000000006,3400.1476923076925,0,0,0.0,Low
CUST03936,11,79972.18000000001,7270.198181818182,1,10,1.8181818181818181,Low
CUST03937,8,8867.99,1108.49875,0,10,2.5,Low
CUST03938,11,17319.84,1574.530909090909,0,10,2.727272727272727,Low
CUST03939,10,114407.28,11440.728,0,10,4.0,Low
CUST03940,7,28799.48,4114.211428571429,0,10,1.4285714285714286,Low
CUST03941,9,1418.3899999999999,157.59888888888887,0,10,1.1111111111111112,Low
CUST03942,8,153044.58000000002,19130.572500000002,0,10,2.5,Low
CUST03943,7,59442.22,8491.745714285715,1,10,2.857142857142857,Low
CUST03944,10,52307.71,5230.771,0,10,2.0,Low
CUST03945,12,121309.69,10109.140833333333,1,10,3.3333333333333335,Low
CUST03946,6,47594.979999999996,7932.496666666666,0,10,3.3333333333333335,Low
CUST03947,11,75181.34999999999,6834.668181818181,2,25,4.090909090909091,Low
CUST03948,14,192290.76,13735.054285714286,1,30,5.714285714285714,Low
CUST03949,9,10044.39,1116.0433333333333,0,10,2.2222222222222223,Low
CUST03950,13,10864.16,835.7046153846154,3,10,3.076923076923077,Low
CUST03951,7,36388.72,5198.388571428572,0,10,4.285714285714286,Low
CUST03952,9,20665.230000000003,2296.136666666667,0,10,4.444444444444445,Low
CUST03953,12,25532.02,2127.6683333333335,0,10,4.166666666666667,Low
CUST03954,12,58112.21,4842.684166666667,1,10,2.5,Low
CUST03955,9,13392.880000000001,1488.097777777778,0,10,3.3333333333333335,Low
CUST03956,8,24354.670000000002,3044.3337500000002,0,10,2.5,Low
CUST03957,7,49410.42,7058.631428571428,0,0,0.0,Low
CUST03958,8,255402.57,31925.32125,0,10,1.25,Low
CUST03959,10,101806.83,10180.683,0,10,2.0,Low
CUST03960,12,304254.57,25354.5475,0,10,1.6666666666666667,Low
CUST03961,13,136734.58,10518.044615384615,1,10,2.3076923076923075,Low
CUST03962,13,168783.14,12983.318461538463,3,75,9.615384615384615,High
CUST03963,7,29309.9,4187.128571428571,0,10,2.857142857142857,Low
CUST03964,7,214009.24,30572.74857142857,0,0,0.0,Low
CUST03965,9,18494.69,2054.9655555555555,0,10,1.1111111111111112,Low
CUST03966,9,1958.71,217.63444444444445,0,10,1.1111111111111112,Low
CUST03967,7,61972.619999999995,8853.231428571427,0,10,1.4285714285714286,Low
CUST03968,12,5569.71,464.1425,0,10,0.8333333333333334,Low
CUST03969,6,45023.53,7503.921666666666,0,10,1.6666666666666667,Low
CUST03970,18,107170.8,5953.933333333333,0,10,2.7777777777777777,Low
CUST03971,14,63391.86,4527.99,1,30,6.428571428571429,Low
CUST03972,7,32160.74,4594.391428571429,1,20,4.285714285714286,Low
CUST03973,7,6079.93,868.5614285714286,0,10,1.4285714285714286,Low
CUST03974,10,119556.77,11955.677,0,10,1.0,Low
CUST03975,8,12984.93,1623.11625,0,10,1.25,Low
CUST03976,11,15994.86,1454.078181818182,0,10,1.8181818181818181,Low
CUST03977,7,2589.5699999999997,369.9385714285714,0,10,2.857142857142857,Low
CUST03978,12,114778.2,9564.85,1,10,2.5,Low
CUST03979,7,231923.78,33131.96857142857,0,0,0.0,Low
CUST03980,13,42188.55,3245.273076923077,0,10,2.3076923076923075,Low
CUST03981,4,30840.09,7710.0225,0,0,0.0,Low
CUST03982,8,13949.400000000001,1743.6750000000002,0,10,2.5,Low
CUST03983,6,7035.62,1172.6033333333332,0,0,0.0,Low
CUST03984,10,20124.64,2012.464,0,10,2.0,Low
CUST03985,7,18625.62,2660.802857142857,0,10,2.857142857142857,Low
CUST03986,17,338104.01,19888.47117647059,0,10,2.3529411764705883,Low
CUST03987,12,25675.55,2139.6291666666666,0,10,0.8333333333333334,Low
CUST03988,18,509218.72,28289.928888888888,1,15,1.9444444444444444,Low
CUST03989,8,288705.62,36088.2025,1,30,8.75,Low
CUST03990,5,28627.83,5725.566000000001,0,10,4.0,Low
CUST03991,4,118104.23000000001,29526.057500000003,0,0,0.0,Low
CUST03992,8,9873.0,1234.125,0,10,5.0,Low
CUST03993,4,2508.54,627.135,0,10,2.5,Low
CUST03994,11,56897.46,5172.496363636364,1,10,2.727272727272727,Low
CUST03995,6,6865.78,1144.2966666666666,0,0,0.0,Low
CUST03996,10,13534.6,1353.46,0,10,2.0,Low
CUST03997,9,58449.11,6494.345555555556,0,10,2.2222222222222223,Low
CUST03998,7,13683.2,1954.7428571428572,1,15,2.142857142857143,Low
CUST03999,14,321688.88,22977.777142857143,0,20,3.5714285714285716,Low
CUST04000,13,91288.81,7022.216153846153,0,0,0.0,Low
CUST04001,17,82575.37,4857.374705882353,0,10,2.9411764705882355,Low
CUST04002,10,25066.25,2506.625,0,10,4.0,Low
CUST04003,7,54592.61,7798.944285714286,1,10,2.857142857142857,Low
CUST04004,13,15089.36,1160.72,1,10,3.076923076923077,Low
CUST04005,14,2772.82,198.05857142857144,0,10,2.857142857142857,Low
CUST04006,5,8410.81,1682.1619999999998,1,10,2.0,Low
CUST04007,6,1448.15,241.35833333333335,0,10,1.6666666666666667,Low
CUST04008,9,4711.04,523.4488888888889,0,10,2.2222222222222223,Low
CUST04009,5,23336.25,4667.25,0,10,2.0,Low
CUST04010,13,5002.43,384.8023076923077,0,10,6.153846153846154,Low
CUST04011,18,53897.07,2994.2816666666668,1,10,2.2222222222222223,Low
CUST04012,10,29676.87,2967.687,0,10,3.0,Low
CUST04013,13,11548.560000000001,888.3507692307693,0,10,0.7692307692307693,Low
CUST04014,12,12894.119999999999,1074.51,0,10,4.166666666666667,Low
CUST04015,13,234945.51,18072.73153846154,0,10,2.3076923076923075,Low
CUST04016,10,26038.28,2603.828,0,10,3.0,Low
CUST04017,7,2084.9700000000003,297.8528571428572,0,10,4.285714285714286,Low
CUST04018,10,4314.78,431.47799999999995,0,10,5.0,Low
CUST04019,13,10268.33,789.8715384615384,0,10,4.615384615384615,Low
CUST04020,8,4830.5,603.8125,0,10,2.5,Low
CUST04021,15,11456.26,763.7506666666667,0,10,2.0,Low
CUST04022,11,22491.829999999998,2044.711818181818,0,0,0.0,Low
CUST04023,12,15063.23,1255.2691666666667,0,10,4.166666666666667,Low
CUST04024,10,27650.870000000003,2765.0870000000004,0,10,1.0,Low
CUST04025,10,143373.21,14337.321,0,10,2.0,Low
CUST04026,9,37372.2,4152.466666666666,0,10,4.444444444444445,Low
CUST04027,7,63330.81,9047.25857142857,0,10,4.285714285714286,Low
CUST04028,6,9484.23,1580.705,0,10,3.3333333333333335,Low
CUST04029,13,170175.13999999998,13090.395384615384,1,10,3.076923076923077,Low
CUST04030,10,152550.52,15255.052,0,10,1.0,Low
CUST04031,7,12556.87,1793.8385714285716,0,10,2.857142857142857,Low
CUST04032,12,297972.35000000003,24831.02916666667,1,20,5.833333333333333,Low
CUST04033,10,16693.19,1669.319,1,10,3.0,Low
CUST04034,11,13434.180000000002,1221.289090909091,0,10,1.8181818181818181,Low
CUST04035,5,226558.19,45311.638,0,10,4.0,Low
CUST04036,8,4830.9800000000005,603.8725000000001,0,10,1.25,Low
CUST04037,10,5078.5599999999995,507.85599999999994,1,30,5.0,Low
CUST04038,10,47888.13,4788.813,1,25,4.5,Low
CUST04039,10,47761.63,4776.163,0,10,4.0,Low
CUST04040,11,70488.2,6408.018181818182,0,10,1.8181818181818181,Low
CUST04041,11,36580.05,3325.459090909091,0,10,3.6363636363636362,Low
CUST04042,10,9729.02,972.902,0,10,3.0,Low
CUST04043,10,14690.09,1469.009,0,10,3.0,Low
CUST04044,5,7524.91,1504.982,0,10,2.0,Low
CUST04045,12,107233.83,8936.1525,0,10,4.166666666666667,Low
CUST04046,7,155991.93,22284.56142857143,0,10,4.285714285714286,Low
CUST04047,5,2238.84,447.76800000000003,0,10,2.0,Low
CUST04048,8,22779.239999999998,2847.4049999999997,0,10,2.5,Low
CUST04049,8,236833.19,29604.14875,0,10,1.25,Low
CUST04050,14,49081.61,3505.8292857142856,0,0,0.0,Low
CUST04051,5,1806.77,361.354,0,10,2.0,Low
CUST04052,11,5334.07,484.9154545454545,0,10,0.9090909090909091,Low
CUST04053,11,21349.46,1940.86,0,10,2.727272727272727,Low
CUST04054,12,16477.74,1373.1450000000002,0,0,0.0,Low
CUST04055,8,38639.86,4829.9825,0,10,2.5,Low
CUST04056,7,12049.57,1721.3671428571429,0,0,0.0,Low
CUST04057,11,949654.23,86332.20272727273,0,20,6.363636363636363,Low
CUST04058,6,27251.31,4541.885,0,10,5.0,Low
CUST04059,3,9853.59,3284.53,0,0,0.0,Low
CUST04060,14,11898.7,849.907142857143,0,10,2.857142857142857,Low
CUST04061,14,3612.87,258.0621428571429,0,10,2.857142857142857,Low
CUST04062,5,27206.22,5441.244000000001,0,10,4.0,Low
CUST04063,8,124207.31,15525.91375,1,10,2.5,Low
CUST04064,12,6516.83,543.0691666666667,0,10,1.6666666666666667,Low
CUST04065,7,48076.76,6868.108571428572,0,10,2.857142857142857,Low
CUST04066,6,43303.81,7217.301666666666,0,10,1.6666666666666667,Low
CUST04067,10,34570.23,3457.023,0,10,4.0,Low
CUST04068,5,208783.97,41756.794,0,10,2.0,Low
CUST04069,8,4620.84,577.605,0,10,6.25,Low
CUST04070,10,46107.98,4610.798000000001,1,10,3.0,Low
CUST04071,7,27843.39,3977.6271428571426,0,10,2.857142857142857,Low
CUST04072,11,67602.19,6145.653636363637,0,10,2.727272727272727,Low
CUST04073,12,201906.6,16825.55,0,30,7.5,Low
CUST04074,13,8538.21,656.7853846153846,1,15,4.230769230769231,Low
CUST04075,12,7567.65,630.6374999999999,0,10,1.6666666666666667,Low
CUST04076,13,7441.79,572.4453846153846,0,0,0.0,Low
CUST04077,10,16224.96,1622.4959999999999,0,10,1.0,Low
CUST04078,11,304857.75,27714.340909090908,0,10,4.545454545454546,Low
CUST04079,10,4753.75,475.375,0,10,2.0,Low
CUST04080,5,39272.560000000005,7854.512000000001,0,10,2.0,Low
CUST04081,6,60665.29,10110.881666666666,0,10,3.3333333333333335,Low
CUST04082,7,20441.48,2920.2114285714283,0,10,2.857142857142857,Low
CUST04083,16,6559.33,409.958125,0,10,1.875,Low
CUST04084,7,3916.38,559.4828571428571,0,10,1.4285714285714286,Low
CUST04085,14,12250.61,875.0435714285715,1,20,4.285714285714286,Low
CUST04086,14,352491.22,25177.944285714282,0,10,1.4285714285714286,Low
CUST04087,8,48029.770000000004,6003.7212500000005,0,10,5.0,Low
CUST04088,13,14865.52,1143.5015384615385,0,10,3.076923076923077,Low
CUST04089,11,35482.91,3225.7190909090914,0,10,2.727272727272727,Low
CUST04090,16,9264.23,579.014375,0,10,0.625,Low
CUST04091,9,147586.39,16398.48777777778,0,10,3.3333333333333335,Low
CUST04092,7,125666.86,17952.408571428572,0,10,2.857142857142857,Low
CUST04093,13,20413.73,1570.2869230769231,0,10,0.7692307692307693,Low
CUST04094,7,3893.76,556.2514285714286,0,10,2.857142857142857,Low
CUST04095,8,46464.15,5808.01875,0,10,1.25,Low
CUST04096,11,71020.08,6456.37090909091,0,10,4.545454545454546,Low
CUST04097,10,60762.9,6076.29,0,10,3.0,Low
CUST04098,10,26484.14,2648.4139999999998,0,10,1.0,Low
CUST04099,6,29048.12,4841.3533333333335,0,10,3.3333333333333335,Low
CUST04100,7,180808.28,25829.754285714287,0,10,1.4285714285714286,Low
CUST04101,14,5425.96,387.56857142857143,1,10,2.857142857142857,Low
CUST04102,6,3617.96,602.9933333333333,0,10,5.0,Low
CUST04103,10,45297.66,4529.7660000000005,1,20,3.0,Low
CUST04104,12,1706.41,142.20083333333335,0,10,3.3333333333333335,Low
CUST04105,11,15657.36,1423.3963636363637,0,10,3.6363636363636362,Low
CUST04106,6,2039.4,339.90000000000003,0,10,3.3333333333333335,Low
CUST04107,8,16554.57,2069.32125,0,10,5.0,Low
CUST04108,8,15860.249999999998,1982.5312499999998,0,10,3.75,Low
CUST04109,8,36850.270000000004,4606.2837500000005,0,10,2.5,Low
CUST04110,9,3602.8700000000003,400.3188888888889,1,20,5.555555555555555,Low
CUST04111,10,17319.920000000002,1731.9920000000002,0,10,2.0,Low
CUST04112,9,48751.22,5416.802222222223,0,10,2.2222222222222223,Low
CUST04113,6,25511.61,4251.935,1,10,3.3333333333333335,Low
CUST04114,12,62611.93,5217.660833333333,4,75,15.0,High
CUST04115,9,95686.46,10631.82888888889,0,10,3.3333333333333335,Low
CUST04116,7,3640.61,520.0871428571429,0,10,2.857142857142857,Low
CUST04117,9,79495.34,8832.815555555555,2,20,4.444444444444445,Low
CUST04118,8,18616.13,2327.01625,0,10,1.25,Low
CUST04119,11,10116.16,919.6509090909091,0,10,2.727272727272727,Low
CUST04120,14,17611.63,1257.9735714285714,0,10,2.857142857142857,Low
CUST04121,8,9183.37,1147.92125,1,15,4.375,Low
CUST04122,8,1767.8200000000002,220.97750000000002,0,10,3.75,Low
CUST04123,17,25333.39,1490.199411764706,0,10,4.705882352941177,Low
CUST04124,7,35040.33,5005.761428571429,0,10,1.4285714285714286,Low
CUST04125,16,110322.88,6895.18,0,10,2.5,Low
CUST04126,6,136387.6,22731.266666666666,0,10,1.6666666666666667,Low
CUST04127,12,4053.4,337.78333333333336,0,10,0.8333333333333334,Low
CUST04128,10,77274.40000000001,7727.4400000000005,2,20,4.0,Low
CUST04129,13,8453.78,650.2907692307692,0,10,2.3076923076923075,Low
CUST04130,3,6894.6,2298.2000000000003,0,10,3.3333333333333335,Low
CUST04131,5,182875.65,36575.13,0,20,6.0,Low
CUST04132,12,62127.350000000006,5177.279166666667,1,10,1.6666666666666667,Low
CUST04133,8,32100.04,4012.505,0,10,2.5,Low
CUST04134,9,16524.15,1836.0166666666669,0,10,1.1111111111111112,Low
CUST04135,17,30946.57,1820.3864705882352,0,10,1.7647058823529411,Low
CUST04136,10,580890.41,58089.041000000005,1,20,6.0,Low
CUST04137,9,86490.18,9610.019999999999,0,10,1.1111111111111112,Low
CUST04138,12,21324.17,1777.0141666666666,0,10,2.5,Low
CUST04139,9,28746.530000000002,3194.058888888889,1,10,5.555555555555555,Low
CUST04140,11,17048.74,1549.8854545454546,0,10,2.727272727272727,Low
CUST04141,13,25282.449999999997,1944.8038461538458,0,10,1.5384615384615385,Low
CUST04142,8,82387.16,10298.395,0,10,1.25,Low
CUST04143,12,28752.82,2396.068333333333,0,10,3.3333333333333335,Low
CUST04144,8,4828.51,603.56375,0,10,3.75,Low
CUST04145,9,8880.91,986.7677777777777,0,10,1.1111111111111112,Low
CUST04146,6,16530.309999999998,2755.0516666666663,0,10,1.6666666666666667,Low
CUST04147,12,392972.52999999997,32747.71083333333,3,15,2.0833333333333335,Low
CUST04148,10,11356.43,1135.643,0,10,1.0,Low
CUST04149,10,22853.62,2285.362,0,10,1.0,Low
CUST04150,10,4415.56,441.55600000000004,0,10,4.0,Low
CUST04151,9,108409.7,12045.522222222222,1,10,5.555555555555555,Low
CUST04152,7,44382.62,6340.374285714286,0,10,1.4285714285714286,Low
CUST04153,11,14856.04,1350.549090909091,0,10,2.727272727272727,Low
CUST04154,11,86019.8,7819.981818181818,0,10,3.6363636363636362,Low
CUST04155,6,7591.04,1265.1733333333334,0,0,0.0,Low
CUST04156,8,49472.7,6184.0875,1,10,2.5,Low
CUST04157,10,33837.15,3383.715,0,10,2.0,Low
CUST04158,8,41778.28,5222.285,0,10,2.5,Low
CUST04159,8,40057.03,5007.12875,0,10,1.25,Low
CUST04160,15,14478.42,965.228,0,10,2.6666666666666665,Low
CUST04161,12,11841.84,986.82,0,10,2.5,Low
CUST04162,8,10568.11,1321.01375,0,10,2.5,Low
CUST04163,17,59487.25,3499.25,0,10,3.5294117647058822,Low
CUST04164,10,245019.47000000003,24501.947000000004,0,10,2.0,Low
CUST04165,6,160708.22,26784.703333333335,0,10,6.666666666666667,Low
CUST04166,7,5373.86,767.6942857142857,1,20,4.285714285714286,Low
CUST04167,8,15085.27,1885.65875,0,10,3.75,Low
CUST04168,10,29245.05,2924.505,0,10,2.0,Low
CUST04169,13,9413.74,724.1338461538461,0,10,3.8461538461538463,Low
CUST04170,11,18937.95,1721.6318181818183,1,15,3.1818181818181817,Low
CUST04171,9,31140.190000000002,3460.021111111111,0,10,3.3333333333333335,Low
CUST04172,13,25223.469999999998,1940.266923076923,3,75,11.153846153846153,High
CUST04173,7,59733.74,8533.391428571429,0,10,4.285714285714286,Low
CUST04174,13,59016.0,4539.692307692308,0,10,3.076923076923077,Low
CUST04175,7,29918.81,4274.115714285715,0,10,4.285714285714286,Low
CUST04176,14,224802.16999999998,16057.297857142856,1,10,1.4285714285714286,Low
CUST04177,14,31031.120000000003,2216.5085714285715,0,10,3.5714285714285716,Low
CUST04178,8,16420.01,2052.50125,0,0,0.0,Low
CUST04179,10,8165.37,816.537,0,0,0.0,Low
CUST04180,13,22666.3,1743.5615384615385,0,10,2.3076923076923075,Low
CUST04181,15,10039.46,669.2973333333333,0,10,2.0,Low
CUST04182,9,319705.3,35522.81111111111,0,10,5.555555555555555,Low
CUST04183,11,70917.9,6447.081818181818,0,10,2.727272727272727,Low
CUST04184,18,35344.47,1963.5816666666667,3,85,10.277777777777779,High
CUST04185,13,73112.56,5624.043076923077,0,10,3.8461538461538463,Low
CUST04186,15,23139.75,1542.65,0,10,2.6666666666666665,Low
CUST04187,12,34236.14,2853.0116666666668,0,10,3.3333333333333335,Low
CUST04188,11,7645.950000000001,695.0863636363637,0,10,0.9090909090909091,Low
CUST04189,7,51859.82,7408.545714285714,0,0,0.0,Low
CUST04190,6,16516.22,2752.7033333333334,0,10,5.0,Low
CUST04191,18,51907.46,2883.7477777777776,0,10,1.6666666666666667,Low
CUST04192,7,3838.58,548.3685714285714,0,0,0.0,Low
CUST04193,7,3887.66,555.38,0,10,2.857142857142857,Low
CUST04194,13,256870.23,19759.248461538464,0,10,2.3076923076923075,Low
CUST04195,11,123811.70999999999,11255.609999999999,1,0,0.0,Low
CUST04196,5,1390.65,278.13,0,0,0.0,Low
CUST04197,15,713149.46,47543.29733333333,0,20,2.6666666666666665,Low
CUST04198,13,25830.45,1986.9576923076925,1,20,2.3076923076923075,Low
CUST04199,14,144139.01,10295.643571428573,1,10,2.857142857142857,Low
CUST04200,10,26766.07,2676.607,0,10,2.0,Low
CUST04201,14,17412.83,1243.7735714285716,2,20,3.9285714285714284,Low
CUST04202,15,40512.71,2700.847333333333,1,30,3.3333333333333335,Low
CUST04203,8,5713.13,714.14125,0,0,0.0,Low
CUST04204,5,3995.74,799.1479999999999,0,10,6.0,Low
CUST04205,9,7828.54,869.8377777777778,0,10,2.2222222222222223,Low
CUST04206,9,49484.68,5498.297777777778,0,10,1.1111111111111112,Low
CUST04207,12,22166.94,1847.245,0,10,2.5,Low
CUST04208,12,4762.12,396.8433333333333,1,20,3.3333333333333335,Low
CUST04209,13,13670.49,1051.5761538461538,0,10,1.5384615384615385,Low
CUST04210,12,319902.39,26658.5325,0,30,8.333333333333334,Low
CUST04211,7,29564.41,4223.487142857143,0,0,0.0,Low
CUST04212,16,2299.6800000000003,143.73000000000002,0,10,0.625,Low
CUST04213,13,13440.16,1033.8584615384616,1,20,3.8461538461538463,Low
CUST04214,10,6118.43,611.8430000000001,1,20,2.0,Low
CUST04215,11,45151.96,4104.723636363637,0,10,2.727272727272727,Low
CUST04216,5,8177.48,1635.4959999999999,0,10,6.0,Low
CUST04217,6,5865.04,977.5066666666667,0,10,3.3333333333333335,Low
CUST04218,7,945.32,135.0457142857143,0,10,2.857142857142857,Low
CUST04219,8,14774.08,1846.76,0,10,1.25,Low
CUST04220,10,141112.0,14111.2,0,10,6.0,Low
CUST04221,4,115849.37,28962.3425,0,10,2.5,Low
CUST04222,14,2213.48,158.1057142857143,0,10,3.5714285714285716,Low
CUST04223,10,72030.99,7203.099,3,75,15.5,High
CUST04224,11,178931.64,16266.512727272728,1,10,1.8181818181818181,Low
CUST04225,8,16902.49,2112.81125,0,10,2.5,Low
CUST04226,12,288317.91000000003,24026.492500000004,1,10,3.3333333333333335,Low
CUST04227,5,51677.9,10335.58,0,0,0.0,Low
CUST04228,19,25735.39,1354.4942105263158,3,55,7.631578947368421,Medium
CUST04229,9,26847.420000000002,2983.046666666667,0,10,3.3333333333333335,Low
CUST04230,6,22394.31,3732.385,0,0,0.0,Low
CUST04231,8,20021.21,2502.65125,1,20,6.25,Low
CUST04232,15,129784.27,8652.284666666666,0,10,2.6666666666666665,Low
CUST04233,9,2519.82,279.98,0,10,4.444444444444445,Low
CUST04234,13,23959.3,1843.0230769230768,0,0,0.0,Low
CUST04235,8,33467.84,4183.48,0,10,5.0,Low
CUST04236,3,51279.24,17093.079999999998,1,10,10.0,Low
CUST04237,9,22430.07,2492.23,0,10,3.3333333333333335,Low
CUST04238,11,9060.31,823.6645454545454,0,10,1.8181818181818181,Low
CUST04239,13,43703.74,3361.826153846154,3,85,14.23076923076923,High
CUST04240,12,41237.77,3436.480833333333,0,10,3.3333333333333335,Low
CUST04241,10,19874.27,1987.4270000000001,0,10,2.0,Low
CUST04242,15,9638.51,642.5673333333333,0,10,2.0,Low
CUST04243,12,20565.280000000002,1713.7733333333335,0,10,1.6666666666666667,Low
CUST04244,8,38787.0,4848.375,0,10,3.75,Low
CUST04245,5,2086.32,417.264,0,10,2.0,Low
CUST04246,13,61621.159999999996,4740.08923076923,2,10,1.5384615384615385,Low
CUST04247,7,16267.92,2323.9885714285715,0,0,0.0,Low
CUST04248,12,132454.32,11037.86,1,10,0.8333333333333334,Low
CUST04249,7,999.03,142.71857142857144,0,10,2.857142857142857,Low
CUST04250,11,126744.8,11522.254545454545,0,10,2.727272727272727,Low
CUST04251,9,2963.43,329.27,0,0,0.0,Low
CUST04252,13,17753.44,1365.6492307692306,0,10,1.5384615384615385,Low
CUST04253,12,73993.57,6166.130833333334,0,10,1.6666666666666667,Low
CUST04254,11,248367.41,22578.855454545454,1,10,1.8181818181818181,Low
CUST04255,4,12548.06,3137.015,0,10,10.0,Low
CUST04256,8,15841.0,1980.125,0,10,6.25,Low
CUST04257,14,9671.77,690.8407142857143,1,30,5.0,Low
CUST04258,12,219121.19,18260.099166666667,0,10,1.6666666666666667,Low
CUST04259,13,4521.05,347.7730769230769,0,10,2.3076923076923075,Low
CUST04260,9,11027.130000000001,1225.2366666666667,0,10,3.3333333333333335,Low
CUST04261,13,5996.65,461.2807692307692,0,10,1.5384615384615385,Low
CUST04262,11,22435.97,2039.6336363636365,0,10,1.8181818181818181,Low
CUST04263,11,18290.87,1662.8063636363636,0,10,1.8181818181818181,Low
CUST04264,8,20967.16,2620.895,1,20,5.0,Low
CUST04265,9,8183.67,909.2966666666666,0,0,0.0,Low
CUST04266,8,2909.21,363.65125,1,25,3.125,Low
CUST04267,5,124262.01000000001,24852.402000000002,0,10,2.0,Low
CUST04268,10,270937.83,27093.783000000003,0,10,3.0,Low
CUST04269,5,2819.32,563.864,0,10,2.0,Low
CUST04270,6,6632.57,1105.4283333333333,1,15,2.5,Low
CUST04271,5,1735.25,347.05,0,10,2.0,Low
CUST04272,11,55389.07,5035.37,0,10,1.8181818181818181,Low
CUST04273,9,74801.83,8311.314444444444,0,0,0.0,Low
CUST04274,8,7256.94,907.1175,0,10,5.0,Low
CUST04275,8,19702.9,2462.8625,0,10,1.25,Low
CUST04276,14,29439.77,2102.8407142857145,0,10,2.142857142857143,Low
CUST04277,10,5261.06,526.106,0,10,1.0,Low
CUST04278,4,2871.54,717.885,0,0,0.0,Low
CUST04279,10,54511.03999999999,5451.103999999999,2,20,4.0,Low
CUST04280,13,20826.8,1602.0615384615385,0,10,3.8461538461538463,Low
CUST04281,8,21091.64,2636.455,0,10,2.5,Low
CUST04282,7,1340.06,191.43714285714285,0,10,1.4285714285714286,Low
CUST04283,12,9835.42,819.6183333333333,0,10,3.3333333333333335,Low
CUST04284,10,47830.08,4783.008,0,10,3.0,Low
CUST04285,7,12848.33,1835.4757142857143,0,10,1.4285714285714286,Low
CUST04286,15,272349.57,18156.638,2,15,3.0,Low
CUST04287,16,122558.51999999999,7659.907499999999,0,10,3.75,Low
CUST04288,17,38123.94,2242.584705882353,1,15,2.6470588235294117,Low
CUST04289,8,34517.45,4314.68125,0,0,0.0,Low
CUST04290,8,9415.83,1176.97875,0,10,2.5,Low
CUST04291,12,10375.06,864.5883333333333,0,10,3.3333333333333335,Low
CUST04292,12,445787.2,37148.933333333334,0,10,1.6666666666666667,Low
CUST04293,17,26149.87,1538.2276470588235,1,20,3.5294117647058822,Low
CUST04294,3,9260.56,3086.853333333333,0,10,6.666666666666667,Low
CUST04295,10,50099.09,5009.909,0,10,2.0,Low
CUST04296,8,25589.1,3198.6375,0,10,2.5,Low
CUST04297,12,7702.6,641.8833333333333,0,10,1.6666666666666667,Low
CUST04298,7,10837.98,1548.282857142857,0,10,4.285714285714286,Low
CUST04299,9,7207.35,800.8166666666667,0,10,3.3333333333333335,Low
CUST04300,12,24800.59,2066.715833333333,0,10,0.8333333333333334,Low
CUST04301,8,6941.76,867.72,0,10,1.25,Low
CUST04302,9,27655.88,3072.875555555556,0,10,1.1111111111111112,Low
CUST04303,11,7790.42,708.22,0,10,3.6363636363636362,Low
CUST04304,11,4862.4,442.0363636363636,0,10,2.727272727272727,Low
CUST04305,4,39786.63,9946.6575,0,10,2.5,Low
CUST04306,13,99383.54,7644.887692307691,0,10,2.3076923076923075,Low
CUST04307,11,65372.439999999995,5942.94909090909,0,10,2.727272727272727,Low
CUST04308,14,56502.58,4035.8985714285714,1,10,1.4285714285714286,Low
CUST04309,11,45271.04,4115.549090909091,0,10,1.8181818181818181,Low
CUST04310,12,19547.76,1628.9799999999998,0,10,4.166666666666667,Low
CUST04311,13,30025.65,2309.665384615385,1,20,2.3076923076923075,Low
CUST04312,9,3909.8199999999997,434.4244444444444,0,10,1.1111111111111112,Low
CUST04313,10,16091.98,1609.1979999999999,0,10,2.0,Low
CUST04314,9,5658.16,628.6844444444445,0,10,1.1111111111111112,Low
CUST04315,13,147959.91,11381.531538461539,0,10,1.5384615384615385,Low
CUST04316,11,29073.14,2643.0127272727273,0,10,0.9090909090909091,Low
CUST04317,8,11550.56,1443.82,0,10,1.25,Low
CUST04318,6,42747.63,7124.605,0,10,1.6666666666666667,Low
CUST04319,9,9959.869999999999,1106.652222222222,0,10,1.1111111111111112,Low
CUST04320,12,6200.14,516.6783333333334,0,10,1.6666666666666667,Low
CUST04321,10,8668.94,866.894,0,10,4.0,Low
CUST04322,8,11547.53,1443.44125,0,10,5.0,Low
CUST04323,12,5681.68,473.47333333333336,1,10,4.166666666666667,Low
CUST04324,11,32417.36,2947.0327272727272,1,10,1.8181818181818181,Low
CUST04325,13,53547.31,4119.023846153846,1,10,1.5384615384615385,Low
CUST04326,5,6958.32,1391.664,0,10,2.0,Low
CUST04327,8,48098.350000000006,6012.293750000001,0,10,2.5,Low
CUST04328,15,517380.99,34492.066,0,10,2.0,Low
CUST04329,15,10940.16,729.3439999999999,0,10,2.0,Low
CUST04330,7,2227.82,318.26000000000005,0,10,5.714285714285714,Low
CUST04331,8,58566.17,7320.77125,0,10,3.75,Low
CUST04332,15,382841.59,25522.772666666668,0,10,2.0,Low
CUST04333,7,20270.08,2895.7257142857147,0,10,4.285714285714286,Low
CUST04334,8,3147.3900000000003,393.42375000000004,0,10,1.25,Low
CUST04335,8,445460.58,55682.5725,0,20,7.5,Low
CUST04336,7,29524.96,4217.851428571428,0,10,5.714285714285714,Low
CUST04337,7,81382.72,11626.102857142858,0,10,2.857142857142857,Low
CUST04338,7,32266.93,4609.561428571428,0,10,2.857142857142857,Low
CUST04339,12,18533.18,1544.4316666666666,0,10,1.6666666666666667,Low
CUST04340,12,30323.35,2526.945833333333,1,20,5.833333333333333,Low
CUST04341,11,2763.16,251.19636363636363,0,10,1.8181818181818181,Low
CUST04342,11,9645.439999999999,876.8581818181817,0,10,0.9090909090909091,Low
CUST04343,5,28644.260000000002,5728.852000000001,0,10,2.0,Low
CUST04344,14,230932.12,16495.15142857143,0,10,2.857142857142857,Low
CUST04345,12,20427.72,1702.3100000000002,0,0,0.0,Low
CUST04346,11,27529.84,2502.712727272727,2,20,2.727272727272727,Low
CUST04347,15,82835.34,5522.356,0,10,2.0,Low
CUST04348,10,375654.16000000003,37565.416000000005,0,10,3.0,Low
CUST04349,8,4491.19,561.39875,0,10,2.5,Low
CUST04350,14,93624.73999999999,6687.481428571428,0,10,0.7142857142857143,Low
CUST04351,13,12727.42,979.0323076923077,2,30,8.076923076923077,Low
CUST04352,6,33103.69,5517.281666666667,0,10,5.0,Low
CUST04353,6,4470.84,745.14,0,10,5.0,Low
CUST04354,11,17237.08,1567.007272727273,0,10,1.8181818181818181,Low
CUST04355,9,77918.42,8657.602222222222,0,10,5.555555555555555,Low
CUST04356,9,17674.77,1963.8633333333335,0,10,1.1111111111111112,Low
CUST04357,4,13125.759999999998,3281.4399999999996,0,10,2.5,Low
CUST04358,8,68073.57,8509.19625,0,10,2.5,Low
CUST04359,14,26722.88,1908.777142857143,3,85,14.642857142857142,High
CUST04360,6,63910.43,10651.738333333333,0,10,1.6666666666666667,Low
CUST04361,9,273935.42,30437.268888888888,0,20,4.444444444444445,Low
CUST04362,14,258907.55,18493.39642857143,1,20,2.857142857142857,Low
CUST04363,15,104867.81,6991.187333333333,0,10,3.3333333333333335,Low
CUST04364,11,16156.94,1468.8127272727272,1,15,5.0,Low
CUST04365,10,87472.49,8747.249,1,10,1.0,Low
CUST04366,5,3932.36,786.472,0,10,2.0,Low
CUST04367,7,324110.19999999995,46301.457142857136,0,10,1.4285714285714286,Low
CUST04368,4,6197.37,1549.3425,0,10,2.5,Low
CUST04369,8,2120.88,265.11,0,10,2.5,Low
CUST04370,11,22608.39,2055.3081818181818,0,10,2.727272727272727,Low
CUST04371,14,110034.39,7859.5992857142855,2,10,2.857142857142857,Low
CUST04372,10,10156.960000000001,1015.6960000000001,0,10,5.0,Low
CUST04373,10,25307.75,2530.775,0,10,4.0,Low
CUST04374,11,78959.56,7178.141818181818,1,10,3.6363636363636362,Low
CUST04375,11,60034.25,5457.659090909091,1,10,1.8181818181818181,Low
CUST04376,7,5506.68,786.6685714285715,0,0,0.0,Low
CUST04377,11,11015.85,1001.4409090909091,0,10,1.8181818181818181,Low
CUST04378,12,5038.95,419.91249999999997,0,10,3.3333333333333335,Low
CUST04379,10,12865.77,1286.577,0,10,1.0,Low
CUST04380,10,332969.0,33296.9,0,10,2.0,Low
CUST04381,9,2546.7999999999997,282.97777777777776,0,10,2.2222222222222223,Low
CUST04382,12,65253.37,5437.780833333333,2,15,2.9166666666666665,Low
CUST04383,2,66321.48999999999,33160.744999999995,0,0,0.0,Low
CUST04384,11,10471.46,951.950909090909,0,10,0.9090909090909091,Low
CUST04385,12,6316.860000000001,526.4050000000001,0,10,2.5,Low
CUST04386,6,8841.029999999999,1473.5049999999999,0,0,0.0,Low
CUST04387,12,25742.670000000002,2145.2225000000003,1,20,3.3333333333333335,Low
CUST04388,10,7503.610000000001,750.3610000000001,0,10,4.0,Low
CUST04389,7,48399.64,6914.234285714286,0,10,1.4285714285714286,Low
CUST04390,7,79114.98,11302.14,0,10,2.857142857142857,Low
CUST04391,10,9985.279999999999,998.5279999999999,0,10,2.0,Low
CUST04392,6,4788.96,798.16,0,10,1.6666666666666667,Low
CUST04393,13,12681.91,975.5315384615385,0,10,3.8461538461538463,Low
CUST04394,10,8331.29,833.1290000000001,2,20,4.5,Low
CUST04395,9,233516.52,25946.28,0,20,3.3333333333333335,Low
CUST04396,12,91315.95999999999,7609.663333333333,0,10,1.6666666666666667,Low
CUST04397,6,140763.2,23460.533333333336,0,10,1.6666666666666667,Low
CUST04398,6,56551.079999999994,9425.179999999998,0,10,5.0,Low
CUST04399,6,19352.48,3225.4133333333334,0,10,5.0,Low
CUST04400,9,13007.94,1445.3266666666668,0,10,1.1111111111111112,Low
CUST04401,8,5127.93,640.99125,0,10,1.25,Low
CUST04402,10,193048.6,19304.86,0,10,4.0,Low
CUST04403,5,8721.01,1744.202,0,10,4.0,Low
CUST04404,9,64925.7,7213.966666666666,1,10,3.3333333333333335,Low
CUST04405,13,399728.65,30748.357692307694,0,30,3.076923076923077,Low
CUST04406,9,28576.32,3175.1466666666665,1,10,1.1111111111111112,Low
CUST04407,8,22492.21,2811.52625,0,0,0.0,Low
CUST04408,7,72299.0,10328.42857142857,1,0,0.0,Low
CUST04409,3,9205.84,3068.6133333333332,0,10,3.3333333333333335,Low
CUST04410,15,71209.0,4747.266666666666,2,20,4.666666666666667,Low
CUST04411,11,47446.32,4313.301818181818,1,20,4.545454545454546,Low
CUST04412,10,17019.57,1701.9569999999999,0,10,3.0,Low
CUST04413,12,63737.12,5311.426666666667,1,20,3.3333333333333335,Low
CUST04414,14,87044.05,6217.432142857143,3,75,9.642857142857142,High
CUST04415,10,15270.02,1527.002,0,10,1.0,Low
CUST04416,11,3781.18,343.74363636363637,1,10,4.545454545454546,Low
CUST04417,6,9439.3,1573.2166666666665,0,10,5.0,Low
CUST04418,9,11248.44,1249.8266666666668,0,10,1.1111111111111112,Low
CUST04419,15,137813.05,9187.536666666665,1,20,2.6666666666666665,Low
CUST04420,10,14603.91,1460.391,0,10,3.0,Low
CUST04421,7,27016.39,3859.4842857142858,0,10,2.857142857142857,Low
CUST04422,10,30245.72,3024.572,1,25,4.5,Low
CUST04423,11,59234.11,5384.919090909091,0,10,1.8181818181818181,Low
CUST04424,7,63610.11,9087.158571428572,1,0,0.0,Low
CUST04425,9,78068.23,8674.247777777777,0,10,2.2222222222222223,Low
CUST04426,15,4469.7300000000005,297.982,0,10,1.3333333333333333,Low
CUST04427,7,16397.26,2342.465714285714,0,10,4.285714285714286,Low
CUST04428,11,434219.25,39474.47727272727,0,20,4.545454545454546,Low
CUST04429,8,4561.52,570.19,0,10,1.25,Low
CUST04430,10,130860.05,13086.005000000001,1,10,5.0,Low
CUST04431,11,17192.11,1562.919090909091,1,30,4.545454545454546,Low
CUST04432,11,123380.46,11216.405454545455,0,10,3.6363636363636362,Low
CUST04433,14,14446.529999999999,1031.895,0,10,2.857142857142857,Low
CUST04434,10,3549.41,354.941,1,10,1.0,Low
CUST04435,10,12602.1,1260.21,0,10,2.0,Low
CUST04436,6,19726.42,3287.736666666666,0,10,5.0,Low
CUST04437,10,19290.87,1929.087,0,0,0.0,Low
CUST04438,10,76438.38,7643.838000000001,0,10,4.0,Low
CUST04439,7,37392.94,5341.848571428572,0,10,4.285714285714286,Low
CUST04440,14,15637.66,1116.9757142857143,0,10,1.4285714285714286,Low
CUST04441,13,70031.61,5387.046923076923,1,10,1.5384615384615385,Low
CUST04442,12,16953.68,1412.8066666666666,0,10,2.5,Low
CUST04443,8,7239.01,904.87625,0,10,5.0,Low
CUST04444,9,45597.29,5066.365555555556,0,10,1.1111111111111112,Low
CUST04445,5,39543.78,7908.755999999999,0,10,2.0,Low
CUST04446,6,2927.65,487.94166666666666,0,10,5.0,Low
CUST04447,18,13772.5,765.1388888888889,0,10,2.7777777777777777,Low
CUST04448,8,4753.84,594.23,0,0,0.0,Low
CUST04449,5,11896.19,2379.2380000000003,1,10,4.0,Low
CUST04450,14,18768.11,1340.5792857142858,0,10,3.5714285714285716,Low
CUST04451,14,65183.619999999995,4655.972857142857,1,10,1.4285714285714286,Low
CUST04452,7,2488.46,355.4942857142857,0,0,0.0,Low
CUST04453,16,62337.25,3896.078125,1,10,3.75,Low
CUST04454,16,103454.56,6465.91,0,10,2.5,Low
CUST04455,13,64368.469999999994,4951.420769230769,1,10,0.7692307692307693,Low
CUST04456,12,10307.83,858.9858333333333,0,10,5.0,Low
CUST04457,11,6155.1,559.5545454545455,0,10,2.727272727272727,Low
CUST04458,11,1714.9299999999998,155.90272727272725,0,10,0.9090909090909091,Low
CUST04459,6,22090.77,3681.795,0,10,1.6666666666666667,Low
CUST04460,13,763347.19,58719.014615384614,0,20,3.8461538461538463,Low
CUST04461,13,276725.62,21286.586153846154,0,10,1.5384615384615385,Low
CUST04462,10,139413.29,13941.329000000002,0,0,0.0,Low
CUST04463,19,117949.48,6207.867368421053,3,75,8.68421052631579,High
CUST04464,8,4506.08,563.26,0,10,2.5,Low
CUST04465,16,8276.33,517.270625,0,10,3.125,Low
CUST04466,7,7877.29,1125.327142857143,0,10,2.857142857142857,Low
CUST04467,10,77743.75,7774.375,0,10,2.0,Low
CUST04468,14,41785.81,2984.700714285714,0,10,2.857142857142857,Low
CUST04469,6,65628.73000000001,10938.121666666668,0,10,5.0,Low
CUST04470,5,6676.629999999999,1335.3259999999998,0,10,4.0,Low
CUST04471,11,445383.17,40489.37909090909,0,10,2.727272727272727,Low
CUST04472,11,1833.16,166.6509090909091,0,0,0.0,Low
CUST04473,9,58455.83,6495.0922222222225,0,10,1.1111111111111112,Low
CUST04474,9,50107.1,5567.455555555555,1,10,1.1111111111111112,Low
CUST04475,6,11135.53,1855.9216666666669,0,10,1.6666666666666667,Low
CUST04476,9,54382.76,6042.528888888889,1,10,2.2222222222222223,Low
CUST04477,9,67263.61,7473.734444444444,0,10,2.2222222222222223,Low
CUST04478,7,9683.56,1383.3657142857141,0,10,1.4285714285714286,Low
CUST04479,7,3437.57,491.0814285714286,0,10,2.857142857142857,Low
CUST04480,9,6548.92,727.6577777777778,0,10,2.2222222222222223,Low
CUST04481,10,15812.11,1581.211,0,10,3.0,Low
CUST04482,11,156788.69,14253.517272727273,0,10,1.8181818181818181,Low
CUST04483,10,272710.58,27271.058,0,10,3.0,Low
CUST04484,11,8818.65,801.6954545454545,1,30,4.545454545454546,Low
CUST04485,5,6295.929999999999,1259.186,0,10,2.0,Low
CUST04486,8,13813.14,1726.6425,0,10,1.25,Low
CUST04487,7,57688.6,8241.228571428572,1,10,1.4285714285714286,Low
CUST04488,7,80966.94,11566.705714285714,2,25,6.428571428571429,Low
CUST04489,14,10306.05,736.1464285714285,0,10,3.5714285714285716,Low
CUST04490,9,14309.93,1589.9922222222222,1,20,5.555555555555555,Low
CUST04491,10,12698.210000000001,1269.8210000000001,0,10,2.0,Low
CUST04492,12,4821.639999999999,401.8033333333333,0,10,2.5,Low
CUST04493,13,1314.34,101.10307692307691,0,10,3.076923076923077,Low
CUST04494,4,8301.44,2075.36,0,0,0.0,Low
CUST04495,16,46690.31,2918.144375,0,10,0.625,Low
CUST04496,11,27593.09,2508.462727272727,0,10,3.6363636363636362,Low
CUST04497,6,31011.97,5168.661666666667,0,10,1.6666666666666667,Low
CUST04498,8,2801.48,350.185,0,10,2.5,Low
CUST04499,10,21162.18,2116.218,0,10,4.0,Low
CUST04500,8,9965.15,1245.64375,0,10,2.5,Low
CUST04501,12,39302.11,3275.1758333333332,0,10,2.5,Low
CUST04502,12,4066.98,338.915,0,10,3.3333333333333335,Low
CUST04503,13,14334.31,1102.6392307692308,0,10,1.5384615384615385,Low
CUST04504,7,16166.77,2309.5385714285717,0,10,4.285714285714286,Low
CUST04505,10,14257.79,1425.779,0,10,1.0,Low
CUST04506,11,4672.63,424.7845454545455,0,10,4.545454545454546,Low
CUST04507,7,5397.4800000000005,771.0685714285715,0,10,2.857142857142857,Low
CUST04508,11,131021.64,11911.058181818182,0,10,4.545454545454546,Low
CUST04509,16,65159.91,4072.494375,0,10,3.125,Low
CUST04510,9,5339.889999999999,593.321111111111,0,10,2.2222222222222223,Low
CUST04511,11,16725.36,1520.4872727272727,0,10,1.8181818181818181,Low
CUST04512,8,64971.22,8121.4025,0,10,1.25,Low
CUST04513,12,21081.63,1756.8025,0,10,0.8333333333333334,Low
CUST04514,13,8253.23,634.8638461538461,0,10,1.5384615384615385,Low
CUST04515,9,11384.77,1264.9744444444445,0,10,3.3333333333333335,Low
CUST04516,7,2210.23,315.7471428571429,0,10,5.714285714285714,Low
CUST04517,7,23228.65,3318.378571428572,0,10,2.857142857142857,Low
CUST04518,9,16965.91,1885.101111111111,0,10,2.2222222222222223,Low
CUST04519,8,490961.05,61370.13125,1,30,7.5,Low
CUST04520,13,2671.69,205.51461538461538,1,10,5.384615384615385,Low
CUST04521,11,17624.59,1602.2354545454546,0,10,2.727272727272727,Low
CUST04522,10,253346.65,25334.665,0,10,2.0,Low
CUST04523,6,127987.59999999999,21331.266666666666,0,10,5.0,Low
CUST04524,6,38988.58,6498.096666666667,1,20,5.0,Low
CUST04525,9,3913.61,434.84555555555556,0,10,2.2222222222222223,Low
CUST04526,16,23718.79,1482.424375,0,10,2.5,Low
CUST04527,10,84959.39,8495.939,0,10,4.0,Low
CUST04528,12,84183.28,7015.2733333333335,0,10,2.5,Low
CUST04529,10,6055.1,605.51,0,0,0.0,Low
CUST04530,6,120751.25,20125.208333333332,0,10,3.3333333333333335,Low
CUST04531,10,4425.5,442.55,0,10,5.0,Low
CUST04532,8,2653.0,331.625,0,10,3.75,Low
CUST04533,16,31696.54,1981.03375,1,25,3.4375,Low
CUST04534,5,8234.24,1646.848,0,0,0.0,Low
CUST04535,14,310625.57,22187.540714285715,1,10,3.5714285714285716,Low
CUST04536,6,22386.28,3731.0466666666666,0,10,1.6666666666666667,Low
CUST04537,15,115342.42,7689.4946666666665,0,10,2.6666666666666665,Low
CUST04538,9,325711.98,36190.22,1,20,5.555555555555555,Low
CUST04539,10,63999.75,6399.975,1,20,6.0,Low
CUST04540,15,328189.21,21879.28066666667,0,10,2.6666666666666665,Low
CUST04541,10,19951.010000000002,1995.101,1,30,5.0,Low
CUST04542,7,12307.85,1758.2642857142857,0,0,0.0,Low
CUST04543,9,4021.44,446.82666666666665,0,10,1.1111111111111112,Low
CUST04544,10,41488.92,4148.892,1,10,5.0,Low
CUST04545,13,4648.71,357.5930769230769,0,10,3.076923076923077,Low
CUST04546,8,5376.860000000001,672.1075000000001,0,10,1.25,Low
CUST04547,10,30527.03,3052.703,0,10,7.0,Low
CUST04548,8,9154.380000000001,1144.2975000000001,0,10,1.25,Low
CUST04549,12,12397.19,1033.0991666666666,0,10,3.3333333333333335,Low
CUST04550,11,27269.0,2479.0,1,30,3.6363636363636362,Low
CUST04551,16,31374.45,1960.903125,0,10,1.875,Low
CUST04552,15,87889.72,5859.314666666667,0,10,2.0,Low
CUST04553,11,17787.22,1617.0200000000002,0,10,2.727272727272727,Low
CUST04554,14,71266.63,5090.473571428572,1,10,2.142857142857143,Low
CUST04555,14,6870.4,490.74285714285713,0,10,5.0,Low
CUST04556,13,5298.39,407.5684615384616,0,0,0.0,Low
CUST04557,6,7679.72,1279.9533333333334,0,10,1.6666666666666667,Low
CUST04558,13,11585.54,891.1953846153847,0,10,2.3076923076923075,Low
CUST04559,17,45608.670000000006,2682.862941176471,0,10,1.7647058823529411,Low
CUST04560,16,115933.92,7245.87,1,10,3.75,Low
CUST04561,11,13686.72,1244.2472727272727,0,10,2.727272727272727,Low
CUST04562,15,123970.02,8264.668,1,30,2.6666666666666665,Low
CUST04563,16,37226.45,2326.653125,2,10,3.75,Low
CUST04564,12,15653.11,1304.4258333333335,1,20,4.166666666666667,Low
CUST04565,4,1338.8600000000001,334.71500000000003,0,10,5.0,Low
CUST04566,5,1817.4,363.48,0,10,2.0,Low
CUST04567,5,7578.75,1515.75,0,10,4.0,Low
CUST04568,15,1887.09,125.806,0,10,2.0,Low
CUST04569,5,35388.49,7077.697999999999,0,10,2.0,Low
CUST04570,11,19687.68,1789.7890909090909,0,10,0.9090909090909091,Low
CUST04571,12,61412.53,5117.7108333333335,0,10,2.5,Low
CUST04572,10,3318.2599999999998,331.82599999999996,0,0,0.0,Low
CUST04573,13,65677.28,5052.098461538461,0,10,2.3076923076923075,Low
CUST04574,9,4223.3,469.2555555555556,0,10,1.1111111111111112,Low
CUST04575,8,52712.56,6589.07,1,10,2.5,Low
CUST04576,8,230309.42,28788.6775,1,30,8.75,Low
CUST04577,6,45255.48,7542.580000000001,0,10,3.3333333333333335,Low
CUST04578,16,7432.58,464.53625,0,10,5.625,Low
CUST04579,9,5165.0599999999995,573.8955555555555,1,20,5.555555555555555,Low
CUST04580,13,282395.15,21722.703846153847,0,10,2.3076923076923075,Low
CUST04581,9,77397.15,8599.683333333332,0,10,2.2222222222222223,Low
CUST04582,6,4689.15,781.525,0,10,3.3333333333333335,Low
CUST04583,8,244039.89,30504.98625,0,20,3.75,Low
CUST04584,16,303858.25,18991.140625,1,15,4.0625,Low
CUST04585,5,21239.19,4247.838,1,15,3.0,Low
CUST04586,11,16161.43,1469.2209090909091,0,10,0.9090909090909091,Low
CUST04587,3,641.63,213.87666666666667,0,10,3.3333333333333335,Low
CUST04588,14,20255.95,1446.8535714285715,1,10,1.4285714285714286,Low
CUST04589,8,85579.73,10697.46625,1,10,3.75,Low
CUST04590,8,18393.92,2299.24,0,10,3.75,Low
CUST04591,14,18514.29,1322.4492857142857,0,10,2.142857142857143,Low
CUST04592,10,3561.2,356.12,1,30,7.0,Low
CUST04593,12,31617.22,2634.7683333333334,0,10,1.6666666666666667,Low
CUST04594,7,68488.44,9784.062857142857,0,10,5.714285714285714,Low
CUST04595,9,115559.19,12839.91,0,10,3.3333333333333335,Low
CUST04596,9,224585.38999999998,24953.93222222222,0,10,3.3333333333333335,Low
CUST04597,4,4574.62,1143.655,0,0,0.0,Low
CUST04598,7,9828.69,1404.0985714285714,0,10,4.285714285714286,Low
CUST04599,10,10537.69,1053.769,0,10,4.0,Low
CUST04600,4,3788.71,947.1775,0,10,2.5,Low
CUST04601,5,4885.01,977.0020000000001,0,0,0.0,Low
CUST04602,11,102660.03,9332.73,0,10,2.727272727272727,Low
CUST04603,9,13835.6,1537.288888888889,0,10,1.1111111111111112,Low
CUST04604,14,38949.49,2782.1064285714283,0,10,0.7142857142857143,Low
CUST04605,7,6176.9800000000005,882.4257142857143,0,10,1.4285714285714286,Low
CUST04606,6,23609.4,3934.9,0,10,3.3333333333333335,Low
CUST04607,11,7194.93,654.0845454545455,1,20,2.727272727272727,Low
CUST04608,8,912.22,114.0275,0,10,1.25,Low
CUST04609,12,110390.73,9199.227499999999,0,10,0.8333333333333334,Low
CUST04610,6,7096.79,1182.7983333333334,0,0,0.0,Low
CUST04611,14,364023.7,26001.692857142858,0,10,2.142857142857143,Low
CUST04612,7,39296.89,5613.841428571429,1,10,1.4285714285714286,Low
CUST04613,9,409433.81,45492.64555555556,2,20,6.666666666666667,Low
CUST04614,7,1397.77,199.68142857142857,0,10,2.857142857142857,Low
CUST04615,10,24485.86,2448.5860000000002,0,10,3.0,Low
CUST04616,6,4654.6900000000005,775.7816666666668,0,10,3.3333333333333335,Low
CUST04617,12,57555.61,4796.300833333334,1,10,0.8333333333333334,Low
CUST04618,13,25461.45,1958.573076923077,1,15,1.9230769230769231,Low
CUST04619,11,56166.71,5106.064545454546,0,10,2.727272727272727,Low
CUST04620,7,8744.88,1249.2685714285712,0,10,4.285714285714286,Low
CUST04621,12,149342.48,12445.206666666667,1,20,6.666666666666667,Low
CUST04622,16,83484.68,5217.7925,1,10,1.875,Low
CUST04623,13,29668.829999999998,2282.2176923076922,0,10,1.5384615384615385,Low
CUST04624,12,70161.71,5846.809166666667,0,10,1.6666666666666667,Low
CUST04625,9,18801.23,2089.0255555555555,0,10,2.2222222222222223,Low
CUST04626,6,34565.9,5760.983333333334,0,10,3.3333333333333335,Low
CUST04627,10,97532.20999999999,9753.221,0,10,2.0,Low
CUST04628,14,6891.08,492.21999999999997,0,10,0.7142857142857143,Low
CUST04629,9,15113.23,1679.2477777777776,1,20,5.555555555555555,Low
CUST04630,3,44613.439999999995,14871.146666666666,0,10,6.666666666666667,Low
CUST04631,15,7442.01,496.134,0,10,4.0,Low
CUST04632,4,4642.57,1160.6425,0,10,5.0,Low
CUST04633,11,37677.25,3425.2045454545455,0,10,0.9090909090909091,Low
CUST04634,8,2053.81,256.72625,0,10,2.5,Low
CUST04635,13,26059.61,2004.5853846153846,0,10,1.5384615384615385,Low
CUST04636,13,41849.39,3219.183846153846,0,10,2.3076923076923075,Low
CUST04637,17,76939.92,4525.877647058824,1,20,2.3529411764705883,Low
CUST04638,11,11924.95,1084.0863636363638,0,10,1.8181818181818181,Low
CUST04639,18,8699.48,483.3044444444444,0,10,2.2222222222222223,Low
CUST04640,6,9700.199999999999,1616.6999999999998,1,20,6.666666666666667,Low
CUST04641,10,12746.39,1274.639,0,10,4.0,Low
CUST04642,9,19473.36,2163.706666666667,0,10,1.1111111111111112,Low
CUST04643,6,40240.45,6706.741666666666,0,10,6.666666666666667,Low
CUST04644,9,7748.03,860.8922222222222,0,10,2.2222222222222223,Low
CUST04645,9,62835.77,6981.7522222222215,0,10,2.2222222222222223,Low
CUST04646,7,16513.46,2359.065714285714,0,10,2.857142857142857,Low
CUST04647,17,38137.71,2243.394705882353,0,10,1.7647058823529411,Low
CUST04648,9,5050.62,561.18,0,10,4.444444444444445,Low
CUST04649,11,340358.62,30941.692727272726,0,10,3.6363636363636362,Low
CUST04650,11,9111.46,828.3145454545454,0,10,2.727272727272727,Low
CUST04651,12,17479.88,1456.6566666666668,0,10,3.3333333333333335,Low
CUST04652,6,4810.94,801.8233333333333,1,20,3.3333333333333335,Low
CUST04653,10,35874.59,3587.459,0,10,2.0,Low
CUST04654,8,7504.57,938.07125,1,30,7.5,Low
CUST04655,13,29488.36,2268.3353846153846,1,10,3.076923076923077,Low
CUST04656,9,12728.86,1414.3177777777778,0,10,4.444444444444445,Low
CUST04657,7,1691.16,241.59428571428572,0,10,4.285714285714286,Low
CUST04658,7,14892.9,2127.557142857143,0,10,4.285714285714286,Low
CUST04659,8,61200.090000000004,7650.0112500000005,1,10,1.25,Low
CUST04660,7,7363.969999999999,1051.9957142857143,0,10,2.857142857142857,Low
CUST04661,18,206658.88,11481.048888888889,0,10,1.6666666666666667,Low
CUST04662,12,6203.21,516.9341666666667,0,10,2.5,Low
CUST04663,13,35027.1,2694.3923076923074,1,20,6.153846153846154,Low
CUST04664,13,66197.0,5092.076923076923,0,10,2.3076923076923075,Low
CUST04665,7,40260.05,5751.435714285714,0,10,1.4285714285714286,Low
CUST04666,9,15029.74,1669.971111111111,0,10,3.3333333333333335,Low
CUST04667,11,79170.61,7197.328181818182,1,10,3.6363636363636362,Low
CUST04668,13,34145.3,2626.5615384615385,1,15,5.0,Low
CUST04669,4,16418.83,4104.7075,0,10,2.5,Low
CUST04670,10,3558.64,355.864,0,10,1.0,Low
CUST04671,9,272444.08999999997,30271.565555555553,0,10,2.2222222222222223,Low
CUST04672,5,3428.0699999999997,685.6139999999999,0,10,2.0,Low
CUST04673,4,44513.350000000006,11128.337500000001,0,10,2.5,Low
CUST04674,9,16821.2,1869.0222222222224,0,10,2.2222222222222223,Low
CUST04675,11,43969.46,3997.223636363636,0,10,3.6363636363636362,Low
CUST04676,7,224263.46999999997,32037.638571428568,0,10,1.4285714285714286,Low
CUST04677,18,83249.53,4624.973888888889,2,10,2.2222222222222223,Low
CUST04678,9,257412.84,28601.426666666666,0,10,3.3333333333333335,Low
CUST04679,13,35821.28,2755.4830769230766,0,10,3.8461538461538463,Low
CUST04680,13,165135.9,12702.761538461538,2,20,5.384615384615385,Low
CUST04681,6,88920.83,14820.138333333334,1,10,6.666666666666667,Low
CUST04682,13,76083.57,5852.582307692308,1,20,3.8461538461538463,Low
CUST04683,12,20089.78,1674.1483333333333,0,10,2.5,Low
CUST04684,13,48669.97,3743.8438461538462,0,10,3.8461538461538463,Low
CUST04685,13,16120.51,1240.0392307692307,0,10,0.7692307692307693,Low
CUST04686,8,76308.18,9538.5225,0,10,5.0,Low
CUST04687,12,37584.29,3132.0241666666666,1,20,2.5,Low
CUST04688,9,18013.190000000002,2001.4655555555557,0,10,4.444444444444445,Low
CUST04689,11,18602.49,1691.1354545454546,0,10,2.727272727272727,Low
CUST04690,9,53602.840000000004,5955.8711111111115,1,10,1.1111111111111112,Low
CUST04691,8,12505.06,1563.1325,0,10,3.75,Low
CUST04692,11,18185.84,1653.2581818181818,0,10,1.8181818181818181,Low
CUST04693,8,55088.63,6886.07875,1,10,1.25,Low
CUST04694,13,11783.12,906.3938461538462,0,10,3.076923076923077,Low
CUST04695,5,88371.58,17674.316,0,10,4.0,Low
CUST04696,12,18287.98,1523.9983333333332,0,10,0.8333333333333334,Low
CUST04697,11,2818.55,256.2318181818182,0,10,2.727272727272727,Low
CUST04698,7,2559.9700000000003,365.71000000000004,0,10,2.857142857142857,Low
CUST04699,11,14723.13,1338.4663636363637,1,10,2.727272727272727,Low
CUST04700,9,9271.17,1030.13,0,0,0.0,Low
CUST04701,10,292483.74,29248.374,0,10,3.0,Low
CUST04702,16,398915.17000000004,24932.198125000003,0,20,4.375,Low
CUST04703,16,29964.04,1872.7525,1,0,0.0,Low
CUST04704,15,71901.77,4793.451333333333,0,10,3.3333333333333335,Low
CUST04705,11,148687.07,13517.006363636365,0,10,3.6363636363636362,Low
CUST04706,7,4814.1,687.7285714285715,0,10,4.285714285714286,Low
CUST04707,12,8579.37,714.9475000000001,1,10,4.166666666666667,Low
CUST04708,12,31711.89,2642.6575,0,10,0.8333333333333334,Low
CUST04709,5,115071.42,23014.284,1,20,4.0,Low
CUST04710,16,23664.94,1479.05875,1,10,3.125,Low
CUST04711,14,432323.97,30880.28357142857,0,30,7.142857142857143,Low
CUST04712,12,31878.72,2656.56,3,85,14.583333333333334,High
CUST04713,14,5697.9,406.99285714285713,1,10,2.142857142857143,Low
CUST04714,12,27470.16,2289.18,0,10,3.3333333333333335,Low
CUST04715,5,53589.95,10717.99,1,10,4.0,Low
CUST04716,20,92500.6,4625.030000000001,1,10,4.5,Low
CUST04717,9,16869.18,1874.3533333333335,0,10,5.555555555555555,Low
CUST04718,9,78601.98,8733.553333333333,0,10,1.1111111111111112,Low
CUST04719,7,35622.0,5088.857142857143,0,10,1.4285714285714286,Low
CUST04720,7,59533.329999999994,8504.761428571428,0,0,0.0,Low
CUST04721,8,202457.18,25307.1475,1,30,6.25,Low
CUST04722,14,77201.67,5514.405,1,10,2.857142857142857,Low
CUST04723,17,17163.03,1009.5899999999999,0,10,1.7647058823529411,Low
CUST04724,12,21994.920000000002,1832.91,0,10,5.0,Low
CUST04725,10,48765.49,4876.549,1,20,4.0,Low
CUST04726,10,47134.979999999996,4713.498,0,10,6.0,Low
CUST04727,10,14111.44,1411.144,0,10,3.0,Low
CUST04728,12,155853.59,12987.799166666666,1,10,1.6666666666666667,Low
CUST04729,5,17112.239999999998,3422.4479999999994,1,10,4.0,Low
CUST04730,10,5162.19,516.2189999999999,0,10,3.0,Low
CUST04731,8,19900.81,2487.60125,0,10,1.25,Low
CUST04732,8,16217.96,2027.245,0,10,1.25,Low
CUST04733,9,18195.38,2021.708888888889,1,10,2.2222222222222223,Low
CUST04734,9,35393.48,3932.6088888888894,0,10,3.3333333333333335,Low
CUST04735,10,10768.14,1076.8139999999999,0,10,3.0,Low
CUST04736,12,934474.41,77872.86750000001,1,20,4.166666666666667,Low
CUST04737,8,67797.07,8474.63375,1,10,2.5,Low
CUST04738,10,8025.63,802.563,0,10,2.0,Low
CUST04739,8,129908.08,16238.51,0,10,5.0,Low
CUST04740,13,18547.02,1426.6938461538462,0,10,3.076923076923077,Low
CUST04741,9,44674.840000000004,4963.8711111111115,0,10,3.3333333333333335,Low
CUST04742,11,43949.4,3995.4,0,10,3.6363636363636362,Low
CUST04743,13,8546.08,657.3907692307693,0,10,0.7692307692307693,Low
CUST04744,12,11398.34,949.8616666666667,3,75,12.083333333333334,High
CUST04745,10,73779.34999999999,7377.9349999999995,0,10,4.0,Low
CUST04746,12,53820.4,4485.033333333334,1,10,4.166666666666667,Low
CUST04747,12,104065.88,8672.156666666668,1,20,5.833333333333333,Low
CUST04748,12,4485.04,373.75333333333333,0,10,0.8333333333333334,Low
CUST04749,12,19339.38,1611.615,0,10,2.5,Low
CUST04750,11,122280.41,11116.40090909091,0,10,3.6363636363636362,Low
CUST04751,7,14178.86,2025.5514285714287,0,10,4.285714285714286,Low
CUST04752,6,30993.57,5165.595,1,0,0.0,Low
CUST04753,9,2467.49,274.16555555555556,0,10,3.3333333333333335,Low
CUST04754,7,6166.33,880.9042857142857,0,10,1.4285714285714286,Low
CUST04755,10,6810.17,681.017,0,10,2.0,Low
CUST04756,7,191931.91,27418.844285714287,0,10,2.857142857142857,Low
CUST04757,11,10370.05,942.7318181818181,0,10,3.6363636363636362,Low
CUST04758,8,46420.83,5802.60375,0,10,5.0,Low
CUST04759,8,48537.72,6067.215,0,10,2.5,Low
CUST04760,14,114237.44,8159.817142857143,0,10,4.285714285714286,Low
CUST04761,15,107162.98999999999,7144.199333333333,0,10,1.3333333333333333,Low
CUST04762,10,47287.65,4728.765,0,10,3.0,Low
CUST04763,10,209736.23,20973.623,2,10,5.0,Low
CUST04764,12,4359.33,363.2775,0,10,3.3333333333333335,Low
CUST04765,11,4610.77,419.1609090909091,0,10,2.727272727272727,Low
CUST04766,12,3555.23,296.26916666666665,0,10,3.3333333333333335,Low
CUST04767,10,53475.85,5347.585,1,10,1.0,Low
CUST04768,11,483665.47000000003,43969.58818181819,1,10,1.8181818181818181,Low
CUST04769,3,4394.87,1464.9566666666667,0,10,3.3333333333333335,Low
CUST04770,13,69479.31999999999,5344.563076923077,1,10,3.076923076923077,Low
CUST04771,9,15815.87,1757.318888888889,0,10,3.3333333333333335,Low
CUST04772,7,33660.41,4808.63,0,10,1.4285714285714286,Low
CUST04773,12,132243.03,11020.2525,2,30,4.583333333333333,Low
CUST04774,3,8004.910000000001,2668.3033333333337,0,10,3.3333333333333335,Low
CUST04775,13,11977.26,921.3276923076924,0,10,3.076923076923077,Low
CUST04776,7,13781.82,1968.8314285714284,0,10,2.857142857142857,Low
CUST04777,6,20907.94,3484.6566666666663,0,0,0.0,Low
CUST04778,12,15964.220000000001,1330.3516666666667,0,10,4.166666666666667,Low
CUST04779,9,11363.5,1262.611111111111,0,0,0.0,Low
CUST04780,14,110905.45999999999,7921.818571428571,0,10,5.714285714285714,Low
CUST04781,14,30512.01,2179.4292857142855,0,10,3.5714285714285716,Low
CUST04782,14,13710.74,979.3385714285714,0,10,1.4285714285714286,Low
CUST04783,6,74065.78,12344.296666666667,0,10,1.6666666666666667,Low
CUST04784,9,12725.84,1413.9822222222222,0,10,1.1111111111111112,Low
CUST04785,12,25947.81,2162.3175,1,20,5.0,Low
CUST04786,12,16809.36,1400.78,0,10,5.833333333333333,Low
CUST04787,10,7302.64,730.264,0,10,4.0,Low
CUST04788,8,7554.37,944.29625,0,10,1.25,Low
CUST04789,6,57533.42,9588.903333333334,1,10,3.3333333333333335,Low
CUST04790,8,11833.02,1479.1275,0,10,5.0,Low
CUST04791,7,225773.61,32253.372857142855,0,10,2.857142857142857,Low
CUST04792,13,83680.2,6436.9384615384615,1,10,0.7692307692307693,Low
CUST04793,7,137235.13,19605.018571428573,0,10,4.285714285714286,Low
CUST04794,9,29177.79,3241.976666666667,0,10,3.3333333333333335,Low
CUST04795,20,70135.98,3506.799,1,10,2.0,Low
CUST04796,9,72229.65000000001,8025.516666666667,0,10,2.2222222222222223,Low
CUST04797,6,35419.81,5903.301666666666,0,10,1.6666666666666667,Low
CUST04798,13,3220.5,247.73076923076923,2,10,3.076923076923077,Low
CUST04799,10,14565.25,1456.525,0,10,3.0,Low
CUST04800,8,204113.46,25514.1825,0,10,3.75,Low
CUST04801,14,17774.670000000002,1269.6192857142858,0,10,2.142857142857143,Low
CUST04802,14,282060.7,20147.192857142858,4,75,11.071428571428571,High
CUST04803,14,10502.83,750.2021428571428,1,10,1.4285714285714286,Low
CUST04804,12,22057.28,1838.1066666666666,0,10,4.166666666666667,Low
CUST04805,12,296160.42,24680.035,0,10,3.3333333333333335,Low
CUST04806,9,19969.99,2218.887777777778,0,10,3.3333333333333335,Low
CUST04807,12,6636.13,553.0108333333334,0,10,0.8333333333333334,Low
CUST04808,13,36992.5,2845.576923076923,0,10,0.7692307692307693,Low
CUST04809,7,3464.08,494.86857142857144,0,10,1.4285714285714286,Low
CUST04810,11,38037.93,3457.9936363636366,0,10,1.8181818181818181,Low
CUST04811,7,2423.54,346.21999999999997,0,10,2.857142857142857,Low
CUST04812,6,28406.41,4734.401666666667,1,30,8.333333333333334,Low
CUST04813,13,21279.2,1636.8615384615384,1,25,3.4615384615384617,Low
CUST04814,11,9954.37,904.9427272727273,0,10,1.8181818181818181,Low
CUST04815,5,5565.02,1113.0040000000001,0,10,4.0,Low
CUST04816,11,20666.17,1878.742727272727,0,10,2.727272727272727,Low
CUST04817,8,11956.95,1494.61875,0,0,0.0,Low
CUST04818,9,184915.50999999998,20546.167777777777,3,85,16.11111111111111,High
CUST04819,12,9284.51,773.7091666666666,0,10,2.5,Low
CUST04820,9,3788.1,420.9,0,10,1.1111111111111112,Low
CUST04821,14,3111.88,222.27714285714288,0,10,4.285714285714286,Low
CUST04822,6,2286.36,381.06,0,10,1.6666666666666667,Low
CUST04823,4,948.9,237.225,0,0,0.0,Low
CUST04824,4,3773.14,943.285,0,0,0.0,Low
CUST04825,10,73084.05,7308.405000000001,1,10,1.0,Low
CUST04826,8,98781.86,12347.7325,0,0,0.0,Low
CUST04827,8,36219.11,4527.38875,0,10,2.5,Low
CUST04828,13,742396.48,57107.42153846154,3,20,6.923076923076923,Low
CUST04829,8,1862.3400000000001,232.79250000000002,0,10,1.25,Low
CUST04830,11,14468.07,1315.2790909090909,0,10,4.545454545454546,Low
CUST04831,15,680619.05,45374.60333333334,0,20,4.666666666666667,Low
CUST04832,10,72274.55,7227.455,0,10,1.0,Low
CUST04833,7,20463.21,2923.315714285714,0,10,1.4285714285714286,Low
CUST04834,9,284486.52,31609.613333333335,0,10,1.1111111111111112,Low
CUST04835,6,29005.07,4834.178333333333,0,0,0.0,Low
CUST04836,9,26553.08,2950.3422222222225,0,10,2.2222222222222223,Low
CUST04837,15,68748.95,4583.263333333333,1,30,4.0,Low
CUST04838,10,372228.63,37222.863,4,75,15.5,High
CUST04839,8,37210.62,4651.3275,0,10,5.0,Low
CUST04840,7,8456.74,1208.1057142857142,0,10,2.857142857142857,Low
CUST04841,6,30737.269999999997,5122.878333333333,0,10,1.6666666666666667,Low
CUST04842,9,15101.08,1677.8977777777777,0,10,1.1111111111111112,Low
CUST04843,10,29858.66,2985.866,0,10,2.0,Low
CUST04844,18,83210.35,4622.797222222222,0,10,1.6666666666666667,Low
CUST04845,8,31838.71,3979.83875,0,10,1.25,Low
CUST04846,7,54067.38,7723.911428571429,1,10,1.4285714285714286,Low
CUST04847,8,15168.23,1896.02875,0,10,1.25,Low
CUST04848,11,294265.11,26751.373636363634,0,10,0.9090909090909091,Low
CUST04849,6,24216.68,4036.1133333333332,1,20,3.3333333333333335,Low
CUST04850,16,28046.93,1752.933125,0,10,2.5,Low
CUST04851,18,10515.63,584.2016666666666,1,20,3.3333333333333335,Low
CUST04852,9,58237.31,6470.812222222222,0,10,4.444444444444445,Low
CUST04853,8,3751.07,468.88375,0,10,3.75,Low
CUST04854,13,28420.22,2186.170769230769,0,10,1.5384615384615385,Low
CUST04855,11,13070.71,1188.2463636363636,0,10,2.727272727272727,Low
CUST04856,8,23174.12,2896.765,0,10,3.75,Low
CUST04857,7,19487.2,2783.8857142857146,0,10,2.857142857142857,Low
CUST04858,10,15513.960000000001,1551.3960000000002,0,10,1.0,Low
CUST04859,8,3371.36,421.42,1,10,2.5,Low
CUST04860,11,7869.25,715.3863636363636,0,10,2.727272727272727,Low
CUST04861,13,23162.23,1781.71,0,10,5.384615384615385,Low
CUST04862,15,6065.070000000001,404.338,0,10,2.6666666666666665,Low
CUST04863,12,272492.29,22707.69083333333,0,10,1.6666666666666667,Low
CUST04864,13,56015.81,4308.908461538462,0,10,2.3076923076923075,Low
CUST04865,13,41699.729999999996,3207.671538461538,0,10,4.615384615384615,Low
CUST04866,10,1709.8400000000001,170.984,0,10,3.0,Low
CUST04867,16,212217.13,13263.570625,0,10,1.25,Low
CUST04868,15,130097.56,8673.170666666667,0,10,4.0,Low
CUST04869,12,10906.380000000001,908.8650000000001,1,10,3.3333333333333335,Low
CUST04870,12,10168.4,847.3666666666667,0,10,1.6666666666666667,Low
CUST04871,11,208139.07,18921.73363636364,0,10,2.727272727272727,Low
CUST04872,7,7532.95,1076.1357142857144,0,10,2.857142857142857,Low
CUST04873,8,53885.97,6735.74625,0,10,6.25,Low
CUST04874,10,4874.1900000000005,487.41900000000004,0,10,3.0,Low
CUST04875,11,1936.26,176.02363636363637,0,10,2.727272727272727,Low
CUST04876,8,1794.76,224.345,0,10,1.25,Low
CUST04877,13,240869.25,18528.403846153848,0,10,3.8461538461538463,Low
CUST04878,11,5781.29,525.5718181818182,0,10,2.727272727272727,Low
CUST04879,10,59631.86,5963.186,1,10,1.0,Low
CUST04880,12,3776.4500000000003,314.7041666666667,2,30,6.666666666666667,Low
CUST04881,6,2973.47,495.5783333333333,0,10,3.3333333333333335,Low
CUST04882,8,8036.43,1004.55375,0,10,1.25,Low
CUST04883,10,77166.49,7716.649,0,10,1.0,Low
CUST04884,8,17220.28,2152.535,0,10,3.75,Low
CUST04885,13,442005.28,34000.406153846154,0,30,4.615384615384615,Low
CUST04886,13,5450.2300000000005,419.2484615384616,0,10,2.3076923076923075,Low
CUST04887,10,33223.81,3322.381,4,75,16.5,High
CUST04888,6,4193.37,698.895,0,10,5.0,Low
CUST04889,9,18143.84,2015.9822222222222,0,0,0.0,Low
CUST04890,9,5421.94,602.4377777777777,0,10,2.2222222222222223,Low
CUST04891,4,25739.46,6434.865,0,0,0.0,Low
CUST04892,6,231077.55,38512.924999999996,0,10,3.3333333333333335,Low
CUST04893,8,72900.77,9112.59625,0,10,2.5,Low
CUST04894,13,9114.38,701.1061538461538,0,10,2.3076923076923075,Low
CUST04895,10,7238.25,723.825,1,15,4.5,Low
CUST04896,13,3987.49,306.72999999999996,0,10,1.5384615384615385,Low
CUST04897,10,6181.570000000001,618.157,0,10,2.0,Low
CUST04898,11,2973.96,270.36,0,10,2.727272727272727,Low
CUST04899,6,777.11,129.51833333333335,0,10,1.6666666666666667,Low
CUST04900,9,4842.68,538.0755555555556,0,0,0.0,Low
CUST04901,10,12706.3,1270.6299999999999,0,10,3.0,Low
CUST04902,8,298607.68,37325.96,1,20,7.5,Low
CUST04903,8,12022.54,1502.8175,0,10,3.75,Low
CUST04904,8,9722.14,1215.2675,0,10,1.25,Low
CUST04905,8,5474.54,684.3175,1,10,2.5,Low
CUST04906,9,40849.93,4538.881111111111,0,10,3.3333333333333335,Low
CUST04907,14,16217.83,1158.4164285714285,0,10,2.142857142857143,Low
CUST04908,13,40050.46,3080.8046153846153,0,10,2.3076923076923075,Low
CUST04909,13,27484.47,2114.19,0,10,3.8461538461538463,Low
CUST04910,11,12952.26,1177.4781818181818,1,30,3.6363636363636362,Low
CUST04911,11,10606.699999999999,964.2454545454544,0,10,0.9090909090909091,Low
CUST04912,12,34124.95,2843.745833333333,1,10,1.6666666666666667,Low
CUST04913,17,24076.73,1416.2782352941176,0,10,2.9411764705882355,Low
CUST04914,11,65684.89,5971.353636363637,2,10,1.8181818181818181,Low
CUST04915,14,11188.449999999999,799.175,0,10,2.142857142857143,Low
CUST04916,9,39096.2,4344.022222222222,0,0,0.0,Low
CUST04917,7,5552.05,793.15,0,10,1.4285714285714286,Low
CUST04918,5,15862.060000000001,3172.4120000000003,0,10,6.0,Low
CUST04919,6,3748.7400000000002,624.7900000000001,0,0,0.0,Low
CUST04920,10,270335.72000000003,27033.572000000004,1,20,6.0,Low
CUST04921,12,8929.17,744.0975,0,10,2.5,Low
CUST04922,8,10949.23,1368.65375,0,10,5.0,Low
CUST04923,6,56560.57,9426.761666666667,1,0,0.0,Low
CUST04924,12,16381.81,1365.1508333333334,0,10,3.3333333333333335,Low
CUST04925,13,16575.22,1275.0169230769231,3,55,8.846153846153847,Medium
CUST04926,9,12517.56,1390.84,0,10,1.1111111111111112,Low
CUST04927,15,24715.79,1647.7193333333335,0,10,3.3333333333333335,Low
CUST04928,11,1830.03,166.36636363636364,0,10,3.6363636363636362,Low
CUST04929,9,172826.9,19202.98888888889,0,10,3.3333333333333335,Low
CUST04930,12,40418.13,3368.1775,0,10,3.3333333333333335,Low
CUST04931,12,75433.28,6286.106666666667,0,10,0.8333333333333334,Low
CUST04932,12,27374.17,2281.1808333333333,0,10,1.6666666666666667,Low
CUST04933,12,6776.79,564.7325,0,10,1.6666666666666667,Low
CUST04934,8,158600.19,19825.02375,0,10,8.75,Low
CUST04935,8,141034.41,17629.30125,0,10,2.5,Low
CUST04936,7,1754.92,250.70285714285714,0,10,5.714285714285714,Low
CUST04937,8,114833.20999999999,14354.151249999999,0,10,5.0,Low
CUST04938,10,41134.38,4113.438,0,10,3.0,Low
CUST04939,12,251513.12,20959.426666666666,1,30,2.5,Low
CUST04940,11,6465.58,587.78,0,10,1.8181818181818181,Low
CUST04941,6,18591.46,3098.5766666666664,0,10,5.0,Low
CUST04942,6,11032.28,1838.7133333333334,0,0,0.0,Low
CUST04943,10,12579.4,1257.94,0,10,2.0,Low
CUST04944,7,4475.83,639.4042857142857,0,10,2.857142857142857,Low
CUST04945,11,9703.69,882.1536363636365,0,10,2.727272727272727,Low
CUST04946,8,14639.49,1829.93625,0,0,0.0,Low
CUST04947,9,9518.53,1057.6144444444444,1,15,6.111111111111111,Low
CUST04948,5,3259.69,651.938,0,10,2.0,Low
CUST04949,9,62441.21,6937.912222222222,0,10,3.3333333333333335,Low
CUST04950,10,22524.13,2252.413,0,10,3.0,Low
CUST04951,8,5465.16,683.145,0,0,0.0,Low
CUST04952,15,14592.52,972.8346666666667,0,10,1.3333333333333333,Low
CUST04953,12,124586.88,10382.24,2,10,5.0,Low
CUST04954,6,6207.18,1034.53,0,10,1.6666666666666667,Low
CUST04955,8,17245.57,2155.69625,1,10,3.75,Low
CUST04956,10,19920.46,1992.0459999999998,0,10,2.0,Low
CUST04957,17,35417.45,2083.3794117647058,0,10,3.5294117647058822,Low
CUST04958,12,6466.2,538.85,0,10,3.3333333333333335,Low
CUST04959,13,18662.75,1435.5961538461538,1,10,3.8461538461538463,Low
CUST04960,7,2705.3,386.4714285714286,0,10,2.857142857142857,Low
CUST04961,7,10678.82,1525.5457142857142,0,10,2.857142857142857,Low
CUST04962,12,177725.19,14810.4325,1,10,5.833333333333333,Low
CUST04963,15,18830.12,1255.3413333333333,0,10,2.0,Low
CUST04964,14,184452.58000000002,13175.184285714287,0,10,1.4285714285714286,Low
CUST04965,13,7263.79,558.753076923077,0,10,2.3076923076923075,Low
CUST04966,9,7787.5199999999995,865.28,0,10,2.2222222222222223,Low
CUST04967,11,16976.2,1543.290909090909,1,20,3.6363636363636362,Low
CUST04968,15,192814.6,12854.306666666667,1,10,2.6666666666666665,Low
CUST04969,8,67623.45999999999,8452.932499999999,0,10,2.5,Low
CUST04970,13,125710.76,9670.058461538461,0,10,3.076923076923077,Low
CUST04971,9,18734.1,2081.5666666666666,0,10,1.1111111111111112,Low
CUST04972,8,549996.61,68749.57625,1,20,6.25,Low
CUST04973,10,3554.63,355.463,0,10,5.0,Low
CUST04974,16,13471.25,841.953125,0,10,3.125,Low
CUST04975,8,9556.58,1194.5725,1,15,3.125,Low
CUST04976,12,26719.95,2226.6625,1,25,4.583333333333333,Low
CUST04977,14,29978.47,2141.319285714286,0,10,1.4285714285714286,Low
CUST04978,11,131965.99,11996.90818181818,0,10,1.8181818181818181,Low
CUST04979,11,36396.0,3308.7272727272725,1,10,0.9090909090909091,Low
CUST04980,20,542887.25,27144.3625,1,10,1.0,Low
CUST04981,12,248098.85,20674.904166666667,0,10,1.6666666666666667,Low
CUST04982,6,237098.66,39516.443333333336,0,10,1.6666666666666667,Low
CUST04983,13,661655.38,50896.56769230769,0,10,3.8461538461538463,Low
CUST04984,13,3177.0499999999997,244.3884615384615,0,10,0.7692307692307693,Low
CUST04985,3,2206.63,735.5433333333334,0,10,6.666666666666667,Low
CUST04986,13,7734.37,594.9515384615385,0,10,3.076923076923077,Low
CUST04987,14,2592.08,185.14857142857142,0,10,2.142857142857143,Low
CUST04988,6,1584.87,264.145,0,10,3.3333333333333335,Low
CUST04989,7,105926.9,15132.414285714285,0,10,1.4285714285714286,Low
CUST04990,12,29224.16,2435.346666666667,1,25,3.75,Low
CUST04991,7,41984.81,5997.83,0,10,2.857142857142857,Low
CUST04992,12,54399.86,4533.321666666667,0,10,2.5,Low
CUST04993,4,16125.09,4031.2725,0,0,0.0,Low
CUST04994,7,2340.13,334.30428571428575,0,0,0.0,Low
CUST04995,17,96449.38,5673.492941176471,0,10,2.9411764705882355,Low
CUST04996,10,6496.34,649.634,0,10,3.0,Low
CUST04997,7,34595.95,4942.278571428571,0,10,2.857142857142857,Low
CUST04998,10,15564.55,1556.455,0,10,1.0,Low
CUST04999,4,59910.83,14977.7075,1,10,2.5,Low
CUST05000,6,137450.47,22908.411666666667,3,75,20.833333333333332,High
CUST05001,6,3200.3999999999996,533.4,0,10,1.6666666666666667,Low
CUST05002,15,50147.08,3343.1386666666667,1,20,4.666666666666667,Low
CUST05003,10,45922.43,4592.243,1,10,3.0,Low
CUST05004,8,76326.28,9540.785,0,10,3.75,Low
CUST05005,11,5919.65,538.15,0,10,4.545454545454546,Low
CUST05006,5,19424.920000000002,3884.9840000000004,0,10,2.0,Low
CUST05007,12,292964.07999999996,24413.67333333333,3,75,12.083333333333334,High
CUST05008,10,73029.69,7302.969,1,10,4.0,Low
CUST05009,9,21448.02,2383.1133333333332,0,10,1.1111111111111112,Low
CUST05010,13,3562.5,274.03846153846155,0,10,3.076923076923077,Low
CUST05011,16,28609.28,1788.08,0,10,1.25,Low
CUST05012,18,83516.9,4639.827777777778,1,10,3.3333333333333335,Low
CUST05013,9,20151.32,2239.0355555555557,0,10,2.2222222222222223,Low
CUST05014,12,4589.45,382.45416666666665,0,10,0.8333333333333334,Low
CUST05015,8,225426.94999999998,28178.368749999998,0,20,5.0,Low
CUST05016,15,11947.09,796.4726666666667,0,10,2.6666666666666665,Low
CUST05017,2,3531.4300000000003,1765.7150000000001,0,0,0.0,Low
CUST05018,9,103256.31,11472.923333333332,1,15,2.7777777777777777,Low
CUST05019,5,2283.48,456.696,0,10,2.0,Low
CUST05020,12,91919.76000000001,7659.9800000000005,0,10,1.6666666666666667,Low
CUST05021,9,58420.92,6491.213333333333,1,0,0.0,Low
CUST05022,13,20866.94,1605.1492307692306,0,10,3.076923076923077,Low
CUST05023,6,448229.36,74704.89333333333,2,20,8.333333333333334,Low
CUST05024,7,4059.19,579.8842857142857,1,10,2.857142857142857,Low
CUST05025,15,34125.12,2275.0080000000003,0,10,3.3333333333333335,Low
CUST05026,14,91511.4,6536.528571428571,1,20,5.0,Low
CUST05027,17,129108.91,7594.641764705882,0,10,2.3529411764705883,Low
CUST05028,6,6464.45,1077.4083333333333,0,0,0.0,Low
CUST05029,6,140105.13,23350.855,0,10,1.6666666666666667,Low
CUST05030,7,5501.12,785.8742857142857,0,10,1.4285714285714286,Low
CUST05031,6,60346.61,10057.768333333333,0,10,1.6666666666666667,Low
CUST05032,12,23622.7,1968.5583333333334,0,10,1.6666666666666667,Low
CUST05033,13,24842.22,1910.94,0,10,2.3076923076923075,Low
CUST05034,10,322305.13,32230.513,0,20,5.0,Low
CUST05035,6,8648.56,1441.4266666666665,0,10,5.0,Low
CUST05036,11,46775.43,4252.311818181818,0,10,1.8181818181818181,Low
CUST05037,10,423901.04000000004,42390.10400000001,1,20,9.0,Low
CUST05038,12,44665.11,3722.0925,0,10,4.166666666666667,Low
CUST05039,7,4222.41,603.2014285714286,0,10,2.857142857142857,Low
CUST05040,11,32289.18,2935.38,0,10,2.727272727272727,Low
CUST05041,13,336864.76,25912.673846153848,0,10,1.5384615384615385,Low
CUST05042,14,39920.99,2851.4992857142856,0,10,2.142857142857143,Low
CUST05043,11,41061.53,3732.8663636363635,2,15,5.0,Low
CUST05044,12,191659.47,15971.6225,1,10,1.6666666666666667,Low
CUST05045,10,27402.65,2740.2650000000003,0,10,2.0,Low
CUST05046,9,52141.17,5793.463333333333,0,10,2.2222222222222223,Low
CUST05047,6,16231.0,2705.1666666666665,1,10,1.6666666666666667,Low
CUST05048,10,54287.86,5428.786,1,10,5.0,Low
CUST05049,10,10162.630000000001,1016.2630000000001,0,10,2.0,Low
CUST05050,3,50734.86,16911.62,0,0,0.0,Low
CUST05051,12,11376.27,948.0225,0,10,3.3333333333333335,Low
CUST05052,15,17763.530000000002,1184.2353333333335,1,20,6.666666666666667,Low
CUST05053,18,8150.0,452.77777777777777,0,10,2.7777777777777777,Low
CUST05054,7,34663.69,4951.955714285715,0,10,2.857142857142857,Low
CUST05055,11,91642.57,8331.142727272729,0,10,1.8181818181818181,Low
CUST05056,10,58380.6,5838.0599999999995,0,10,3.0,Low
CUST05057,13,40808.770000000004,3139.1361538461542,0,10,3.8461538461538463,Low
CUST05058,10,72030.61,7203.061,0,10,1.0,Low
CUST05059,11,8274.86,752.2600000000001,0,10,3.6363636363636362,Low
CUST05060,7,27358.24,3908.32,0,10,2.857142857142857,Low
CUST05061,15,12760.85,850.7233333333334,0,10,2.0,Low
CUST05062,8,26032.15,3254.01875,0,10,5.0,Low
CUST05063,14,86792.66,6199.475714285714,0,10,2.857142857142857,Low
CUST05064,9,9114.5,1012.7222222222222,0,0,0.0,Low
CUST05065,6,20366.65,3394.441666666667,0,10,3.3333333333333335,Low
CUST05066,10,13205.97,1320.597,0,10,3.0,Low
CUST05067,10,124097.82,12409.782000000001,1,10,4.0,Low
CUST05068,13,16360.56,1258.5046153846154,3,75,11.153846153846153,High
CUST05069,8,4592.84,574.105,0,10,1.25,Low
CUST05070,11,98854.62,8986.783636363636,0,10,3.6363636363636362,Low
CUST05071,9,16061.869999999999,1784.652222222222,0,0,0.0,Low
CUST05072,9,111513.67,12390.407777777778,0,10,3.3333333333333335,Low
CUST05073,11,7023.71,638.5190909090909,0,0,0.0,Low
CUST05074,13,27445.0,2111.153846153846,1,20,4.615384615384615,Low
CUST05075,10,65073.33,6507.3330000000005,0,10,5.0,Low
CUST05076,18,16950.18,941.6766666666667,0,10,0.5555555555555556,Low
CUST05077,9,11384.25,1264.9166666666667,0,10,4.444444444444445,Low
CUST05078,9,10845.369999999999,1205.041111111111,0,10,2.2222222222222223,Low
CUST05079,13,88523.51000000001,6809.50076923077,0,10,2.3076923076923075,Low
CUST05080,11,19006.89,1727.8990909090908,0,10,3.6363636363636362,Low
CUST05081,10,139830.6,13983.060000000001,0,0,0.0,Low
CUST05082,10,317765.5,31776.55,0,20,4.0,Low
CUST05083,11,122649.83,11149.984545454545,0,10,2.727272727272727,Low
CUST05084,8,165386.31,20673.28875,1,10,2.5,Low
CUST05085,7,10913.33,1559.047142857143,1,30,4.285714285714286,Low
CUST05086,11,176492.93,16044.811818181817,0,10,0.9090909090909091,Low
CUST05087,5,1874.96,374.992,0,10,4.0,Low
CUST05088,13,38222.74,2940.210769230769,0,10,1.5384615384615385,Low
CUST05089,5,19713.59,3942.718,0,10,2.0,Low
CUST05090,8,62258.07,7782.25875,1,10,2.5,Low
CUST05091,13,20078.260000000002,1544.4815384615385,0,10,3.8461538461538463,Low
CUST05092,9,17923.71,1991.5233333333333,0,10,1.1111111111111112,Low
CUST05093,14,5800.44,414.3171428571428,0,10,2.142857142857143,Low
CUST05094,13,73033.55,5617.965384615385,1,10,1.5384615384615385,Low
CUST05095,15,38722.86,2581.524,0,10,2.0,Low
CUST05096,11,74826.92,6802.447272727272,0,10,0.9090909090909091,Low
CUST05097,11,84048.44,7640.767272727273,1,10,1.8181818181818181,Low
CUST05098,11,24506.05,2227.822727272727,0,10,0.9090909090909091,Low
CUST05099,9,529006.22,58778.468888888885,0,20,5.555555555555555,Low
CUST05100,12,3770.18,314.1816666666667,1,10,1.6666666666666667,Low
CUST05101,13,32834.49,2525.73,0,10,1.5384615384615385,Low
CUST05102,8,33223.299999999996,4152.912499999999,0,10,1.25,Low
CUST05103,10,224685.09,22468.509,0,10,4.0,Low
CUST05104,8,2097.2400000000002,262.15500000000003,2,20,7.5,Low
CUST05105,13,102555.45,7888.880769230769,2,20,3.8461538461538463,Low
CUST05106,12,25757.83,2146.4858333333336,0,10,3.3333333333333335,Low
CUST05107,7,2668.54,381.21999999999997,0,10,2.857142857142857,Low
CUST05108,5,7821.96,1564.392,0,10,4.0,Low
CUST05109,7,17841.47,2548.781428571429,1,30,7.142857142857143,Low
CUST05110,14,95027.37999999999,6787.669999999999,0,10,2.142857142857143,Low
CUST05111,8,7435.84,929.48,0,10,1.25,Low
CUST05112,9,23565.809999999998,2618.423333333333,0,0,0.0,Low
CUST05113,12,110125.61,9177.134166666667,0,10,2.5,Low
CUST05114,11,34373.64,3124.8763636363637,2,20,6.363636363636363,Low
CUST05115,14,22104.829999999998,1578.9164285714285,0,10,0.7142857142857143,Low
CUST05116,8,82451.49,10306.43625,0,10,2.5,Low
CUST05117,12,1743.92,145.32666666666668,1,10,1.6666666666666667,Low
CUST05118,16,17116.86,1069.80375,1,30,3.125,Low
CUST05119,9,16970.64,1885.6266666666666,1,10,2.2222222222222223,Low
CUST05120,9,39108.7,4345.411111111111,0,10,2.2222222222222223,Low
CUST05121,10,38134.590000000004,3813.4590000000003,0,10,3.0,Low
CUST05122,10,19848.82,1984.882,1,15,3.5,Low
CUST05123,15,91629.34,6108.622666666666,0,10,4.0,Low
CUST05124,10,28968.469999999998,2896.8469999999998,0,10,2.0,Low
CUST05125,7,58645.27,8377.895714285714,1,10,1.4285714285714286,Low
CUST05126,11,43916.39,3992.399090909091,0,10,2.727272727272727,Low
CUST05127,11,28534.420000000002,2594.038181818182,0,10,0.9090909090909091,Low
CUST05128,8,20521.190000000002,2565.1487500000003,0,10,3.75,Low
CUST05129,11,16903.34,1536.6672727272728,1,10,1.8181818181818181,Low
CUST05130,11,11115.95,1010.5409090909092,0,10,3.6363636363636362,Low
CUST05131,12,114944.70999999999,9578.725833333332,0,10,1.6666666666666667,Low
CUST05132,11,3080.22,280.02,0,10,3.6363636363636362,Low
CUST05133,7,984.73,140.6757142857143,0,10,2.857142857142857,Low
CUST05134,12,45833.880000000005,3819.4900000000002,1,20,4.166666666666667,Low
CUST05135,4,4071.8900000000003,1017.9725000000001,1,20,5.0,Low
CUST05136,7,32353.39,4621.912857142857,0,10,2.857142857142857,Low
CUST05137,13,42215.649999999994,3247.3576923076917,0,10,3.076923076923077,Low
CUST05138,8,289522.31,36190.28875,0,10,3.75,Low
CUST05139,13,6517.57,501.35153846153844,0,10,3.8461538461538463,Low
CUST05140,14,13307.33,950.5235714285715,0,10,1.4285714285714286,Low
CUST05141,14,70858.77,5061.340714285715,0,10,1.4285714285714286,Low
CUST05142,7,54883.6,7840.5142857142855,0,10,1.4285714285714286,Low
CUST05143,8,9983.08,1247.885,0,0,0.0,Low
CUST05144,10,224769.45,22476.945,0,10,3.0,Low
CUST05145,14,5845.2,417.5142857142857,2,20,6.071428571428571,Low
CUST05146,10,6402.42,640.242,0,10,4.0,Low
CUST05147,14,19224.87,1373.205,0,10,1.4285714285714286,Low
CUST05148,6,10489.810000000001,1748.301666666667,0,10,5.0,Low
CUST05149,6,6402.05,1067.0083333333334,0,10,5.0,Low
CUST05150,5,10249.2,2049.84,0,10,2.0,Low
CUST05151,8,4556.62,569.5775,0,10,1.25,Low
CUST05152,11,62051.74,5641.067272727272,1,10,3.6363636363636362,Low
CUST05153,9,26847.59,2983.0655555555554,1,20,5.555555555555555,Low
CUST05154,8,2507.96,313.495,0,10,3.75,Low
CUST05155,12,50847.71,4237.309166666667,0,10,1.6666666666666667,Low
CUST05156,5,9773.98,1954.7959999999998,0,10,2.0,Low
CUST05157,13,18228.1,1402.1615384615384,1,20,5.384615384615385,Low
CUST05158,9,184706.7,20522.966666666667,0,10,2.2222222222222223,Low
CUST05159,9,70243.78,7804.864444444444,1,10,2.2222222222222223,Low
CUST05160,5,26057.63,5211.526,0,10,6.0,Low
CUST05161,7,8809.27,1258.467142857143,0,10,2.857142857142857,Low
CUST05162,9,4750.69,527.8544444444444,0,10,4.444444444444445,Low
CUST05163,12,554454.59,46204.549166666664,0,20,3.3333333333333335,Low
CUST05164,11,25989.32,2362.6654545454544,0,10,3.6363636363636362,Low
CUST05165,11,63133.479999999996,5739.407272727272,1,10,0.9090909090909091,Low
CUST05166,3,5912.5599999999995,1970.8533333333332,0,10,6.666666666666667,Low
CUST05167,10,20619.16,2061.916,1,15,2.5,Low
CUST05168,10,47789.8,4778.9800000000005,0,10,1.0,Low
CUST05169,13,286681.01,22052.385384615387,0,10,2.3076923076923075,Low
CUST05170,5,26163.67,5232.7339999999995,0,10,4.0,Low
CUST05171,15,21340.0,1422.6666666666667,0,10,1.3333333333333333,Low
CUST05172,3,91692.75,30564.25,0,0,0.0,Low
CUST05173,8,69601.15,8700.14375,1,20,3.75,Low
CUST05174,14,2718.58,194.18428571428572,0,10,2.142857142857143,Low
CUST05175,12,7470.25,622.5208333333334,0,10,1.6666666666666667,Low
CUST05176,7,8617.710000000001,1231.1014285714286,0,10,2.857142857142857,Low
CUST05177,8,143070.93,17883.86625,0,10,2.5,Low
CUST05178,9,29697.170000000002,3299.6855555555558,1,15,3.888888888888889,Low
CUST05179,7,16598.97,2371.281428571429,1,10,1.4285714285714286,Low
CUST05180,8,29592.04,3699.005,1,30,7.5,Low
CUST05181,12,61469.58,5122.465,0,10,3.3333333333333335,Low
CUST05182,12,122831.76,10235.98,0,10,2.5,Low
CUST05183,7,10540.52,1505.7885714285715,0,10,4.285714285714286,Low
CUST05184,11,313413.19,28492.10818181818,0,10,0.9090909090909091,Low
CUST05185,9,6240.0599999999995,693.3399999999999,0,10,1.1111111111111112,Low
CUST05186,10,458104.92,45810.492,0,10,2.0,Low
CUST05187,13,36810.23,2831.5561538461543,0,10,0.7692307692307693,Low
CUST05188,6,53472.12,8912.02,1,10,3.3333333333333335,Low
CUST05189,9,16459.449999999997,1828.8277777777776,0,10,1.1111111111111112,Low
CUST05190,15,32500.93,2166.728666666667,3,85,12.333333333333334,High
CUST05191,12,45071.38,3755.9483333333333,1,10,2.5,Low
CUST05192,13,9213.84,708.756923076923,0,10,3.8461538461538463,Low
CUST05193,10,40634.36,4063.436,0,10,5.0,Low
CUST05194,11,30195.89,2745.0809090909092,0,10,4.545454545454546,Low
CUST05195,5,6542.85,1308.5700000000002,0,0,0.0,Low
CUST05196,6,12323.789999999999,2053.9649999999997,0,0,0.0,Low
CUST05197,13,14599.82,1123.063076923077,0,10,1.5384615384615385,Low
CUST05198,7,73242.14,10463.162857142857,0,10,4.285714285714286,Low
CUST05199,16,42389.88,2649.3675,0,10,2.5,Low
CUST05200,8,12672.16,1584.02,0,10,3.75,Low
CUST05201,3,3524.9500000000003,1174.9833333333333,0,0,0.0,Low
CUST05202,10,18353.57,1835.357,0,10,1.0,Low
CUST05203,17,155546.45,9149.79117647059,3,10,4.117647058823529,Low
CUST05204,10,27012.84,2701.284,0,10,2.0,Low
CUST05205,10,18243.54,1824.354,0,10,2.0,Low
CUST05206,6,37392.21,6232.035,0,10,1.6666666666666667,Low
CUST05207,11,29228.879999999997,2657.170909090909,1,20,3.6363636363636362,Low
CUST05208,8,19269.329999999998,2408.6662499999998,0,10,2.5,Low
CUST05209,14,24933.71,1780.9792857142857,0,10,1.4285714285714286,Low
CUST05210,14,171361.6,12240.114285714286,0,10,2.857142857142857,Low
CUST05211,10,57930.11,5793.011,0,10,3.0,Low
CUST05212,10,262845.14999999997,26284.514999999996,0,30,4.0,Low
CUST05213,15,3285.7,219.04666666666665,0,10,3.3333333333333335,Low
CUST05214,9,6413.94,712.66,0,10,2.2222222222222223,Low
CUST05215,12,20805.28,1733.7733333333333,0,10,2.5,Low
CUST05216,8,3569.62,446.2025,0,10,1.25,Low
CUST05217,3,3298.0600000000004,1099.3533333333335,0,10,6.666666666666667,Low
CUST05218,11,8205.39,745.9445454545454,1,20,3.6363636363636362,Low
CUST05219,11,79737.1,7248.827272727273,0,10,2.727272727272727,Low
CUST05220,14,17044.36,1217.4542857142858,0,10,4.285714285714286,Low
CUST05221,8,11256.789999999999,1407.0987499999999,0,10,3.75,Low
CUST05222,9,430737.13,47859.68111111111,0,10,4.444444444444445,Low
CUST05223,9,52715.62,5857.291111111112,0,10,3.3333333333333335,Low
CUST05224,6,104227.35,17371.225000000002,0,10,1.6666666666666667,Low
CUST05225,7,6100.28,871.4685714285714,0,10,2.857142857142857,Low
CUST05226,7,6758.74,965.5342857142857,1,25,7.857142857142857,Low
CUST05227,14,39782.69,2841.6207142857143,0,10,3.5714285714285716,Low
CUST05228,7,6281.08,897.2971428571428,0,0,0.0,Low
CUST05229,7,114446.56,16349.50857142857,0,10,2.857142857142857,Low
CUST05230,13,11462.02,881.6938461538462,0,10,1.5384615384615385,Low
CUST05231,13,12791.25,983.9423076923077,0,10,1.5384615384615385,Low
CUST05232,10,3999.75,399.975,1,20,2.0,Low
CUST05233,11,137518.6,12501.69090909091,0,10,0.9090909090909091,Low
CUST05234,11,21177.51,1925.2281818181816,1,10,1.8181818181818181,Low
CUST05235,10,59255.509999999995,5925.5509999999995,0,10,2.0,Low
CUST05236,10,88811.70999999999,8881.170999999998,2,20,7.0,Low
CUST05237,11,64398.380000000005,5854.398181818182,1,10,0.9090909090909091,Low
CUST05238,11,52291.299999999996,4753.754545454545,0,10,5.454545454545454,Low
CUST05239,6,20601.52,3433.5866666666666,1,30,5.0,Low
CUST05240,10,49249.5,4924.95,0,0,0.0,Low
CUST05241,14,19736.14,1409.7242857142858,0,10,0.7142857142857143,Low
CUST05242,7,37093.95,5299.135714285714,0,10,1.4285714285714286,Low
CUST05243,9,29800.190000000002,3311.1322222222225,0,10,4.444444444444445,Low
CUST05244,13,20749.74,1596.1338461538462,0,10,1.5384615384615385,Low
CUST05245,3,55383.75,18461.25,1,0,0.0,Low
CUST05246,11,45398.94,4127.176363636364,0,10,4.545454545454546,Low
CUST05247,7,54463.880000000005,7780.554285714286,1,10,4.285714285714286,Low
CUST05248,9,8114.64,901.6266666666667,0,10,1.1111111111111112,Low
CUST05249,14,185463.6,13247.4,0,10,1.4285714285714286,Low
CUST05250,9,15251.37,1694.5966666666668,0,10,1.1111111111111112,Low
CUST05251,8,4720.01,590.00125,1,10,2.5,Low
CUST05252,11,28075.57,2552.3245454545454,1,20,3.6363636363636362,Low
CUST05253,13,5488.77,422.213076923077,0,10,5.384615384615385,Low
CUST05254,10,292756.55,29275.655,0,10,5.0,Low
CUST05255,11,13243.8,1203.9818181818182,0,10,2.727272727272727,Low
CUST05256,8,12818.24,1602.28,0,10,3.75,Low
CUST05257,12,13989.97,1165.8308333333332,0,10,0.8333333333333334,Low
CUST05258,8,16104.58,2013.0725,0,10,1.25,Low
CUST05259,11,6725.75,611.4318181818181,0,10,2.727272727272727,Low
CUST05260,12,201101.02,16758.41833333333,0,10,4.166666666666667,Low
CUST05261,12,190025.54,15835.461666666668,0,10,1.6666666666666667,Low
CUST05262,11,13916.76,1265.16,0,10,4.545454545454546,Low
CUST05263,10,91473.24,9147.324,0,10,2.0,Low
CUST05264,6,6118.52,1019.7533333333334,0,0,0.0,Low
CUST05265,5,5131.8099999999995,1026.3619999999999,0,10,4.0,Low
CUST05266,14,34519.7,2465.692857142857,0,10,2.142857142857143,Low
CUST05267,10,29325.7,2932.57,0,10,1.0,Low
CUST05268,13,29747.25,2288.25,0,10,2.3076923076923075,Low
CUST05269,12,17059.69,1421.6408333333331,0,10,2.5,Low
CUST05270,13,13860.24,1066.1723076923076,0,10,4.615384615384615,Low
CUST05271,9,2310.81,256.75666666666666,0,10,1.1111111111111112,Low
CUST05272,14,24265.14,1733.2242857142858,0,10,3.5714285714285716,Low
CUST05273,10,32793.86,3279.386,0,10,1.0,Low
CUST05274,13,32524.77,2501.9053846153847,0,10,1.5384615384615385,Low
CUST05275,11,4987.110000000001,453.3736363636364,0,10,2.727272727272727,Low
CUST05276,17,33644.58,1979.0929411764707,3,75,9.705882352941176,High
CUST05277,10,252609.32,25260.932,0,10,4.0,Low
CUST05278,8,3669.59,458.69875,0,10,1.25,Low
CUST05279,8,6748.530000000001,843.5662500000001,0,10,1.25,Low
CUST05280,10,29495.12,2949.5119999999997,0,10,1.0,Low
CUST05281,13,73465.78,5651.213846153846,3,75,10.384615384615385,High
CUST05282,8,16775.52,2096.94,0,10,3.75,Low
CUST05283,12,394893.92,32907.82666666667,0,10,1.6666666666666667,Low
CUST05284,8,56638.22,7079.7775,0,10,5.0,Low
CUST05285,11,60034.090000000004,5457.644545454546,0,10,2.727272727272727,Low
CUST05286,9,158634.21,17626.02333333333,0,10,1.1111111111111112,Low
CUST05287,10,167388.66,16738.866,0,10,2.0,Low
CUST05288,9,73725.41,8191.712222222222,0,10,4.444444444444445,Low
CUST05289,9,11159.48,1239.9422222222222,0,10,2.2222222222222223,Low
CUST05290,8,57306.1,7163.2625,0,10,3.75,Low
CUST05291,9,215849.52,23983.28,1,10,5.555555555555555,Low
CUST05292,4,6110.7699999999995,1527.6924999999999,0,10,2.5,Low
CUST05293,16,123079.85,7692.490625,2,15,2.8125,Low
CUST05294,12,130392.95999999999,10866.08,0,10,2.5,Low
CUST05295,13,41410.92,3185.4553846153844,0,0,0.0,Low
CUST05296,7,3949.71,564.2442857142858,0,10,1.4285714285714286,Low
CUST05297,9,4969.47,552.1633333333334,1,10,1.1111111111111112,Low
CUST05298,9,53239.49,5915.498888888888,0,10,3.3333333333333335,Low
CUST05299,11,18957.66,1723.4236363636364,0,10,2.727272727272727,Low
CUST05300,15,86112.01000000001,5740.800666666667,5,25,3.6666666666666665,Low
CUST05301,15,47316.17,3154.411333333333,0,10,4.0,Low
CUST05302,12,558828.53,46569.04416666667,1,20,5.0,Low
CUST05303,8,461507.32999999996,57688.416249999995,1,30,6.875,Low
CUST05304,10,13799.17,1379.917,0,10,3.0,Low
CUST05305,7,103149.69,14735.67,0,10,1.4285714285714286,Low
CUST05306,13,32885.64,2529.6646153846154,0,10,3.076923076923077,Low
CUST05307,6,95531.8,15921.966666666667,0,10,5.0,Low
CUST05308,12,31322.870000000003,2610.2391666666667,1,20,5.833333333333333,Low
CUST05309,7,8153.35,1164.7642857142857,1,15,2.142857142857143,Low
CUST05310,6,22031.69,3671.9483333333333,1,10,3.3333333333333335,Low
CUST05311,12,14315.14,1192.9283333333333,0,10,2.5,Low
CUST05312,15,8430.61,562.0406666666667,0,10,4.0,Low
CUST05313,7,48932.73,6990.39,0,10,1.4285714285714286,Low
CUST05314,13,61484.65,4729.588461538462,0,10,3.076923076923077,Low
CUST05315,9,5819.82,646.6466666666666,0,10,1.1111111111111112,Low
CUST05316,10,4702.47,470.247,0,10,2.0,Low
CUST05317,11,1365.33,124.12090909090908,0,10,2.727272727272727,Low
CUST05318,11,211078.07,19188.915454545455,0,10,0.9090909090909091,Low
CUST05319,9,2473.23,274.80333333333334,0,10,2.2222222222222223,Low
CUST05320,9,221205.37,24578.374444444446,1,15,5.0,Low
CUST05321,13,14739.62,1133.816923076923,0,10,1.5384615384615385,Low
CUST05322,11,24036.52,2185.1381818181817,0,10,1.8181818181818181,Low
CUST05323,16,328347.69,20521.730625,0,10,3.75,Low
CUST05324,6,49375.56,8229.26,0,10,3.3333333333333335,Low
CUST05325,9,5670.48,630.0533333333333,1,20,5.555555555555555,Low
CUST05326,8,43509.26,5438.6575,1,30,3.75,Low
CUST05327,10,128166.15,12816.615,0,10,2.0,Low
CUST05328,8,337908.45,42238.55625,0,20,3.75,Low
CUST05329,7,31196.98,4456.711428571429,0,0,0.0,Low
CUST05330,14,4527.74,323.40999999999997,0,10,3.5714285714285716,Low
CUST05331,6,6924.360000000001,1154.0600000000002,0,0,0.0,Low
CUST05332,13,31108.34,2392.949230769231,0,10,3.076923076923077,Low
CUST05333,9,18044.7,2004.9666666666667,0,10,4.444444444444445,Low
CUST05334,15,69427.63,4628.508666666667,0,10,2.6666666666666665,Low
CUST05335,11,16435.32,1494.12,2,30,7.2727272727272725,Low
CUST05336,8,30023.0,3752.875,0,10,1.25,Low
CUST05337,8,3409.6,426.2,0,10,1.25,Low
CUST05338,11,47779.61,4343.600909090909,0,10,2.727272727272727,Low
CUST05339,13,82574.91,6351.916153846154,0,10,2.3076923076923075,Low
CUST05340,13,78639.41,6049.1853846153845,0,10,3.8461538461538463,Low
CUST05341,10,17679.34,1767.934,0,10,1.0,Low
CUST05342,10,3631.58,363.158,0,10,3.0,Low
CUST05343,4,66792.89,16698.2225,0,10,5.0,Low
CUST05344,12,58014.25,4834.520833333333,0,10,3.3333333333333335,Low
CUST05345,17,94667.05,5568.650000000001,3,85,10.882352941176471,High
CUST05346,7,9078.51,1296.93,0,10,2.857142857142857,Low
CUST05347,12,22402.73,1866.8941666666667,0,10,2.5,Low
CUST05348,10,7413.62,741.362,1,30,3.0,Low
CUST05349,9,2395.5,266.1666666666667,0,10,3.3333333333333335,Low
CUST05350,10,40029.08,4002.9080000000004,0,10,1.0,Low
CUST05351,3,7088.5599999999995,2362.853333333333,0,10,3.3333333333333335,Low
CUST05352,12,64837.89,5403.1575,0,10,2.5,Low
CUST05353,11,2362.34,214.75818181818184,0,10,3.6363636363636362,Low
CUST05354,4,43401.35,10850.3375,0,10,2.5,Low
CUST05355,9,48343.33,5371.481111111111,0,10,2.2222222222222223,Low
CUST05356,8,3689.49,461.18625,0,10,1.25,Low
CUST05357,17,32657.62,1921.0364705882353,2,20,2.3529411764705883,Low
CUST05358,12,31189.03,2599.085833333333,1,20,4.166666666666667,Low
CUST05359,5,1383.6,276.71999999999997,0,10,2.0,Low
CUST05360,11,6268.16,569.8327272727273,0,10,5.454545454545454,Low
CUST05361,8,7701.61,962.70125,0,10,3.75,Low
CUST05362,6,1976.44,329.4066666666667,0,0,0.0,Low
CUST05363,13,147268.02,11328.30923076923,0,10,3.076923076923077,Low
CUST05364,11,330963.34,30087.576363636366,0,10,5.454545454545454,Low
CUST05365,13,36018.97,2770.69,0,10,2.3076923076923075,Low
CUST05366,11,21716.82,1974.2563636363636,0,10,4.545454545454546,Low
CUST05367,8,143905.8,17988.225,0,10,1.25,Low
CUST05368,11,52466.19,4769.653636363637,0,10,1.8181818181818181,Low
CUST05369,16,6538.84,408.6775,1,20,4.375,Low
CUST05370,9,1221.56,135.7288888888889,1,20,6.666666666666667,Low
CUST05371,10,10362.59,1036.259,1,20,5.0,Low
CUST05372,12,18647.92,1553.993333333333,0,10,2.5,Low
CUST05373,12,276112.13,23009.344166666666,0,10,0.8333333333333334,Low
CUST05374,15,19096.02,1273.068,0,10,1.3333333333333333,Low
CUST05375,12,55034.37,4586.1975,0,10,4.166666666666667,Low
CUST05376,16,28948.35,1809.271875,0,10,3.75,Low
CUST05377,10,5413.66,541.366,1,30,8.0,Low
CUST05378,5,70796.73000000001,14159.346000000001,0,0,0.0,Low
CUST05379,12,12691.75,1057.6458333333333,0,10,2.5,Low
CUST05380,18,34797.85,1933.2138888888887,4,85,11.666666666666666,High
CUST05381,12,12334.0,1027.8333333333333,0,10,1.6666666666666667,Low
CUST05382,9,8594.55,954.9499999999999,0,10,3.3333333333333335,Low
CUST05383,11,106766.58,9706.052727272727,0,10,4.545454545454546,Low
CUST05384,8,13835.6,1729.45,0,10,3.75,Low
CUST05385,4,10937.91,2734.4775,0,10,2.5,Low
CUST05386,10,29735.84,2973.584,0,10,1.0,Low
CUST05387,9,9965.59,1107.2877777777778,0,10,1.1111111111111112,Low
CUST05388,11,36740.06,3340.0054545454545,0,10,3.6363636363636362,Low
CUST05389,13,86278.23,6636.786923076923,1,10,2.3076923076923075,Low
CUST05390,18,487578.96,27087.72,1,20,5.0,Low
CUST05391,15,6780.54,452.036,0,10,3.3333333333333335,Low
CUST05392,7,8176.09,1168.0128571428572,0,10,2.857142857142857,Low
CUST05393,6,3524.53,587.4216666666667,0,10,6.666666666666667,Low
CUST05394,9,127692.34,14188.037777777778,1,10,2.2222222222222223,Low
CUST05395,8,8128.11,1016.01375,0,10,2.5,Low
CUST05396,7,149436.78,21348.11142857143,1,20,7.142857142857143,Low
CUST05397,10,2663.0499999999997,266.30499999999995,0,10,6.0,Low
CUST05398,15,239879.8,15991.986666666666,0,10,4.0,Low
CUST05399,13,36705.02,2823.4630769230766,1,10,1.5384615384615385,Low
CUST05400,13,41149.76,3165.366153846154,0,10,3.076923076923077,Low
CUST05401,10,4500.74,450.07399999999996,0,10,5.0,Low
CUST05402,10,64942.61,6494.261,0,10,3.0,Low
CUST05403,6,4311.07,718.5116666666667,0,10,5.0,Low
CUST05404,10,17894.79,1789.479,0,10,3.0,Low
CUST05405,8,8052.41,1006.55125,0,10,5.0,Low
CUST05406,8,58839.49,7354.93625,1,10,3.75,Low
CUST05407,10,522805.9,52280.590000000004,0,30,7.0,Low
CUST05408,9,14773.35,1641.4833333333333,0,10,1.1111111111111112,Low
CUST05409,21,713453.61,33973.98142857143,1,15,4.0476190476190474,Low
CUST05410,11,49701.97,4518.360909090909,0,10,1.8181818181818181,Low
CUST05411,12,26864.75,2238.7291666666665,0,10,1.6666666666666667,Low
CUST05412,12,16917.89,1409.8241666666665,0,10,4.166666666666667,Low
CUST05413,13,16071.87,1236.2976923076924,0,10,2.3076923076923075,Low
CUST05414,13,24495.97,1884.3053846153848,0,10,2.3076923076923075,Low
CUST05415,8,13054.96,1631.87,0,10,2.5,Low
CUST05416,14,34442.83,2460.202142857143,0,10,4.285714285714286,Low
CUST05417,6,3995.36,665.8933333333333,0,10,3.3333333333333335,Low
CUST05418,10,281011.17000000004,28101.117000000006,0,10,1.0,Low
CUST05419,9,18981.34,2109.0377777777776,0,10,4.444444444444445,Low
CUST05420,15,462318.04,30821.202666666664,0,10,1.3333333333333333,Low
CUST05421,6,2362.95,393.825,0,10,3.3333333333333335,Low
CUST05422,15,297837.66000000003,19855.844,0,10,0.6666666666666666,Low
CUST05423,7,12743.18,1820.4542857142858,0,10,5.714285714285714,Low
CUST05424,12,255074.43,21256.2025,0,10,4.166666666666667,Low
CUST05425,12,50566.73,4213.894166666667,0,10,2.5,Low
CUST05426,6,4186.92,697.82,0,10,3.3333333333333335,Low
CUST05427,12,13172.48,1097.7066666666667,3,75,12.083333333333334,High
CUST05428,6,11332.7,1888.7833333333335,1,15,4.166666666666667,Low
CUST05429,8,3892.42,486.5525,0,10,3.75,Low
CUST05430,6,19498.64,3249.773333333333,0,10,3.3333333333333335,Low
CUST05431,12,638814.93,53234.57750000001,2,30,7.5,Low
CUST05432,11,105121.77,9556.524545454546,0,10,1.8181818181818181,Low
CUST05433,6,15991.490000000002,2665.2483333333334,0,10,3.3333333333333335,Low
CUST05434,9,378553.14,42061.46,1,20,4.444444444444445,Low
CUST05435,11,222423.46,20220.314545454545,0,10,1.8181818181818181,Low
CUST05436,11,158729.18,14429.925454545453,0,10,0.9090909090909091,Low
CUST05437,13,3245.44,249.64923076923077,0,10,2.3076923076923075,Low
CUST05438,8,3213.23,401.65375,0,10,3.75,Low
CUST05439,10,37313.799999999996,3731.3799999999997,0,10,1.0,Low
CUST05440,5,18908.37,3781.674,0,10,4.0,Low
CUST05441,4,3340.3699999999994,835.0924999999999,0,10,2.5,Low
CUST05442,10,74980.98999999999,7498.098999999999,0,10,3.0,Low
CUST05443,13,5699.150000000001,438.3961538461539,0,10,3.076923076923077,Low
CUST05444,6,162950.43,27158.405,0,10,1.6666666666666667,Low
CUST05445,14,70131.06,5009.361428571428,0,10,3.5714285714285716,Low
CUST05446,8,107389.37,13423.67125,0,10,2.5,Low
CUST05447,12,5385.860000000001,448.8216666666667,0,10,2.5,Low
CUST05448,9,2536.68,281.8533333333333,0,10,3.3333333333333335,Low
CUST05449,8,35469.549999999996,4433.693749999999,0,10,3.75,Low
CUST05450,13,70765.91,5443.531538461539,0,10,0.7692307692307693,Low
CUST05451,9,23480.84,2608.9822222222224,1,20,3.3333333333333335,Low
CUST05452,10,7371.54,737.154,0,10,3.0,Low
CUST05453,11,8798.460000000001,799.8600000000001,1,30,4.545454545454546,Low
CUST05454,11,49656.24,4514.203636363636,0,0,0.0,Low
CUST05455,6,10438.52,1739.7533333333333,0,10,3.3333333333333335,Low
CUST05456,9,15892.289999999999,1765.81,0,10,2.2222222222222223,Low
CUST05457,9,55535.94,6170.66,0,10,3.3333333333333335,Low
CUST05458,11,41987.25,3817.0227272727275,0,10,3.6363636363636362,Low
CUST05459,8,11091.41,1386.42625,0,10,6.25,Low
CUST05460,14,355245.91,25374.707857142854,0,10,3.5714285714285716,Low
CUST05461,15,30029.5,2001.9666666666667,1,20,4.0,Low
CUST05462,15,159883.9,10658.926666666666,0,10,4.666666666666667,Low
CUST05463,13,24921.670000000002,1917.0515384615387,0,10,0.7692307692307693,Low
CUST05464,7,41540.3,5934.328571428572,0,10,1.4285714285714286,Low
CUST05465,8,58711.88,7338.985,0,10,3.75,Low
CUST05466,9,103207.01000000001,11467.445555555556,0,10,2.2222222222222223,Low
CUST05467,7,92189.92,13169.988571428572,0,10,7.142857142857143,Low
CUST05468,13,15807.4,1215.9538461538461,0,10,3.076923076923077,Low
CUST05469,9,4883.76,542.64,0,10,2.2222222222222223,Low
CUST05470,10,91469.51000000001,9146.951000000001,0,10,4.0,Low
CUST05471,9,3699.9300000000003,411.10333333333335,0,0,0.0,Low
CUST05472,5,650.1,130.02,0,10,4.0,Low
CUST05473,7,8662.41,1237.4871428571428,0,10,2.857142857142857,Low
CUST05474,10,13567.42,1356.742,0,10,6.0,Low
CUST05475,8,10673.51,1334.18875,0,10,5.0,Low
CUST05476,11,4091.56,371.96,0,10,3.6363636363636362,Low
CUST05477,11,284796.7,25890.609090909093,2,20,5.454545454545454,Low
CUST05478,10,31322.809999999998,3132.281,0,10,1.0,Low
CUST05479,10,366260.73000000004,36626.073000000004,0,30,5.0,Low
CUST05480,12,18843.36,1570.28,1,10,4.166666666666667,Low
CUST05481,13,106441.48000000001,8187.806153846154,0,10,2.3076923076923075,Low
CUST05482,9,208532.69,23170.29888888889,0,10,2.2222222222222223,Low
CUST05483,10,19789.86,1978.986,0,10,2.0,Low
CUST05484,10,2376.46,237.64600000000002,0,10,3.0,Low
CUST05485,9,50394.229999999996,5599.358888888888,0,10,2.2222222222222223,Low
CUST05486,13,22548.53,1734.5023076923076,1,20,3.076923076923077,Low
CUST05487,19,62999.15,3315.7447368421053,1,20,3.1578947368421053,Low
CUST05488,16,23475.34,1467.20875,3,75,9.6875,High
CUST05489,12,262414.07,21867.83916666667,1,25,2.9166666666666665,Low
CUST05490,12,36740.46,3061.705,0,10,5.0,Low
CUST05491,11,41253.02,3750.274545454545,0,10,5.454545454545454,Low
CUST05492,9,6468.3,718.7,0,10,4.444444444444445,Low
CUST05493,11,407868.29000000004,37078.935454545455,0,10,2.727272727272727,Low
CUST05494,7,129318.84,18474.12,0,10,2.857142857142857,Low
CUST05495,10,6089.19,608.919,1,20,3.0,Low
CUST05496,6,16125.109999999999,2687.518333333333,0,10,1.6666666666666667,Low
CUST05497,7,1807.6399999999999,258.2342857142857,0,10,2.857142857142857,Low
CUST05498,15,19178.76,1278.5839999999998,1,20,4.0,Low
CUST05499,13,45461.67,3497.0515384615383,0,10,3.076923076923077,Low
CUST05500,10,21817.15,2181.715,4,75,13.5,High
CUST05501,9,99419.69,11046.632222222222,1,10,2.2222222222222223,Low
CUST05502,10,5258.13,525.813,0,10,1.0,Low
CUST05503,8,13823.13,1727.89125,0,10,2.5,Low
CUST05504,6,22714.16,3785.693333333333,0,10,1.6666666666666667,Low
CUST05505,10,199868.87,19986.887,1,15,3.5,Low
CUST05506,7,5415.38,773.6257142857143,0,10,2.857142857142857,Low
CUST05507,9,17463.52,1940.391111111111,0,10,2.2222222222222223,Low
CUST05508,9,56826.200000000004,6314.022222222223,2,15,5.0,Low
CUST05509,13,21168.34,1628.3338461538463,1,10,3.076923076923077,Low
CUST05510,9,75781.48,8420.164444444445,0,10,1.1111111111111112,Low
CUST05511,11,6033.7,548.5181818181818,0,10,3.6363636363636362,Low
CUST05512,8,11797.730000000001,1474.7162500000002,0,0,0.0,Low
CUST05513,13,20361.37,1566.2592307692307,0,10,0.7692307692307693,Low
CUST05514,6,10337.210000000001,1722.8683333333336,1,20,5.0,Low
CUST05515,9,53008.4,5889.822222222222,0,10,1.1111111111111112,Low
CUST05516,7,19612.230000000003,2801.7471428571434,0,10,5.714285714285714,Low
CUST05517,15,131327.95,8755.196666666667,0,10,2.6666666666666665,Low
CUST05518,10,514954.06,51495.406,1,10,3.0,Low
CUST05519,7,132361.44,18908.777142857143,0,10,4.285714285714286,Low
CUST05520,14,363080.78,25934.34142857143,1,30,4.285714285714286,Low
CUST05521,9,11833.880000000001,1314.8755555555556,0,10,3.3333333333333335,Low
CUST05522,10,4597.780000000001,459.7780000000001,0,10,1.0,Low
CUST05523,6,1552.5700000000002,258.7616666666667,0,10,1.6666666666666667,Low
CUST05524,8,133926.97999999998,16740.872499999998,0,0,0.0,Low
CUST05525,6,3226.86,537.8100000000001,0,0,0.0,Low
CUST05526,8,51935.96,6491.995,0,10,6.25,Low
CUST05527,6,12696.91,2116.1516666666666,0,10,6.666666666666667,Low
CUST05528,5,7450.7,1490.1399999999999,0,10,4.0,Low
CUST05529,9,6230.04,692.2266666666667,0,10,5.555555555555555,Low
CUST05530,13,23662.6,1820.1999999999998,0,10,3.076923076923077,Low
CUST05531,14,89169.81,6369.272142857143,1,10,2.142857142857143,Low
CUST05532,11,36410.03,3310.002727272727,1,10,1.8181818181818181,Low
CUST05533,9,9597.25,1066.361111111111,0,10,2.2222222222222223,Low
CUST05534,14,233526.42,16680.45857142857,0,10,1.4285714285714286,Low
CUST05535,11,10353.41,941.2190909090909,0,10,0.9090909090909091,Low
CUST05536,4,31041.960000000003,7760.490000000001,0,0,0.0,Low
CUST05537,14,50325.719999999994,3594.6942857142853,3,75,9.642857142857142,High
CUST05538,12,84356.24,7029.686666666667,3,75,13.75,High
CUST05539,10,59625.64,5962.564,0,10,1.0,Low
CUST05540,10,11260.17,1126.017,0,10,1.0,Low
CUST05541,8,8869.49,1108.68625,0,10,3.75,Low
CUST05542,9,146918.29,16324.254444444445,0,10,2.2222222222222223,Low
CUST05543,11,143078.63,13007.148181818182,0,10,2.727272727272727,Low
CUST05544,13,9590.09,737.6992307692308,0,10,2.3076923076923075,Low
CUST05545,14,34273.3,2448.092857142857,0,10,1.4285714285714286,Low
CUST05546,12,331570.64,27630.88666666667,0,10,4.166666666666667,Low
CUST05547,9,18004.08,2000.4533333333336,0,10,2.2222222222222223,Low
CUST05548,14,352181.6,25155.82857142857,0,10,2.142857142857143,Low
CUST05549,10,396120.06000000006,39612.00600000001,0,20,3.0,Low
CUST05550,10,70356.89,7035.689,0,10,3.0,Low
CUST05551,8,9581.029999999999,1197.6287499999999,0,10,5.0,Low
CUST05552,7,3771.66,538.8085714285714,1,10,1.4285714285714286,Low
CUST05553,9,123943.26999999999,13771.474444444444,0,10,3.3333333333333335,Low
CUST05554,4,44504.12,11126.03,0,0,0.0,Low
CUST05555,8,30927.8,3865.975,0,10,1.25,Low
CUST05556,7,11184.59,1597.7985714285714,0,0,0.0,Low
CUST05557,10,34507.93,3450.793,0,10,1.0,Low
CUST05558,7,57134.77,8162.11,1,0,0.0,Low
CUST05559,7,4909.03,701.29,0,10,1.4285714285714286,Low
CUST05560,18,122947.9,6830.438888888889,0,10,2.7777777777777777,Low
CUST05561,12,22394.920000000002,1866.2433333333336,0,10,3.3333333333333335,Low
CUST05562,7,158607.7,22658.242857142857,0,10,4.285714285714286,Low
CUST05563,8,157000.46,19625.0575,0,10,3.75,Low
CUST05564,12,15789.1,1315.7583333333334,0,10,2.5,Low
CUST05565,11,21816.04,1983.2763636363636,0,10,1.8181818181818181,Low
CUST05566,13,17026.34,1309.7184615384615,1,25,5.0,Low
CUST05567,9,44671.99,4963.554444444444,0,10,2.2222222222222223,Low
CUST05568,9,15060.43,1673.381111111111,0,10,1.1111111111111112,Low
CUST05569,7,14281.38,2040.1971428571428,0,0,0.0,Low
CUST05570,25,178193.42,7127.736800000001,3,85,7.8,High
CUST05571,12,92657.62,7721.468333333333,1,10,1.6666666666666667,Low
CUST05572,8,10165.06,1270.6325,0,10,5.0,Low
CUST05573,15,157918.84,10527.922666666667,1,10,2.0,Low
CUST05574,6,8127.95,1354.6583333333333,0,10,5.0,Low
CUST05575,9,17702.43,1966.9366666666667,0,0,0.0,Low
CUST05576,14,8914.82,636.7728571428571,0,10,1.4285714285714286,Low
CUST05577,9,36205.11,4022.79,0,10,4.444444444444445,Low
CUST05578,11,289789.26,26344.478181818184,1,20,2.727272727272727,Low
CUST05579,7,5049.5199999999995,721.3599999999999,0,10,2.857142857142857,Low
CUST05580,10,64487.33,6448.733,0,10,2.0,Low
CUST05581,15,621224.7100000001,41414.98066666667,1,0,0.0,Low
CUST05582,13,7078.09,544.4684615384615,1,30,5.384615384615385,Low
CUST05583,15,28873.51,1924.9006666666667,0,10,3.3333333333333335,Low
CUST05584,9,10428.97,1158.7744444444443,0,10,3.3333333333333335,Low
CUST05585,8,15143.310000000001,1892.9137500000002,0,10,1.25,Low
CUST05586,10,19399.07,1939.907,0,10,3.0,Low
CUST05587,10,56240.54,5624.054,0,10,4.0,Low
CUST05588,3,2977.1099999999997,992.3699999999999,0,10,3.3333333333333335,Low
CUST05589,9,9779.79,1086.6433333333334,0,10,2.2222222222222223,Low
CUST05590,10,73248.27,7324.827,0,10,2.0,Low
CUST05591,8,6767.85,845.98125,0,10,1.25,Low
CUST05592,7,64083.16,9154.737142857144,0,10,1.4285714285714286,Low
CUST05593,7,5268.62,752.66,0,10,2.857142857142857,Low
CUST05594,6,77169.41,12861.568333333335,0,10,3.3333333333333335,Low
CUST05595,11,100201.11,9109.191818181818,1,20,4.545454545454546,Low
CUST05596,5,82612.20999999999,16522.442,0,10,4.0,Low
CUST05597,5,37372.14,7474.428,0,0,0.0,Low
CUST05598,9,62682.0,6964.666666666667,0,10,3.3333333333333335,Low
CUST05599,8,11330.79,1416.34875,0,0,0.0,Low
CUST05600,9,273528.44,30392.04888888889,0,30,5.555555555555555,Low
CUST05601,7,22623.68,3231.9542857142856,1,20,5.714285714285714,Low
CUST05602,7,31113.82,4444.831428571429,0,10,2.857142857142857,Low
CUST05603,8,49862.57,6232.82125,0,10,2.5,Low
CUST05604,5,884.03,176.80599999999998,0,10,2.0,Low
CUST05605,9,34146.159999999996,3794.017777777777,1,15,3.888888888888889,Low
CUST05606,5,5938.59,1187.718,0,10,2.0,Low
CUST05607,3,4785.03,1595.01,0,10,3.3333333333333335,Low
CUST05608,6,2818.04,469.67333333333335,0,10,1.6666666666666667,Low
CUST05609,13,74564.88,5735.76,0,0,0.0,Low
CUST05610,9,1440.1999999999998,160.0222222222222,0,10,1.1111111111111112,Low
CUST05611,13,294906.21,22685.09307692308,1,20,3.8461538461538463,Low
CUST05612,8,14349.16,1793.645,0,0,0.0,Low
CUST05613,5,1138.49,227.698,0,0,0.0,Low
CUST05614,14,146819.85,10487.132142857143,4,75,8.214285714285714,High
CUST05615,14,2933.5,209.53571428571428,0,10,3.5714285714285716,Low
CUST05616,9,3130.25,347.80555555555554,0,10,2.2222222222222223,Low
CUST05617,15,27603.81,1840.2540000000001,0,10,1.3333333333333333,Low
CUST05618,6,1331.91,221.985,1,0,0.0,Low
CUST05619,5,133812.21,26762.442,0,10,2.0,Low
CUST05620,7,7703.969999999999,1100.5671428571427,0,10,1.4285714285714286,Low
CUST05621,7,1729.65,247.09285714285716,0,10,4.285714285714286,Low
CUST05622,6,170797.33000000002,28466.221666666668,0,10,1.6666666666666667,Low
CUST05623,7,3052.02,436.0028571428571,0,10,4.285714285714286,Low
CUST05624,12,64750.59,5395.8825,0,10,1.6666666666666667,Low
CUST05625,10,55465.9,5546.59,1,10,3.0,Low
CUST05626,10,19107.64,1910.764,0,10,3.0,Low
CUST05627,3,12437.81,4145.9366666666665,0,10,3.3333333333333335,Low
CUST05628,11,14418.380000000001,1310.7618181818182,1,10,1.8181818181818181,Low
CUST05629,12,286562.77999999997,23880.231666666663,0,10,2.5,Low
CUST05630,9,754.57,83.84111111111112,0,10,1.1111111111111112,Low
CUST05631,9,4026.33,447.37,0,0,0.0,Low
CUST05632,12,26762.25,2230.1875,0,10,2.5,Low
CUST05633,13,388570.52,29890.04,2,20,4.615384615384615,Low
CUST05634,10,6500.87,650.087,0,10,2.0,Low
CUST05635,14,100948.45,7210.603571428571,3,75,10.357142857142858,High
CUST05636,12,182662.26,15221.855000000001,3,85,12.916666666666666,High
CUST05637,8,20333.99,2541.74875,0,10,1.25,Low
CUST05638,13,165388.31,12722.177692307692,0,10,3.076923076923077,Low
CUST05639,11,18176.89,1652.4445454545455,0,10,3.6363636363636362,Low
CUST05640,11,21125.73,1920.520909090909,0,10,0.9090909090909091,Low
CUST05641,22,20332.39,924.1995454545454,3,75,7.045454545454546,High
CUST05642,4,18862.29,4715.5725,0,10,2.5,Low
CUST05643,3,6178.47,2059.4900000000002,0,10,3.3333333333333335,Low
CUST05644,6,9477.63,1579.6049999999998,0,10,3.3333333333333335,Low
CUST05645,15,55390.4,3692.6933333333336,1,10,2.6666666666666665,Low
CUST05646,7,4928.27,704.0385714285715,0,10,2.857142857142857,Low
CUST05647,3,498.06,166.02,0,10,3.3333333333333335,Low
CUST05648,18,641530.25,35640.569444444445,0,10,3.3333333333333335,Low
CUST05649,10,29128.81,2912.8810000000003,0,10,6.0,Low
CUST05650,14,14370.49,1026.4635714285714,0,10,2.142857142857143,Low
CUST05651,7,39127.64,5589.662857142857,0,10,4.285714285714286,Low
CUST05652,15,19974.41,1331.6273333333334,0,10,4.0,Low
CUST05653,7,105797.14,15113.877142857144,0,0,0.0,Low
CUST05654,13,169464.64,13035.74153846154,1,20,4.615384615384615,Low
CUST05655,9,126735.21,14081.69,0,10,1.1111111111111112,Low
CUST05656,10,60906.26,6090.626,1,10,3.0,Low
CUST05657,7,13163.53,1880.5042857142857,0,0,0.0,Low
CUST05658,9,249757.91,27750.87888888889,0,10,4.444444444444445,Low
CUST05659,9,8889.13,987.681111111111,0,10,2.2222222222222223,Low
CUST05660,13,39106.65,3008.2038461538464,2,30,6.538461538461538,Low
CUST05661,10,10779.13,1077.913,0,10,1.0,Low
CUST05662,6,1848.31,308.0516666666667,0,0,0.0,Low
CUST05663,10,55668.68,5566.868,1,10,2.0,Low
CUST05664,8,21795.61,2724.45125,0,10,2.5,Low
CUST05665,11,9776.13,888.7390909090908,0,10,1.8181818181818181,Low
CUST05666,21,284832.1,13563.433333333332,1,10,4.761904761904762,Low
CUST05667,9,93174.09,10352.676666666666,0,0,0.0,Low
CUST05668,10,17934.54,1793.4540000000002,0,10,5.0,Low
CUST05669,9,2225.1,247.23333333333332,0,10,3.3333333333333335,Low
CUST05670,4,9284.78,2321.195,0,10,2.5,Low
CUST05671,9,10570.87,1174.5411111111111,0,10,1.1111111111111112,Low
CUST05672,9,28229.57,3136.6188888888887,0,10,3.3333333333333335,Low
CUST05673,10,47978.29,4797.829,0,10,3.0,Low
CUST05674,14,15932.529999999999,1138.037857142857,0,10,2.142857142857143,Low
CUST05675,10,5116.68,511.668,0,10,1.0,Low
CUST05676,16,50548.77,3159.298125,0,10,5.0,Low
CUST05677,8,14614.31,1826.78875,0,10,2.5,Low
CUST05678,5,1105.58,221.11599999999999,0,10,2.0,Low
CUST05679,10,177081.91,17708.191,0,10,5.0,Low
CUST05680,9,1937.01,215.22333333333333,0,10,3.3333333333333335,Low
CUST05681,6,182404.22,30400.703333333335,0,10,6.666666666666667,Low
CUST05682,11,17207.29,1564.299090909091,0,10,1.8181818181818181,Low
CUST05683,6,13367.61,2227.935,0,10,1.6666666666666667,Low
CUST05684,14,214797.21,15342.657857142856,0,10,2.142857142857143,Low
CUST05685,13,128799.44,9907.649230769232,1,10,2.3076923076923075,Low
CUST05686,11,4979.12,452.6472727272727,0,10,0.9090909090909091,Low
CUST05687,6,4795.280000000001,799.2133333333335,0,0,0.0,Low
CUST05688,10,4065.86,406.586,0,10,3.0,Low
CUST05689,6,106384.46,17730.743333333336,1,20,5.0,Low
CUST05690,8,6056.65,757.08125,0,10,1.25,Low
CUST05691,11,195220.68,17747.334545454545,0,10,0.9090909090909091,Low
CUST05692,11,599800.66,54527.33272727273,0,20,3.6363636363636362,Low
CUST05693,9,133582.9,14842.544444444444,0,10,1.1111111111111112,Low
CUST05694,15,30736.71,2049.114,0,10,3.3333333333333335,Low
CUST05695,9,5847.53,649.7255555555555,0,10,4.444444444444445,Low
CUST05696,8,9962.51,1245.31375,0,10,2.5,Low
CUST05697,8,3310.02,413.7525,0,10,3.75,Low
CUST05698,3,9153.67,3051.2233333333334,0,0,0.0,Low
CUST05699,7,14967.71,2138.2442857142855,0,10,1.4285714285714286,Low
CUST05700,8,50980.03,6372.50375,1,10,3.75,Low
CUST05701,11,12559.25,1141.75,1,10,5.454545454545454,Low
CUST05702,16,31616.3,1976.01875,0,10,1.875,Low
CUST05703,11,12687.869999999999,1153.442727272727,0,10,1.8181818181818181,Low
CUST05704,13,12363.130000000001,951.0100000000001,1,20,5.384615384615385,Low
CUST05705,7,215657.81,30808.25857142857,1,10,4.285714285714286,Low
CUST05706,14,29907.27,2136.2335714285714,0,10,4.285714285714286,Low
CUST05707,9,9865.05,1096.1166666666666,0,0,0.0,Low
CUST05708,14,24902.9,1778.7785714285715,0,10,0.7142857142857143,Low
CUST05709,14,14918.869999999999,1065.6335714285713,0,10,1.4285714285714286,Low
CUST05710,15,214267.56,14284.503999999999,0,10,3.3333333333333335,Low
CUST05711,10,112310.06,11231.006,1,20,3.0,Low
CUST05712,6,1323.23,220.53833333333333,0,0,0.0,Low
CUST05713,8,45262.25,5657.78125,0,10,3.75,Low
CUST05714,8,2483.41,310.42625,0,10,2.5,Low
CUST05715,12,19514.3,1626.1916666666666,0,10,4.166666666666667,Low
CUST05716,8,7353.83,919.22875,0,10,3.75,Low
CUST05717,9,3778.1400000000003,419.79333333333335,0,10,4.444444444444445,Low
CUST05718,14,27707.66,1979.1185714285714,1,25,3.9285714285714284,Low
CUST05719,11,42666.09,3878.735454545454,0,10,4.545454545454546,Low
CUST05720,7,3868.5099999999998,552.6442857142857,0,10,1.4285714285714286,Low
CUST05721,11,4304.86,391.35090909090906,0,10,1.8181818181818181,Low
CUST05722,7,5987.68,855.3828571428572,0,10,1.4285714285714286,Low
CUST05723,11,220267.41,20024.31,0,20,3.6363636363636362,Low
CUST05724,11,10694.59,972.2354545454546,0,10,3.6363636363636362,Low
CUST05725,11,38219.520000000004,3474.5018181818186,0,10,2.727272727272727,Low
CUST05726,15,109379.07,7291.938,0,10,2.0,Low
CUST05727,5,61448.81,12289.761999999999,0,0,0.0,Low
CUST05728,11,34001.51,3091.046363636364,0,10,0.9090909090909091,Low
CUST05729,16,25205.2,1575.325,0,10,3.75,Low
CUST05730,10,10310.55,1031.0549999999998,1,20,4.0,Low
CUST05731,7,207314.72999999998,29616.389999999996,0,10,2.857142857142857,Low
CUST05732,10,6480.03,648.0029999999999,0,10,3.0,Low
CUST05733,5,71918.0,14383.6,0,10,4.0,Low
CUST05734,7,40469.96,5781.422857142857,0,10,2.857142857142857,Low
CUST05735,10,34501.13,3450.113,0,10,3.0,Low
CUST05736,14,36906.14,2636.152857142857,0,10,4.285714285714286,Low
CUST05737,6,2461.2000000000003,410.20000000000005,0,0,0.0,Low
CUST05738,14,52580.02,3755.715714285714,2,30,2.857142857142857,Low
CUST05739,10,30697.97,3069.797,0,10,3.0,Low
CUST05740,9,513099.56,57011.06222222222,0,20,4.444444444444445,Low
CUST05741,10,85814.73,8581.473,0,0,0.0,Low
CUST05742,12,8659.16,721.5966666666667,0,10,2.5,Low
CUST05743,9,19479.43,2164.3811111111113,0,10,3.3333333333333335,Low
CUST05744,12,23172.35,1931.0291666666665,1,30,4.166666666666667,Low
CUST05745,8,13198.95,1649.86875,0,10,3.75,Low
CUST05746,10,12787.52,1278.752,1,30,3.0,Low
CUST05747,19,19330.239999999998,1017.3810526315789,0,10,1.5789473684210527,Low
CUST05748,14,27925.489999999998,1994.677857142857,0,10,2.142857142857143,Low
CUST05749,10,63550.44,6355.044,1,10,1.0,Low
CUST05750,12,178353.43,14862.785833333333,0,10,4.166666666666667,Low
CUST05751,17,10301.29,605.9582352941177,0,10,0.5882352941176471,Low
CUST05752,9,7651.58,850.1755555555555,1,10,4.444444444444445,Low
CUST05753,11,12908.6,1173.509090909091,0,10,2.727272727272727,Low
CUST05754,9,97449.14,10827.682222222222,3,85,17.22222222222222,High
CUST05755,11,53415.61,4855.964545454545,0,10,2.727272727272727,Low
CUST05756,13,5502.6900000000005,423.2838461538462,1,20,3.8461538461538463,Low
CUST05757,10,16641.38,1664.1380000000001,0,10,1.0,Low
CUST05758,11,174648.65,15877.15,0,10,3.6363636363636362,Low
CUST05759,6,8685.5,1447.5833333333333,0,10,3.3333333333333335,Low
CUST05760,10,5822.6,582.26,0,10,1.0,Low
CUST05761,16,81587.16,5099.1975,0,10,1.875,Low
CUST05762,9,66118.44,7346.493333333334,0,10,2.2222222222222223,Low
CUST05763,11,39384.02,3580.365454545454,0,10,2.727272727272727,Low
CUST05764,11,14579.71,1325.4281818181817,0,10,0.9090909090909091,Low
CUST05765,9,453922.22000000003,50435.80222222223,0,10,3.3333333333333335,Low
CUST05766,12,2049.62,170.80166666666665,0,10,3.3333333333333335,Low
CUST05767,12,27877.87,2323.1558333333332,1,20,5.0,Low
CUST05768,14,67460.51,4818.607857142857,1,30,5.0,Low
CUST05769,9,2945.59,327.2877777777778,0,10,1.1111111111111112,Low
CUST05770,13,3289.83,253.06384615384616,0,10,4.615384615384615,Low
CUST05771,11,20685.2,1880.4727272727273,0,10,3.6363636363636362,Low
CUST05772,6,59257.81,9876.301666666666,1,10,5.0,Low
CUST05773,14,71132.18000000001,5080.870000000001,0,10,5.0,Low
CUST05774,5,7248.67,1449.734,0,0,0.0,Low
CUST05775,8,81598.81,10199.85125,2,20,2.5,Low
CUST05776,5,6583.68,1316.736,0,10,4.0,Low
CUST05777,9,14496.949999999999,1610.7722222222221,0,0,0.0,Low
CUST05778,12,22170.21,1847.5175,0,10,1.6666666666666667,Low
CUST05779,9,4764.71,529.4122222222222,0,0,0.0,Low
CUST05780,9,10110.36,1123.3733333333334,0,10,4.444444444444445,Low
CUST05781,14,68306.47,4879.033571428571,2,25,6.071428571428571,Low
CUST05782,6,8208.74,1368.1233333333332,0,0,0.0,Low
CUST05783,14,36962.03,2640.145,0,10,2.142857142857143,Low
CUST05784,12,4498.87,374.9058333333333,0,10,3.3333333333333335,Low
CUST05785,15,22448.18,1496.5453333333332,0,10,4.666666666666667,Low
CUST05786,9,22478.36,2497.5955555555556,0,10,1.1111111111111112,Low
CUST05787,10,60925.27,6092.527,1,10,1.0,Low
CUST05788,13,63810.02,4908.463076923077,0,10,5.384615384615385,Low
CUST05789,10,220108.21000000002,22010.821000000004,0,10,3.0,Low
CUST05790,11,24351.489999999998,2213.771818181818,0,10,2.727272727272727,Low
CUST05791,8,32411.45,4051.43125,0,10,5.0,Low
CUST05792,8,65683.94,8210.4925,0,10,3.75,Low
CUST05793,5,4055.91,811.182,0,10,4.0,Low
CUST05794,11,144027.94,13093.449090909091,1,0,0.0,Low
CUST05795,6,11970.83,1995.1383333333333,0,0,0.0,Low
CUST05796,3,7351.219999999999,2450.4066666666663,0,10,3.3333333333333335,Low
CUST05797,5,21010.5,4202.1,0,0,0.0,Low
CUST05798,7,2149.49,307.07,0,10,2.857142857142857,Low
CUST05799,13,4596.4,353.5692307692307,1,10,2.3076923076923075,Low
CUST05800,10,3799.69,379.969,0,10,5.0,Low
CUST05801,13,378362.2,29104.784615384615,0,20,4.615384615384615,Low
CUST05802,5,427911.02999999997,85582.20599999999,0,20,12.0,Low
CUST05803,9,8766.97,974.1077777777778,0,10,2.2222222222222223,Low
CUST05804,11,11775.63,1070.5118181818182,1,30,4.545454545454546,Low
CUST05805,9,16103.859999999999,1789.3177777777776,0,10,2.2222222222222223,Low
CUST05806,8,78067.42,9758.4275,0,10,2.5,Low
CUST05807,5,7175.209999999999,1435.042,0,0,0.0,Low
CUST05808,6,26874.33,4479.055,0,10,1.6666666666666667,Low
CUST05809,10,7013.99,701.399,0,10,4.0,Low
CUST05810,9,160832.54,17870.282222222224,0,0,0.0,Low
CUST05811,10,3206.09,320.60900000000004,0,10,5.0,Low
CUST05812,9,4172.7,463.6333333333333,0,10,5.555555555555555,Low
CUST05813,11,11304.19,1027.6536363636365,0,10,2.727272727272727,Low
CUST05814,13,581535.67,44733.51307692308,0,20,3.8461538461538463,Low
CUST05815,9,12859.51,1428.8344444444444,0,10,3.3333333333333335,Low
CUST05816,11,12423.74,1129.4309090909092,1,30,5.454545454545454,Low
CUST05817,8,53300.05,6662.50625,1,10,3.75,Low
CUST05818,12,5991.68,499.3066666666667,0,10,0.8333333333333334,Low
CUST05819,4,14829.199999999999,3707.2999999999997,0,0,0.0,Low
CUST05820,6,53626.479999999996,8937.746666666666,0,0,0.0,Low
CUST05821,10,8260.3,826.03,0,10,3.0,Low
CUST05822,14,173292.09,12378.006428571429,0,10,2.857142857142857,Low
CUST05823,8,18477.28,2309.66,0,10,2.5,Low
CUST05824,7,42577.55,6082.507142857144,0,10,2.857142857142857,Low
CUST05825,8,2756.13,344.51625,0,10,2.5,Low
CUST05826,12,21159.989999999998,1763.3324999999998,0,10,4.166666666666667,Low
CUST05827,12,28081.35,2340.1124999999997,0,10,3.3333333333333335,Low
CUST05828,9,8233.380000000001,914.8200000000002,0,10,3.3333333333333335,Low
CUST05829,5,5157.21,1031.442,0,10,4.0,Low
CUST05830,9,9421.01,1046.778888888889,0,10,4.444444444444445,Low
CUST05831,10,44805.600000000006,4480.56,0,10,2.0,Low
CUST05832,10,121112.38,12111.238000000001,0,10,1.0,Low
CUST05833,13,8269.29,636.0992307692309,0,10,3.8461538461538463,Low
CUST05834,7,223423.3,31917.614285714284,0,10,4.285714285714286,Low
CUST05835,12,65230.08,5435.84,0,10,1.6666666666666667,Low
CUST05836,14,59609.490000000005,4257.8207142857145,0,10,1.4285714285714286,Low
CUST05837,11,1210.76,110.0690909090909,0,0,0.0,Low
CUST05838,9,7483.52,831.5022222222223,0,10,2.2222222222222223,Low
CUST05839,12,54668.17,4555.680833333333,1,15,4.583333333333333,Low
CUST05840,8,18602.41,2325.30125,0,10,1.25,Low
CUST05841,11,15748.3,1431.6636363636362,1,20,5.454545454545454,Low
CUST05842,10,20189.010000000002,2018.9010000000003,0,10,2.0,Low
CUST05843,8,4512.47,564.05875,0,0,0.0,Low
CUST05844,7,132194.32,18884.902857142857,3,95,20.714285714285715,High
CUST05845,9,12729.720000000001,1414.4133333333334,0,10,3.3333333333333335,Low
CUST05846,10,4819.39,481.939,0,10,4.0,Low
CUST05847,14,321591.62,22970.829999999998,0,10,2.857142857142857,Low
CUST05848,12,167188.81,13932.400833333333,0,10,0.8333333333333334,Low
CUST05849,8,13577.08,1697.135,0,10,6.25,Low
CUST05850,7,2636.42,376.63142857142856,0,10,2.857142857142857,Low
CUST05851,11,11666.25,1060.5681818181818,0,10,2.727272727272727,Low
CUST05852,6,12768.26,2128.0433333333335,0,10,1.6666666666666667,Low
CUST05853,15,5259.05,350.60333333333335,0,10,2.0,Low
CUST05854,6,109893.98000000001,18315.663333333334,0,10,1.6666666666666667,Low
CUST05855,7,23225.97,3317.9957142857143,0,10,1.4285714285714286,Low
CUST05856,4,11484.51,2871.1275,0,10,5.0,Low
CUST05857,9,12816.54,1424.0600000000002,0,10,3.3333333333333335,Low
CUST05858,7,189853.33000000002,27121.90428571429,1,20,5.714285714285714,Low
CUST05859,11,74621.39,6783.762727272727,1,10,2.727272727272727,Low
CUST05860,10,19968.57,1996.857,0,10,3.0,Low
CUST05861,7,26031.28,3718.7542857142857,0,10,1.4285714285714286,Low
CUST05862,9,58414.17,6490.463333333333,1,20,4.444444444444445,Low
CUST05863,11,411700.96,37427.36,0,20,4.545454545454546,Low
CUST05864,11,3024.15,274.9227272727273,0,10,2.727272727272727,Low
CUST05865,6,2468.5699999999997,411.4283333333333,0,0,0.0,Low
CUST05866,12,39248.12,3270.6766666666667,1,30,4.166666666666667,Low
CUST05867,10,9724.04,972.4040000000001,1,10,4.0,Low
CUST05868,13,15375.96,1182.7661538461539,1,30,3.8461538461538463,Low
CUST05869,13,11979.48,921.4984615384615,0,10,3.076923076923077,Low
CUST05870,15,14764.69,984.3126666666667,1,10,2.6666666666666665,Low
CUST05871,6,55564.76,9260.793333333333,0,0,0.0,Low
CUST05872,9,87413.0,9712.555555555555,0,0,0.0,Low
CUST05873,11,20545.91,1867.81,0,10,1.8181818181818181,Low
CUST05874,9,25053.809999999998,2783.756666666666,0,10,2.2222222222222223,Low
CUST05875,11,51217.47,4656.1336363636365,0,10,2.727272727272727,Low
CUST05876,9,181101.80000000002,20122.422222222223,0,10,2.2222222222222223,Low
CUST05877,7,44127.64,6303.948571428571,0,10,5.714285714285714,Low
CUST05878,11,6047.110000000001,549.7372727272727,0,0,0.0,Low
CUST05879,5,1551.71,310.342,0,10,2.0,Low
CUST05880,14,10276.56,734.04,0,10,0.7142857142857143,Low
CUST05881,3,6428.43,2142.81,0,0,0.0,Low
CUST05882,10,7251.9,725.1899999999999,0,10,2.0,Low
CUST05883,9,21246.74,2360.7488888888893,0,10,3.3333333333333335,Low
CUST05884,5,96626.72,19325.344,0,10,6.0,Low
CUST05885,6,20958.58,3493.096666666667,0,10,3.3333333333333335,Low
CUST05886,10,9844.82,984.482,0,10,4.0,Low
CUST05887,6,10663.35,1777.2250000000001,0,10,1.6666666666666667,Low
CUST05888,10,3438.4,343.84000000000003,0,10,2.0,Low
CUST05889,8,12560.29,1570.03625,0,10,1.25,Low
CUST05890,12,74737.23,6228.1025,0,10,2.5,Low
CUST05891,9,52019.46,5779.94,0,10,1.1111111111111112,Low
CUST05892,7,254286.26,36326.60857142857,0,10,1.4285714285714286,Low
CUST05893,9,439427.23,48825.247777777775,0,10,4.444444444444445,Low
CUST05894,7,3766.33,538.0471428571428,0,10,1.4285714285714286,Low
CUST05895,7,199441.14,28491.59142857143,0,0,0.0,Low
CUST05896,13,12847.76,988.2892307692308,0,10,1.5384615384615385,Low
CUST05897,19,235930.06,12417.371578947368,1,10,1.0526315789473684,Low
CUST05898,12,27425.3,2285.4416666666666,0,10,1.6666666666666667,Low
CUST05899,16,29856.97,1866.060625,0,10,1.25,Low
CUST05900,16,88416.21999999999,5526.013749999999,5,75,12.1875,High
CUST05901,14,5311.93,379.42357142857145,1,20,3.5714285714285716,Low
CUST05902,8,24280.71,3035.08875,0,10,2.5,Low
CUST05903,6,3232.65,538.775,0,10,1.6666666666666667,Low
CUST05904,8,321264.99,40158.12375,0,0,0.0,Low
CUST05905,8,3198.7200000000003,399.84000000000003,0,10,3.75,Low
CUST05906,7,15310.77,2187.252857142857,0,10,4.285714285714286,Low
CUST05907,11,51947.43,4722.493636363636,0,10,1.8181818181818181,Low
CUST05908,13,71883.75,5529.5192307692305,4,75,11.923076923076923,High
CUST05909,14,38047.18,2717.655714285714,1,10,2.857142857142857,Low
CUST05910,9,26514.66,2946.0733333333333,0,10,3.3333333333333335,Low
CUST05911,10,14219.98,1421.998,0,10,1.0,Low
CUST05912,13,27660.52,2127.7323076923076,0,10,2.3076923076923075,Low
CUST05913,12,23679.45,1973.2875000000001,0,10,2.5,Low
CUST05914,7,8087.95,1155.4214285714286,0,10,1.4285714285714286,Low
CUST05915,6,1568.26,261.37666666666667,0,0,0.0,Low
CUST05916,9,52885.159999999996,5876.1288888888885,0,10,1.1111111111111112,Low
CUST05917,10,116726.22,11672.622,0,10,1.0,Low
CUST05918,11,8344.36,758.5781818181819,0,10,0.9090909090909091,Low
CUST05919,7,23864.55,3409.2214285714285,0,10,1.4285714285714286,Low
CUST05920,4,14134.5,3533.625,0,10,5.0,Low
CUST05921,8,22026.11,2753.26375,0,10,6.25,Low
CUST05922,6,48809.28,8134.88,0,10,3.3333333333333335,Low
CUST05923,8,2042.8799999999999,255.35999999999999,0,10,2.5,Low
CUST05924,9,6173.13,685.9033333333333,0,10,3.3333333333333335,Low
CUST05925,13,6014.47,462.6515384615385,1,10,4.615384615384615,Low
CUST05926,9,16773.93,1863.77,1,30,4.444444444444445,Low
CUST05927,3,1026.27,342.09,0,10,3.3333333333333335,Low
CUST05928,13,3603.11,277.1623076923077,0,10,3.076923076923077,Low
CUST05929,5,2056.05,411.21000000000004,0,0,0.0,Low
CUST05930,4,12770.59,3192.6475,1,25,8.75,Low
CUST05931,8,5620.69,702.58625,0,10,2.5,Low
CUST05932,11,15168.87,1378.9881818181818,0,10,3.6363636363636362,Low
CUST05933,14,3834.85,273.91785714285714,0,10,2.142857142857143,Low
CUST05934,17,44539.65,2619.979411764706,0,10,1.7647058823529411,Low
CUST05935,5,5040.2300000000005,1008.046,0,10,2.0,Low
CUST05936,9,38665.15,4296.127777777778,0,10,2.2222222222222223,Low
CUST05937,12,45125.25,3760.4375,0,10,2.5,Low
CUST05938,11,196080.27000000002,17825.47909090909,0,10,2.727272727272727,Low
CUST05939,11,68100.88,6190.989090909091,1,15,4.090909090909091,Low
CUST05940,7,70039.62,10005.66,0,10,1.4285714285714286,Low
CUST05941,14,431794.36,30842.454285714284,0,30,4.285714285714286,Low
CUST05942,10,2438.02,243.802,0,10,4.0,Low
CUST05943,10,24638.25,2463.825,0,10,3.0,Low
CUST05944,13,20742.9,1595.6076923076923,0,10,4.615384615384615,Low
CUST05945,9,13389.99,1487.7766666666666,0,10,1.1111111111111112,Low
CUST05946,13,13949.83,1073.063846153846,1,30,6.153846153846154,Low
CUST05947,10,93150.27,9315.027,0,0,0.0,Low
CUST05948,16,16273.869999999999,1017.1168749999999,0,10,2.5,Low
CUST05949,8,31378.600000000002,3922.3250000000003,1,10,2.5,Low
CUST05950,11,7912.16,719.2872727272727,0,10,3.6363636363636362,Low
CUST05951,16,345307.25,21581.703125,0,10,1.875,Low
CUST05952,9,20958.84,2328.76,0,10,1.1111111111111112,Low
CUST05953,15,5868.31,391.2206666666667,4,75,11.0,High
CUST05954,8,112612.34000000001,14076.542500000001,1,20,5.0,Low
CUST05955,7,4148.0199999999995,592.5742857142857,0,10,1.4285714285714286,Low
CUST05956,15,161437.95,10762.53,1,20,3.3333333333333335,Low
CUST05957,15,699733.7100000001,46648.914000000004,0,10,3.3333333333333335,Low
CUST05958,10,63702.31,6370.231,1,10,3.0,Low
CUST05959,15,10705.45,713.6966666666667,0,10,4.666666666666667,Low
CUST05960,13,22368.920000000002,1720.686153846154,0,10,1.5384615384615385,Low
CUST05961,7,10966.33,1566.6185714285714,1,10,2.857142857142857,Low
CUST05962,14,84810.26,6057.875714285714,1,10,2.142857142857143,Low
CUST05963,8,33381.24,4172.655,0,10,2.5,Low
CUST05964,9,6549.26,727.6955555555555,0,10,3.3333333333333335,Low
CUST05965,12,22209.4,1850.7833333333335,0,10,2.5,Low
CUST05966,8,4560.61,570.07625,0,0,0.0,Low
CUST05967,11,17242.06,1567.46,0,10,0.9090909090909091,Low
CUST05968,8,12954.880000000001,1619.3600000000001,0,10,3.75,Low
CUST05969,10,160065.81,16006.581,0,10,2.0,Low
CUST05970,7,2851.74,407.39142857142855,0,10,4.285714285714286,Low
CUST05971,8,12655.85,1581.98125,0,10,3.75,Low
CUST05972,16,34232.13,2139.508125,0,10,1.875,Low
CUST05973,11,11457.22,1041.5654545454545,0,10,2.727272727272727,Low
CUST05974,9,101331.48000000001,11259.053333333335,1,20,4.444444444444445,Low
CUST05975,6,11388.869999999999,1898.1449999999998,0,10,3.3333333333333335,Low
CUST05976,7,23075.04,3296.434285714286,0,10,1.4285714285714286,Low
CUST05977,8,11071.49,1383.93625,0,10,2.5,Low
CUST05978,5,4941.52,988.3040000000001,1,15,5.0,Low
CUST05979,9,10520.06,1168.8955555555556,0,0,0.0,Low
CUST05980,14,1934.33,138.16642857142855,0,10,3.5714285714285716,Low
CUST05981,8,1209.52,151.19,1,10,3.75,Low
CUST05982,12,25966.589999999997,2163.8824999999997,0,10,1.6666666666666667,Low
CUST05983,14,20323.68,1451.6914285714286,0,10,2.857142857142857,Low
CUST05984,11,26083.77,2371.251818181818,1,10,2.727272727272727,Low
CUST05985,8,12129.88,1516.235,0,10,5.0,Low
CUST05986,7,16566.63,2366.6614285714286,0,10,2.857142857142857,Low
CUST05987,6,34172.37,5695.395,0,10,3.3333333333333335,Low
CUST05988,9,43845.8,4871.7555555555555,0,10,3.3333333333333335,Low
CUST05989,11,5933.11,539.3736363636364,1,10,1.8181818181818181,Low
CUST05990,12,93894.24,7824.52,0,10,3.3333333333333335,Low
CUST05991,15,11372.1,758.14,0,10,0.6666666666666666,Low
CUST05992,7,29940.42,4277.202857142857,0,10,1.4285714285714286,Low
CUST05993,9,10595.66,1177.2955555555554,0,10,2.2222222222222223,Low
CUST05994,8,10691.93,1336.49125,0,10,1.25,Low
CUST05995,8,22711.63,2838.95375,0,10,1.25,Low
CUST05996,9,41771.32,4641.257777777778,0,10,2.2222222222222223,Low
CUST05997,12,52955.21,4412.934166666667,0,10,1.6666666666666667,Low
CUST05998,13,3488.54,268.34923076923076,1,25,3.4615384615384617,Low
CUST05999,15,13793.77,919.5846666666667,0,10,2.0,Low
CUST06000,6,3564.5099999999998,594.0849999999999,0,10,1.6666666666666667,Low
CUST06001,14,177329.41,12666.386428571428,3,55,8.928571428571429,Medium
CUST06002,11,60220.18,5474.561818181818,1,10,2.727272727272727,Low
CUST06003,7,1854.06,264.86571428571426,0,10,2.857142857142857,Low
CUST06004,8,16321.98,2040.2475,1,15,8.125,Low
CUST06005,15,88788.3,5919.22,0,10,2.6666666666666665,Low
CUST06006,17,54600.71,3211.8064705882352,3,75,10.882352941176471,High
CUST06007,14,21289.02,1520.6442857142858,0,10,2.857142857142857,Low
CUST06008,10,13814.27,1381.4270000000001,0,10,5.0,Low
CUST06009,3,6225.51,2075.17,0,0,0.0,Low
CUST06010,7,29596.399999999998,4228.057142857143,0,10,1.4285714285714286,Low
CUST06011,8,30233.46,3779.1825,0,10,1.25,Low
CUST06012,6,12108.26,2018.0433333333333,0,10,1.6666666666666667,Low
CUST06013,9,17252.72,1916.968888888889,0,10,1.1111111111111112,Low
CUST06014,10,165051.75,16505.175,0,10,3.0,Low
CUST06015,10,205550.02000000002,20555.002,0,10,2.0,Low
CUST06016,10,9979.369999999999,997.9369999999999,0,10,5.0,Low
CUST06017,13,8847.05,680.5423076923076,0,10,3.8461538461538463,Low
CUST06018,12,79833.34,6652.778333333333,0,10,0.8333333333333334,Low
CUST06019,7,22286.52,3183.7885714285717,0,10,2.857142857142857,Low
CUST06020,16,21425.85,1339.115625,1,20,5.625,Low
CUST06021,14,40217.229999999996,2872.6592857142855,0,10,2.142857142857143,Low
CUST06022,10,215864.55,21586.454999999998,1,30,7.0,Low
CUST06023,11,16732.46,1521.1327272727272,2,30,6.363636363636363,Low
CUST06024,9,6831.08,759.0088888888889,0,10,5.555555555555555,Low
CUST06025,7,273260.19999999995,39037.17142857142,0,30,8.571428571428571,Low
CUST06026,10,227592.6,22759.260000000002,0,10,2.0,Low
CUST06027,12,11045.6,920.4666666666667,0,10,3.3333333333333335,Low
CUST06028,11,6236.570000000001,566.9609090909091,0,10,5.454545454545454,Low
CUST06029,15,33411.22,2227.4146666666666,0,10,2.0,Low
CUST06030,7,7452.24,1064.6057142857142,0,10,1.4285714285714286,Low
CUST06031,3,3318.8900000000003,1106.2966666666669,0,0,0.0,Low
CUST06032,10,64250.97,6425.097,2,20,4.0,Low
CUST06033,12,26548.23,2212.3525,0,10,2.5,Low
CUST06034,6,2796.16,466.02666666666664,0,10,1.6666666666666667,Low
CUST06035,9,4535.22,503.91333333333336,1,25,5.0,Low
CUST06036,6,158754.1,26459.016666666666,0,10,1.6666666666666667,Low
CUST06037,9,2378.1800000000003,264.24222222222227,0,10,1.1111111111111112,Low
CUST06038,13,15515.470000000001,1193.4976923076924,0,10,1.5384615384615385,Low
CUST06039,6,34129.21,5688.201666666667,0,10,5.0,Low
CUST06040,14,269598.39,19257.027857142857,0,10,0.7142857142857143,Low
CUST06041,9,4805.96,533.9955555555556,0,10,2.2222222222222223,Low
CUST06042,10,45934.61,4593.461,0,10,1.0,Low
CUST06043,11,18239.67,1658.151818181818,3,75,10.454545454545455,High
CUST06044,14,23207.82,1657.7014285714286,0,10,3.5714285714285716,Low
CUST06045,15,44087.6,2939.173333333333,0,10,2.0,Low
CUST06046,11,194281.97,17661.997272727273,0,10,2.727272727272727,Low
CUST06047,13,85043.47,6541.805384615384,1,10,2.3076923076923075,Low
CUST06048,12,65792.39,5482.699166666666,1,10,0.8333333333333334,Low
CUST06049,9,67118.88,7457.653333333334,0,10,3.3333333333333335,Low
CUST06050,10,22791.66,2279.166,0,10,4.0,Low
CUST06051,7,25493.09,3641.87,1,10,1.4285714285714286,Low
CUST06052,13,64972.07,4997.851538461538,0,10,2.3076923076923075,Low
CUST06053,12,56386.409999999996,4698.867499999999,1,10,2.5,Low
CUST06054,16,72614.11,4538.381875,1,10,2.5,Low
CUST06055,11,6230.1,566.3727272727273,0,10,5.454545454545454,Low
CUST06056,7,13152.64,1878.9485714285713,0,10,1.4285714285714286,Low
CUST06057,13,196468.94,15112.995384615384,1,10,3.8461538461538463,Low
CUST06058,10,34648.72,3464.8720000000003,0,10,5.0,Low
CUST06059,8,27346.36,3418.295,0,10,3.75,Low
CUST06060,7,18498.5,2642.6428571428573,0,10,2.857142857142857,Low
CUST06061,10,8681.25,868.125,0,10,3.0,Low
CUST06062,11,15503.59,1409.4172727272728,2,20,5.454545454545454,Low
CUST06063,14,15730.57,1123.6121428571428,1,10,0.7142857142857143,Low
CUST06064,9,272701.53,30300.170000000002,0,10,2.2222222222222223,Low
CUST06065,10,62802.630000000005,6280.263000000001,0,10,2.0,Low
CUST06066,9,8357.69,928.6322222222223,0,10,2.2222222222222223,Low
CUST06067,8,6501.45,812.68125,0,10,2.5,Low
CUST06068,12,16641.24,1386.7700000000002,3,75,11.25,High
CUST06069,10,201725.66999999998,20172.567,1,20,4.0,Low
CUST06070,5,1779.28,355.856,0,0,0.0,Low
CUST06071,10,23932.510000000002,2393.251,2,15,4.5,Low
CUST06072,6,3039.1800000000003,506.53000000000003,0,0,0.0,Low
CUST06073,15,3443.7799999999997,229.58533333333332,0,0,0.0,Low
CUST06074,9,17873.21,1985.9122222222222,0,10,3.3333333333333335,Low
CUST06075,7,15359.260000000002,2194.1800000000003,0,10,2.857142857142857,Low
CUST06076,11,9982.98,907.5436363636363,0,10,3.6363636363636362,Low
CUST06077,16,5947.18,371.69875,2,10,2.5,Low
CUST06078,11,234308.30000000002,21300.754545454547,1,0,0.0,Low
CUST06079,13,6756.94,519.7646153846154,0,10,1.5384615384615385,Low
CUST06080,5,5890.96,1178.192,0,0,0.0,Low
CUST06081,16,146753.37,9172.085625,0,10,5.625,Low
CUST06082,6,3876.71,646.1183333333333,0,10,3.3333333333333335,Low
CUST06083,11,23084.48,2098.589090909091,0,10,1.8181818181818181,Low
CUST06084,9,61578.34,6842.037777777778,0,10,2.2222222222222223,Low
CUST06085,8,3745.17,468.14625,0,10,2.5,Low
CUST06086,8,7522.94,940.3675,0,10,2.5,Low
CUST06087,11,64359.79,5850.89,0,0,0.0,Low
CUST06088,9,45557.17,5061.9077777777775,0,10,2.2222222222222223,Low
CUST06089,8,8389.85,1048.73125,0,10,2.5,Low
CUST06090,13,49862.340000000004,3835.5646153846155,0,10,1.5384615384615385,Low
CUST06091,5,14253.970000000001,2850.7940000000003,0,10,2.0,Low
CUST06092,13,12836.08,987.3907692307693,1,10,3.076923076923077,Low
CUST06093,9,18068.4,2007.6000000000001,0,10,2.2222222222222223,Low
CUST06094,8,22220.04,2777.505,0,10,1.25,Low
CUST06095,9,6130.820000000001,681.2022222222223,0,10,2.2222222222222223,Low
CUST06096,7,183137.22,26162.46,0,10,1.4285714285714286,Low
CUST06097,9,4519.74,502.1933333333333,0,10,3.3333333333333335,Low
CUST06098,10,53451.31,5345.130999999999,0,10,1.0,Low
CUST06099,4,10911.38,2727.845,0,0,0.0,Low
CUST06100,12,162372.96,13531.08,0,10,0.8333333333333334,Low
CUST06101,11,17583.04,1598.4581818181819,0,10,2.727272727272727,Low
CUST06102,7,24362.210000000003,3480.315714285715,0,10,1.4285714285714286,Low
CUST06103,12,105580.39,8798.365833333333,1,10,1.6666666666666667,Low
CUST06104,9,3732.2599999999998,414.69555555555553,0,10,3.3333333333333335,Low
CUST06105,7,19858.82,2836.9742857142855,0,10,2.857142857142857,Low
CUST06106,7,16273.25,2324.75,1,20,7.142857142857143,Low
CUST06107,9,21991.47,2443.496666666667,1,20,4.444444444444445,Low
CUST06108,14,36769.82,2626.4157142857143,3,85,11.785714285714286,High
CUST06109,14,160604.88999999998,11471.777857142855,0,10,2.857142857142857,Low
CUST06110,9,12410.07,1378.8966666666665,1,20,2.2222222222222223,Low
CUST06111,6,7984.64,1330.7733333333333,0,10,6.666666666666667,Low
CUST06112,7,102613.39,14659.055714285714,1,10,1.4285714285714286,Low
CUST06113,19,565119.37,29743.124736842106,1,20,4.2105263157894735,Low
CUST06114,7,39846.770000000004,5692.395714285715,0,10,2.857142857142857,Low
CUST06115,6,7299.01,1216.5016666666668,0,10,1.6666666666666667,Low
CUST06116,12,40065.96,3338.83,0,10,2.5,Low
CUST06117,12,51889.56,4324.13,0,10,1.6666666666666667,Low
CUST06118,5,2849.77,569.954,0,10,2.0,Low
CUST06119,13,249800.29,19215.406923076924,0,10,3.076923076923077,Low
CUST06120,10,5169.72,516.972,0,10,6.0,Low
CUST06121,9,24687.31,2743.0344444444445,0,10,1.1111111111111112,Low
CUST06122,11,21306.8,1936.9818181818182,0,10,0.9090909090909091,Low
CUST06123,8,74675.12,9334.39,0,10,2.5,Low
CUST06124,13,65966.91,5074.377692307693,0,10,1.5384615384615385,Low
CUST06125,7,1840.06,262.86571428571426,0,10,2.857142857142857,Low
CUST06126,13,5061.73,389.3638461538461,2,20,8.076923076923077,Low
CUST06127,7,9931.53,1418.7900000000002,1,10,1.4285714285714286,Low
CUST06128,8,169246.03,21155.75375,0,10,3.75,Low
CUST06129,7,40932.05,5847.435714285714,0,10,1.4285714285714286,Low
CUST06130,5,10076.130000000001,2015.226,0,10,4.0,Low
CUST06131,8,39235.81,4904.47625,0,0,0.0,Low
CUST06132,11,5943.75,540.3409090909091,0,10,2.727272727272727,Low
CUST06133,6,7773.969999999999,1295.6616666666666,0,10,1.6666666666666667,Low
CUST06134,8,63404.2,7925.525,0,10,2.5,Low
CUST06135,12,17898.74,1491.5616666666667,0,10,2.5,Low
CUST06136,8,1008.69,126.08625,0,10,6.25,Low
CUST06137,8,8612.24,1076.53,0,10,2.5,Low
CUST06138,19,10937.41,575.6531578947369,3,85,9.210526315789474,High
CUST06139,12,56933.24,4744.4366666666665,0,10,1.6666666666666667,Low
CUST06140,3,74201.20999999999,24733.736666666664,1,0,0.0,Low
CUST06141,6,2593.59,432.26500000000004,0,10,3.3333333333333335,Low
CUST06142,13,16325.949999999999,1255.8423076923077,1,20,1.5384615384615385,Low
CUST06143,7,34067.159999999996,4866.737142857142,0,10,1.4285714285714286,Low
CUST06144,14,478347.39,34167.67071428571,0,10,3.5714285714285716,Low
CUST06145,5,8363.83,1672.766,0,10,4.0,Low
CUST06146,10,54202.799999999996,5420.28,0,0,0.0,Low
CUST06147,8,1711.21,213.90125,0,10,1.25,Low
CUST06148,9,93677.61,10408.623333333333,0,10,3.3333333333333335,Low
CUST06149,10,123996.3,12399.630000000001,1,20,3.0,Low
CUST06150,6,9194.220000000001,1532.3700000000001,0,10,1.6666666666666667,Low
CUST06151,9,31962.32,3551.3688888888887,0,10,4.444444444444445,Low
CUST06152,12,602213.68,50184.473333333335,0,20,5.0,Low
CUST06153,11,36770.25,3342.75,0,10,2.727272727272727,Low
CUST06154,14,6088.11,434.86499999999995,0,10,3.5714285714285716,Low
CUST06155,9,54262.9,6029.211111111112,0,0,0.0,Low
CUST06156,9,19056.84,2117.4266666666667,0,10,2.2222222222222223,Low
CUST06157,12,22393.63,1866.1358333333335,0,10,1.6666666666666667,Low
CUST06158,11,83693.41,7608.491818181818,0,10,4.545454545454546,Low
CUST06159,9,247341.73,27482.414444444446,0,10,1.1111111111111112,Low
CUST06160,11,18413.899999999998,1673.9909090909089,0,10,0.9090909090909091,Low
CUST06161,11,65673.23,5970.293636363636,0,10,2.727272727272727,Low
CUST06162,16,8043.34,502.70875,1,10,5.0,Low
CUST06163,8,27298.09,3412.26125,0,10,3.75,Low
CUST06164,16,139190.02000000002,8699.376250000001,0,10,1.875,Low
CUST06165,13,21434.239999999998,1648.7876923076922,1,10,3.8461538461538463,Low
CUST06166,12,32316.73,2693.0608333333334,1,30,5.833333333333333,Low
CUST06167,11,70579.09,6416.280909090909,0,10,0.9090909090909091,Low
CUST06168,9,8992.86,999.2066666666667,0,10,3.3333333333333335,Low
CUST06169,7,37148.08,5306.868571428572,0,0,0.0,Low
CUST06170,9,27604.52,3067.168888888889,0,10,1.1111111111111112,Low
CUST06171,11,118226.0,10747.818181818182,0,10,2.727272727272727,Low
CUST06172,14,115593.96,8256.711428571429,3,75,10.357142857142858,High
CUST06173,10,185639.22,18563.922,0,10,2.0,Low
CUST06174,11,126961.58,11541.961818181819,0,10,1.8181818181818181,Low
CUST06175,9,59639.21,6626.578888888889,1,10,1.1111111111111112,Low
CUST06176,5,2162.63,432.526,0,10,2.0,Low
CUST06177,8,135702.75,16962.84375,0,10,2.5,Low
CUST06178,10,5578.22,557.822,0,10,4.0,Low
CUST06179,7,52762.3,7537.471428571429,0,10,1.4285714285714286,Low
CUST06180,13,17265.46,1328.1123076923077,0,10,4.615384615384615,Low
CUST06181,11,3808.5499999999997,346.23181818181814,0,10,0.9090909090909091,Low
CUST06182,8,3026.1099999999997,378.26374999999996,0,10,3.75,Low
CUST06183,10,16373.3,1637.33,0,0,0.0,Low
CUST06184,10,59496.21,5949.621,0,10,2.0,Low
CUST06185,7,125206.0,17886.571428571428,0,10,7.142857142857143,Low
CUST06186,16,123628.7,7726.79375,0,10,1.25,Low
CUST06187,8,21937.8,2742.225,0,10,2.5,Low
CUST06188,8,103367.38,12920.9225,3,55,15.625,Medium
CUST06189,7,31564.46,4509.208571428571,1,15,6.428571428571429,Low
CUST06190,15,8201.76,546.784,0,10,1.3333333333333333,Low
CUST06191,13,73839.06,5679.927692307692,0,10,1.5384615384615385,Low
CUST06192,6,3530.0600000000004,588.3433333333334,0,10,1.6666666666666667,Low
CUST06193,14,247500.45,17678.60357142857,0,10,1.4285714285714286,Low
CUST06194,6,60613.03,10102.171666666667,1,10,1.6666666666666667,Low
CUST06195,10,43385.93,4338.593,0,10,4.0,Low
CUST06196,11,504584.20999999996,45871.29181818182,2,20,3.6363636363636362,Low
CUST06197,9,11160.65,1240.072222222222,1,20,4.444444444444445,Low
CUST06198,9,4476.8099999999995,497.4233333333333,0,10,2.2222222222222223,Low
CUST06199,12,20263.85,1688.6541666666665,0,10,3.3333333333333335,Low
CUST06200,7,5014.65,716.3785714285714,0,10,1.4285714285714286,Low
CUST06201,6,86086.98999999999,14347.831666666665,0,10,5.0,Low
CUST06202,10,11151.92,1115.192,0,10,5.0,Low
CUST06203,10,32522.739999999998,3252.274,0,0,0.0,Low
CUST06204,11,67119.09,6101.735454545455,1,10,3.6363636363636362,Low
CUST06205,11,60379.02,5489.001818181818,0,10,3.6363636363636362,Low
CUST06206,10,6260.5,626.05,1,10,5.0,Low
CUST06207,7,11558.9,1651.2714285714285,0,10,2.857142857142857,Low
CUST06208,9,12015.86,1335.0955555555556,0,10,1.1111111111111112,Low
CUST06209,6,22691.03,3781.838333333333,1,10,1.6666666666666667,Low
CUST06210,6,13710.25,2285.0416666666665,1,10,1.6666666666666667,Low
CUST06211,14,24569.16,1754.94,1,30,3.5714285714285716,Low
CUST06212,15,564820.48,37654.69866666666,0,10,4.0,Low
CUST06213,13,50987.71,3922.131538461538,0,10,2.3076923076923075,Low
CUST06214,11,43329.12,3939.0109090909095,0,10,1.8181818181818181,Low
CUST06215,3,2460.98,820.3266666666667,0,0,0.0,Low
CUST06216,12,8182.200000000001,681.85,0,10,3.3333333333333335,Low
CUST06217,14,41290.22,2949.3014285714285,0,10,3.5714285714285716,Low
CUST06218,7,183201.77,26171.681428571428,0,10,2.857142857142857,Low
CUST06219,5,8249.710000000001,1649.9420000000002,1,15,5.0,Low
CUST06220,10,3893.5499999999997,389.35499999999996,0,10,6.0,Low
CUST06221,9,8101.05,900.1166666666667,0,10,4.444444444444445,Low
CUST06222,7,19478.04,2782.577142857143,0,10,1.4285714285714286,Low
CUST06223,12,51932.31,4327.6925,0,10,2.5,Low
CUST06224,11,8826.45,802.4045454545455,0,10,1.8181818181818181,Low
CUST06225,8,76263.94,9532.9925,0,10,3.75,Low
CUST06226,13,172936.13999999998,13302.779999999999,0,10,4.615384615384615,Low
CUST06227,11,43352.46,3941.132727272727,3,75,13.181818181818182,High
CUST06228,5,15619.7,3123.94,0,10,2.0,Low
CUST06229,11,6052.38,550.2163636363637,1,15,3.1818181818181817,Low
CUST06230,11,26474.16,2406.741818181818,0,10,4.545454545454546,Low
CUST06231,7,8499.050000000001,1214.15,0,10,1.4285714285714286,Low
CUST06232,16,6621.42,413.83875,1,10,4.375,Low
CUST06233,5,128098.01999999999,25619.604,0,0,0.0,Low
CUST06234,8,8125.17,1015.64625,0,10,1.25,Low
CUST06235,9,129413.38,14379.264444444445,0,10,1.1111111111111112,Low
CUST06236,9,20595.87,2288.43,0,10,6.666666666666667,Low
CUST06237,9,17974.77,1997.1966666666667,0,0,0.0,Low
CUST06238,11,37635.33,3421.3936363636367,0,0,0.0,Low
CUST06239,10,9975.14,997.5139999999999,0,0,0.0,Low
CUST06240,10,3934.0,393.4,0,10,3.0,Low
CUST06241,7,94156.97,13450.995714285715,0,10,4.285714285714286,Low
CUST06242,12,63236.21,5269.684166666667,1,10,2.5,Low
CUST06243,9,9601.9,1066.8777777777777,0,10,3.3333333333333335,Low
CUST06244,8,2396.63,299.57875,0,10,3.75,Low
CUST06245,14,28610.86,2043.6328571428571,0,10,2.857142857142857,Low
CUST06246,8,36138.380000000005,4517.297500000001,0,10,2.5,Low
CUST06247,6,4628.93,771.4883333333333,0,0,0.0,Low
CUST06248,4,13022.98,3255.745,0,0,0.0,Low
CUST06249,9,6427.2,714.1333333333333,0,10,2.2222222222222223,Low
CUST06250,10,19888.33,1988.833,0,10,2.0,Low
CUST06251,8,14081.539999999999,1760.1924999999999,0,10,2.5,Low
CUST06252,16,5829.18,364.32375,0,10,0.625,Low
CUST06253,11,18616.63,1692.4209090909092,1,10,2.727272727272727,Low
CUST06254,11,19586.899999999998,1780.6272727272726,0,10,3.6363636363636362,Low
CUST06255,11,20914.309999999998,1901.3009090909088,0,10,2.727272727272727,Low
CUST06256,11,498541.62,45321.965454545454,1,20,3.6363636363636362,Low
CUST06257,10,5262.42,526.242,0,10,4.0,Low
CUST06258,9,120450.56,13383.395555555555,1,10,3.3333333333333335,Low
CUST06259,9,127251.43000000001,14139.047777777778,0,10,2.2222222222222223,Low
CUST06260,10,2172.23,217.223,0,10,1.0,Low
CUST06261,15,417011.93,27800.79533333333,1,30,3.3333333333333335,Low
CUST06262,11,12903.970000000001,1173.088181818182,0,10,0.9090909090909091,Low
CUST06263,10,252087.73,25208.773,0,10,3.0,Low
CUST06264,12,24115.85,2009.6541666666665,1,10,0.8333333333333334,Low
CUST06265,8,12204.07,1525.50875,1,20,5.0,Low
CUST06266,9,121100.8,13455.644444444444,0,10,4.444444444444445,Low
CUST06267,7,37521.5,5360.214285714285,0,10,1.4285714285714286,Low
CUST06268,5,34563.729999999996,6912.745999999999,0,10,2.0,Low
CUST06269,8,849.87,106.23375,0,10,2.5,Low
CUST06270,8,23336.85,2917.10625,0,10,2.5,Low
CUST06271,6,13152.89,2192.148333333333,0,10,1.6666666666666667,Low
CUST06272,12,45538.01,3794.834166666667,0,10,1.6666666666666667,Low
CUST06273,10,13496.49,1349.649,0,10,4.0,Low
CUST06274,9,73929.18,8214.353333333333,0,0,0.0,Low
CUST06275,9,3854.8199999999997,428.3133333333333,0,10,4.444444444444445,Low
CUST06276,13,98241.92,7557.070769230769,0,10,3.8461538461538463,Low
CUST06277,9,14672.59,1630.2877777777778,0,10,4.444444444444445,Low
CUST06278,8,10713.31,1339.16375,0,10,1.25,Low
CUST06279,11,34124.45,3102.222727272727,0,10,1.8181818181818181,Low
CUST06280,12,7285.6900000000005,607.1408333333334,0,10,0.8333333333333334,Low
CUST06281,10,319120.47000000003,31912.047000000002,0,20,5.0,Low
CUST06282,13,24703.58,1900.2753846153848,0,10,2.3076923076923075,Low
CUST06283,6,1376.78,229.46333333333334,0,10,1.6666666666666667,Low
CUST06284,10,20685.94,2068.594,0,10,2.0,Low
CUST06285,5,15637.49,3127.498,0,10,2.0,Low
CUST06286,12,21131.01,1760.9174999999998,1,10,1.6666666666666667,Low
CUST06287,6,3115.01,519.1683333333334,0,10,6.666666666666667,Low
CUST06288,12,9341.6,778.4666666666667,0,10,2.5,Low
CUST06289,10,535138.8200000001,53513.882000000005,0,30,5.0,Low
CUST06290,13,6723.86,517.22,0,10,1.5384615384615385,Low
CUST06291,10,4730.93,473.093,0,10,2.0,Low
CUST06292,14,342106.69,24436.192142857144,0,10,2.142857142857143,Low
CUST06293,5,1405.64,281.12800000000004,0,10,2.0,Low
CUST06294,14,210309.66999999998,15022.119285714285,0,10,3.5714285714285716,Low
CUST06295,9,21554.63,2394.958888888889,0,10,2.2222222222222223,Low
CUST06296,6,4102.37,683.7283333333334,0,10,5.0,Low
CUST06297,10,91363.13,9136.313,0,10,3.0,Low
CUST06298,17,130175.93000000001,7657.407647058824,0,10,1.1764705882352942,Low
CUST06299,6,23440.45,3906.741666666667,1,30,6.666666666666667,Low
CUST06300,8,22289.78,2786.2225,1,30,3.75,Low
CUST06301,10,5338.41,533.841,0,10,3.0,Low
CUST06302,11,2103.85,191.2590909090909,0,10,1.8181818181818181,Low
CUST06303,11,67741.59,6158.326363636364,0,10,1.8181818181818181,Low
CUST06304,9,19371.8,2152.422222222222,0,10,1.1111111111111112,Low
CUST06305,8,14553.13,1819.14125,0,10,1.25,Low
CUST06306,11,3884.6800000000003,353.1527272727273,0,10,1.8181818181818181,Low
CUST06307,8,12492.11,1561.51375,0,10,2.5,Low
CUST06308,7,57978.24,8282.605714285713,0,10,2.857142857142857,Low
CUST06309,18,348201.23,19344.512777777778,1,15,4.166666666666667,Low
CUST06310,10,21532.95,2153.295,0,10,3.0,Low
CUST06311,8,11006.720000000001,1375.8400000000001,0,10,3.75,Low
CUST06312,10,23115.41,2311.541,0,10,1.0,Low
CUST06313,8,11881.29,1485.16125,0,10,1.25,Low
CUST06314,8,3237.2799999999997,404.65999999999997,0,10,3.75,Low
CUST06315,11,16416.09,1492.3718181818183,0,10,1.8181818181818181,Low
CUST06316,13,12967.27,997.4823076923077,1,10,3.076923076923077,Low
CUST06317,10,3260.8,326.08000000000004,0,10,2.0,Low
CUST06318,10,324625.56,32462.556,0,20,3.0,Low
CUST06319,13,26080.46,2006.1892307692308,0,10,1.5384615384615385,Low
CUST06320,12,272835.22,22736.26833333333,0,10,2.5,Low
CUST06321,7,6515.5199999999995,930.7885714285713,0,10,1.4285714285714286,Low
CUST06322,10,55646.99,5564.699,0,10,3.0,Low
CUST06323,10,81100.98,8110.098,1,10,3.0,Low
CUST06324,11,17943.28,1631.2072727272725,0,10,0.9090909090909091,Low
CUST06325,14,9855.13,703.9378571428571,0,10,2.857142857142857,Low
CUST06326,10,4506.42,450.642,0,10,4.0,Low
CUST06327,8,3519.15,439.89375,1,15,4.375,Low
CUST06328,7,6160.95,880.1357142857142,0,10,2.857142857142857,Low
CUST06329,11,83980.28,7634.570909090909,1,30,7.2727272727272725,Low
CUST06330,8,53692.72,6711.59,1,10,5.0,Low
CUST06331,11,21896.6,1990.6,2,30,4.545454545454546,Low
CUST06332,9,29120.8,3235.644444444444,0,10,2.2222222222222223,Low
CUST06333,13,18174.51,1398.0392307692307,3,75,7.3076923076923075,High
CUST06334,10,424559.57,42455.957,0,20,4.0,Low
CUST06335,9,15001.92,1666.88,0,10,1.1111111111111112,Low
CUST06336,8,13127.599999999999,1640.9499999999998,0,10,2.5,Low
CUST06337,8,9753.84,1219.23,0,10,2.5,Low
CUST06338,5,36278.7,7255.74,0,10,2.0,Low
CUST06339,9,10589.47,1176.6077777777778,0,10,3.3333333333333335,Low
CUST06340,9,7215.95,801.7722222222222,0,10,1.1111111111111112,Low
CUST06341,13,22840.43,1756.956153846154,0,10,1.5384615384615385,Low
CUST06342,12,180129.88,15010.823333333334,0,0,0.0,Low
CUST06343,10,178849.92,17884.992000000002,0,10,2.0,Low
CUST06344,11,127365.4,11578.672727272728,1,10,3.6363636363636362,Low
CUST06345,9,5917.48,657.4977777777777,0,10,1.1111111111111112,Low
CUST06346,13,13071.36,1005.4892307692309,0,10,3.076923076923077,Low
CUST06347,9,18126.29,2014.0322222222223,0,10,2.2222222222222223,Low
CUST06348,7,4502.14,643.1628571428572,0,10,1.4285714285714286,Low
CUST06349,6,61609.369999999995,10268.228333333333,0,0,0.0,Low
CUST06350,8,5186.61,648.32625,0,10,2.5,Low
CUST06351,8,71607.06,8950.8825,0,10,2.5,Low
CUST06352,11,31359.18,2850.8345454545456,0,10,1.8181818181818181,Low
CUST06353,11,90124.03,8193.093636363636,0,0,0.0,Low
CUST06354,5,53649.79,10729.958,1,10,4.0,Low
CUST06355,11,15531.86,1411.9872727272727,0,10,2.727272727272727,Low
CUST06356,13,71692.25,5514.788461538462,1,10,0.7692307692307693,Low
CUST06357,11,22603.4,2054.8545454545456,1,10,3.6363636363636362,Low
CUST06358,8,1621.38,202.6725,0,10,5.0,Low
CUST06359,10,18437.13,1843.7130000000002,1,10,3.0,Low
CUST06360,12,128924.29,10743.690833333332,0,10,1.6666666666666667,Low
CUST06361,11,27668.059999999998,2515.2781818181816,0,10,1.8181818181818181,Low
CUST06362,6,2573.99,428.9983333333333,0,10,3.3333333333333335,Low
CUST06363,14,149784.64,10698.902857142859,0,10,2.857142857142857,Low
CUST06364,9,94595.29000000001,10510.587777777779,3,75,13.88888888888889,High
CUST06365,7,8098.62,1156.9457142857143,0,0,0.0,Low
CUST06366,7,10247.41,1463.9157142857143,0,10,2.857142857142857,Low
CUST06367,7,7870.630000000001,1124.3757142857144,0,10,1.4285714285714286,Low
CUST06368,12,1689.23,140.76916666666668,0,10,1.6666666666666667,Low
CUST06369,8,39321.03,4915.12875,0,10,2.5,Low
CUST06370,8,4448.98,556.1225,0,10,1.25,Low
CUST06371,12,28623.6,2385.2999999999997,1,20,4.166666666666667,Low
CUST06372,8,1947.64,243.455,0,10,5.0,Low
CUST06373,4,29361.74,7340.435,0,10,2.5,Low
CUST06374,12,9173.06,764.4216666666666,0,10,4.166666666666667,Low
CUST06375,14,40026.75,2859.0535714285716,0,10,1.4285714285714286,Low
CUST06376,15,12839.779999999999,855.9853333333333,0,10,1.3333333333333333,Low
CUST06377,13,17479.81,1344.6007692307694,0,10,2.3076923076923075,Low
CUST06378,9,81677.36,9075.262222222222,0,10,1.1111111111111112,Low
CUST06379,5,688.39,137.678,0,10,2.0,Low
CUST06380,5,47202.05,9440.41,0,10,2.0,Low
CUST06381,12,22025.28,1835.4399999999998,1,20,2.5,Low
CUST06382,13,12678.55,975.2730769230768,0,10,2.3076923076923075,Low
CUST06383,10,54810.4,5481.04,0,10,2.0,Low
CUST06384,9,107236.92,11915.213333333333,0,10,6.666666666666667,Low
CUST06385,12,8158.5199999999995,679.8766666666667,0,10,0.8333333333333334,Low
CUST06386,8,91863.34,11482.9175,0,0,0.0,Low
CUST06387,11,5058.89,459.89909090909094,0,10,0.9090909090909091,Low
CUST06388,13,69679.09,5359.929999999999,1,10,2.3076923076923075,Low
CUST06389,11,17427.45,1584.3136363636365,0,10,4.545454545454546,Low
CUST06390,9,39507.689999999995,4389.743333333333,3,75,15.0,High
CUST06391,10,1496.64,149.66400000000002,0,10,4.0,Low
CUST06392,14,46273.71,3305.265,0,10,2.142857142857143,Low
CUST06393,11,853887.17,77626.10636363637,2,30,4.545454545454546,Low
CUST06394,13,8812.4,677.876923076923,0,10,0.7692307692307693,Low
CUST06395,10,7132.63,713.263,0,10,3.0,Low
CUST06396,12,13372.15,1114.3458333333333,0,10,1.6666666666666667,Low
CUST06397,10,6410.33,641.033,0,10,3.0,Low
CUST06398,3,1535.26,511.75333333333333,0,10,3.3333333333333335,Low
CUST06399,11,11207.220000000001,1018.838181818182,0,10,2.727272727272727,Low
CUST06400,7,16422.03,2346.0042857142857,0,10,4.285714285714286,Low
CUST06401,5,20768.36,4153.6720000000005,0,10,4.0,Low
CUST06402,9,334123.45,37124.82777777778,0,30,4.444444444444445,Low
CUST06403,5,1964.46,392.892,0,10,6.0,Low
CUST06404,7,50399.01,7199.858571428572,0,10,2.857142857142857,Low
CUST06405,10,2241.46,224.14600000000002,0,10,1.0,Low
CUST06406,9,38288.259999999995,4254.251111111111,1,25,3.888888888888889,Low
CUST06407,10,66062.38,6606.238,0,10,3.0,Low
CUST06408,17,72154.8,4244.400000000001,0,10,3.5294117647058822,Low
CUST06409,11,28386.86,2580.6236363636363,2,25,5.909090909090909,Low
CUST06410,9,39681.36,4409.04,0,10,3.3333333333333335,Low
CUST06411,12,58312.69,4859.390833333334,0,10,4.166666666666667,Low
CUST06412,11,138026.51,12547.864545454546,0,10,3.6363636363636362,Low
CUST06413,5,2277.3,455.46000000000004,0,10,2.0,Low
CUST06414,12,81778.34,6814.861666666667,0,10,2.5,Low
CUST06415,10,91236.04,9123.604,0,10,1.0,Low
CUST06416,5,13789.439999999999,2757.888,0,10,4.0,Low
CUST06417,13,240231.5,18479.346153846152,0,10,2.3076923076923075,Low
CUST06418,13,23738.09,1826.0069230769232,0,10,1.5384615384615385,Low
CUST06419,13,74537.41,5733.6469230769235,1,10,3.076923076923077,Low
CUST06420,6,20365.15,3394.191666666667,0,10,3.3333333333333335,Low
CUST06421,10,11477.08,1147.708,1,10,3.0,Low
CUST06422,9,13886.33,1542.9255555555555,1,10,2.2222222222222223,Low
CUST06423,8,12239.08,1529.885,0,0,0.0,Low
CUST06424,10,57035.899999999994,5703.589999999999,2,10,5.0,Low
CUST06425,15,15354.17,1023.6113333333334,0,10,4.0,Low
CUST06426,7,7869.84,1124.2628571428572,0,10,1.4285714285714286,Low
CUST06427,5,25113.54,5022.7080000000005,1,10,8.0,Low
CUST06428,8,4273.05,534.13125,0,10,5.0,Low
CUST06429,11,6623.78,602.1618181818181,1,15,1.3636363636363635,Low
CUST06430,8,65551.73,8193.96625,0,10,3.75,Low
CUST06431,9,54448.67,6049.852222222222,0,10,3.3333333333333335,Low
CUST06432,11,493314.11,44846.737272727274,0,10,2.727272727272727,Low
CUST06433,11,6735.43,612.3118181818182,0,10,2.727272727272727,Low
CUST06434,9,63801.32,7089.035555555555,0,10,4.444444444444445,Low
CUST06435,11,73572.95,6688.45,0,10,3.6363636363636362,Low
CUST06436,8,24473.620000000003,3059.2025000000003,0,10,1.25,Low
CUST06437,8,59530.56,7441.32,1,25,3.125,Low
CUST06438,9,154012.33,17112.48111111111,0,10,3.3333333333333335,Low
CUST06439,8,76249.7,9531.2125,0,10,3.75,Low
CUST06440,6,3505.8900000000003,584.315,0,10,1.6666666666666667,Low
CUST06441,9,80164.68,8907.186666666666,2,20,6.666666666666667,Low
CUST06442,7,1994.7,284.95714285714286,0,10,5.714285714285714,Low
CUST06443,9,283489.43,31498.825555555555,0,10,2.2222222222222223,Low
CUST06444,11,55961.39,5087.399090909091,1,10,1.8181818181818181,Low
CUST06445,8,82811.13,10351.39125,0,10,2.5,Low
CUST06446,7,3407.21,486.7442857142857,1,20,8.571428571428571,Low
CUST06447,6,14681.93,2446.9883333333332,0,10,1.6666666666666667,Low
CUST06448,9,67130.1,7458.900000000001,0,10,2.2222222222222223,Low
CUST06449,13,29212.670000000002,2247.1284615384616,0,10,3.8461538461538463,Low
CUST06450,11,45522.64,4138.421818181818,0,10,1.8181818181818181,Low
CUST06451,5,8850.98,1770.196,1,10,4.0,Low
CUST06452,12,4838.76,403.23,0,10,3.3333333333333335,Low
CUST06453,11,175026.31,15911.482727272727,3,10,3.6363636363636362,Low
CUST06454,7,7869.71,1124.2442857142858,1,10,4.285714285714286,Low
CUST06455,6,3749.85,624.975,0,10,5.0,Low
CUST06456,18,33815.159999999996,1878.62,1,20,1.6666666666666667,Low
CUST06457,14,492828.77,35202.055,0,10,2.857142857142857,Low
CUST06458,8,43352.6,5419.075,0,10,2.5,Low
CUST06459,12,81261.42,6771.785,1,20,5.833333333333333,Low
CUST06460,12,236618.57,19718.21416666667,1,10,2.5,Low
CUST06461,7,23542.93,3363.2757142857145,0,10,1.4285714285714286,Low
CUST06462,9,6080.7300000000005,675.6366666666668,0,10,1.1111111111111112,Low
CUST06463,8,7045.97,880.74625,0,10,1.25,Low
CUST06464,12,15653.019999999999,1304.4183333333333,1,20,3.3333333333333335,Low
CUST06465,9,34362.47,3818.0522222222226,0,10,6.666666666666667,Low
CUST06466,8,154947.62,19368.4525,0,10,3.75,Low
CUST06467,13,236446.87,18188.220769230767,0,0,0.0,Low
CUST06468,7,14660.34,2094.3342857142857,0,10,2.857142857142857,Low
CUST06469,6,3062.61,510.435,0,10,3.3333333333333335,Low
CUST06470,5,14603.66,2920.732,0,10,4.0,Low
CUST06471,11,267106.12,24282.374545454546,1,30,7.2727272727272725,Low
CUST06472,11,10495.23,954.1118181818182,0,10,0.9090909090909091,Low
CUST06473,12,56002.26,4666.8550000000005,0,10,1.6666666666666667,Low
CUST06474,12,14660.39,1221.6991666666665,1,15,2.9166666666666665,Low
CUST06475,8,37639.54,4704.9425,1,20,3.75,Low
CUST06476,7,340402.97,48628.99571428571,0,10,1.4285714285714286,Low
CUST06477,14,81087.49,5791.963571428571,0,10,2.857142857142857,Low
CUST06478,11,26209.55,2382.6863636363637,0,10,0.9090909090909091,Low
CUST06479,6,204464.16,34077.36,0,10,1.6666666666666667,Low
CUST06480,8,42561.979999999996,5320.2474999999995,0,10,2.5,Low
CUST06481,5,9684.86,1936.9720000000002,0,0,0.0,Low
CUST06482,11,50264.5,4569.5,0,10,1.8181818181818181,Low
CUST06483,5,2491.66,498.332,0,10,2.0,Low
CUST06484,3,33785.76,11261.92,0,10,6.666666666666667,Low
CUST06485,11,5937.15,539.7409090909091,0,10,4.545454545454546,Low
CUST06486,7,11984.439999999999,1712.062857142857,0,10,2.857142857142857,Low
CUST06487,8,23713.89,2964.23625,0,10,5.0,Low
CUST06488,10,3297.11,329.711,0,10,3.0,Low
CUST06489,10,47788.48,4778.848,0,10,2.0,Low
CUST06490,16,42031.95,2626.996875,0,10,2.5,Low
CUST06491,13,66645.91,5126.608461538462,0,10,2.3076923076923075,Low
CUST06492,13,243520.04,18732.31076923077,0,10,2.3076923076923075,Low
CUST06493,11,11505.5,1045.9545454545455,0,10,1.8181818181818181,Low
CUST06494,12,11870.39,989.1991666666667,0,10,5.0,Low
CUST06495,6,3166.38,527.73,0,10,1.6666666666666667,Low
CUST06496,4,10081.86,2520.465,0,10,5.0,Low
CUST06497,7,7343.58,1049.0828571428572,0,10,2.857142857142857,Low
CUST06498,11,33496.73,3045.157272727273,1,15,2.272727272727273,Low
CUST06499,11,59462.59,5405.69,1,0,0.0,Low
CUST06500,13,129131.12,9933.163076923076,4,65,11.153846153846153,High
CUST06501,15,96075.6,6405.04,0,10,0.6666666666666666,Low
CUST06502,8,60438.31,7554.78875,1,10,3.75,Low
CUST06503,6,10538.54,1756.4233333333334,0,10,3.3333333333333335,Low
CUST06504,11,53239.270000000004,4839.933636363637,0,10,1.8181818181818181,Low
CUST06505,5,9360.0,1872.0,0,0,0.0,Low
CUST06506,12,49271.62,4105.968333333333,0,10,2.5,Low
CUST06507,10,23325.3,2332.5299999999997,0,10,2.0,Low
CUST06508,4,133833.62,33458.405,0,0,0.0,Low
CUST06509,8,9153.210000000001,1144.1512500000001,0,0,0.0,Low
CUST06510,13,7015.9800000000005,539.6907692307693,0,10,3.8461538461538463,Low
CUST06511,7,18572.079999999998,2653.1542857142854,0,10,1.4285714285714286,Low
CUST06512,8,17495.5,2186.9375,0,10,3.75,Low
CUST06513,5,7832.719999999999,1566.5439999999999,0,10,2.0,Low
CUST06514,11,22080.61,2007.328181818182,1,20,6.363636363636363,Low
CUST06515,9,80887.17,8987.463333333333,0,10,4.444444444444445,Low
CUST06516,9,73757.90000000001,8195.322222222223,1,10,1.1111111111111112,Low
CUST06517,10,15662.44,1566.2440000000001,0,10,1.0,Low
CUST06518,7,19262.46,2751.7799999999997,0,10,4.285714285714286,Low
CUST06519,11,45970.34,4179.121818181818,3,85,15.909090909090908,High
CUST06520,11,24606.26,2236.9327272727273,0,10,1.8181818181818181,Low
CUST06521,13,5452.0199999999995,419.38615384615383,0,10,1.5384615384615385,Low
CUST06522,8,70161.19,8770.14875,0,10,5.0,Low
CUST06523,8,114953.8,14369.225,0,10,1.25,Low
CUST06524,9,101469.2,11274.355555555556,0,10,2.2222222222222223,Low
CUST06525,16,13932.0,870.75,0,10,1.875,Low
CUST06526,14,85869.62,6133.544285714285,1,20,4.285714285714286,Low
CUST06527,6,20330.91,3388.485,0,10,3.3333333333333335,Low
CUST06528,10,7470.9,747.0899999999999,0,10,3.0,Low
CUST06529,13,29283.97,2252.613076923077,0,10,3.076923076923077,Low
CUST06530,17,232357.63,13668.095882352942,0,10,1.7647058823529411,Low
CUST06531,8,11039.93,1379.99125,0,10,2.5,Low
CUST06532,10,103910.78,10391.078,0,10,3.0,Low
CUST06533,6,1631.5,271.9166666666667,0,10,3.3333333333333335,Low
CUST06534,12,374220.46,31185.038333333334,1,30,3.3333333333333335,Low
CUST06535,7,3506.41,500.9157142857143,0,0,0.0,Low
CUST06536,10,63351.100000000006,6335.110000000001,0,10,1.0,Low
CUST06537,10,264203.22000000003,26420.322000000004,0,10,2.0,Low
CUST06538,12,17933.87,1494.4891666666665,1,20,5.0,Low
CUST06539,19,39514.07,2079.6878947368423,0,10,1.0526315789473684,Low
CUST06540,8,188692.83000000002,23586.603750000002,1,30,5.0,Low
CUST06541,8,69016.14,8627.0175,0,10,3.75,Low
CUST06542,11,164339.92,14939.99272727273,1,30,4.545454545454546,Low
CUST06543,8,20158.26,2519.7825,0,10,1.25,Low
CUST06544,9,6338.8,704.3111111111111,0,10,4.444444444444445,Low
CUST06545,8,12863.67,1607.95875,1,20,2.5,Low
CUST06546,5,154331.91,30866.382,0,0,0.0,Low
CUST06547,10,291209.88,29120.988,0,10,4.0,Low
CUST06548,12,80785.4,6732.116666666666,1,20,2.5,Low
CUST06549,16,8852.32,553.27,0,10,3.75,Low
CUST06550,15,34617.27,2307.8179999999998,1,30,4.0,Low
CUST06551,5,103423.85,20684.77,0,0,0.0,Low
CUST06552,9,17497.66,1944.1844444444444,0,10,3.3333333333333335,Low
CUST06553,14,170279.02,12162.787142857142,0,10,1.4285714285714286,Low
CUST06554,8,9011.45,1126.43125,0,10,5.0,Low
CUST06555,12,123030.16,10252.513333333334,0,10,1.6666666666666667,Low
CUST06556,9,22388.15,2487.5722222222225,0,10,2.2222222222222223,Low
CUST06557,8,14446.4,1805.8,0,10,1.25,Low
CUST06558,11,6831.71,621.0645454545455,0,10,2.727272727272727,Low
CUST06559,7,9719.87,1388.5528571428572,0,10,2.857142857142857,Low
CUST06560,8,29719.38,3714.9225,1,20,6.25,Low
CUST06561,10,6653.76,665.376,1,15,2.5,Low
CUST06562,5,5345.44,1069.088,0,10,2.0,Low
CUST06563,11,7285.0,662.2727272727273,1,20,5.454545454545454,Low
CUST06564,16,58276.119999999995,3642.2574999999997,1,10,1.875,Low
CUST06565,9,51352.13,5705.792222222222,0,10,2.2222222222222223,Low
CUST06566,12,12023.11,1001.9258333333333,0,10,1.6666666666666667,Low
CUST06567,8,9630.11,1203.76375,0,10,1.25,Low
CUST06568,9,45719.22,5079.913333333334,0,10,2.2222222222222223,Low
CUST06569,8,14112.300000000001,1764.0375000000001,1,30,6.25,Low
CUST06570,9,11691.49,1299.0544444444445,0,10,2.2222222222222223,Low
CUST06571,10,214859.52000000002,21485.952,1,20,4.0,Low
CUST06572,12,30239.269999999997,2519.9391666666666,0,10,1.6666666666666667,Low
CUST06573,13,21463.23,1651.0176923076922,0,10,2.3076923076923075,Low
CUST06574,7,2590.97,370.1385714285714,0,10,1.4285714285714286,Low
CUST06575,10,54296.57,5429.657,1,10,2.0,Low
CUST06576,8,100885.16,12610.645,0,10,3.75,Low
CUST06577,11,65239.83,5930.893636363637,1,20,3.6363636363636362,Low
CUST06578,10,7656.51,765.6510000000001,0,10,1.0,Low
CUST06579,8,12140.98,1517.6225,0,10,2.5,Low
CUST06580,9,2797.19,310.7988888888889,0,10,3.3333333333333335,Low
CUST06581,9,4466.45,496.2722222222222,0,10,2.2222222222222223,Low
CUST06582,14,91829.48999999999,6559.249285714285,1,10,2.142857142857143,Low
CUST06583,15,502103.78,33473.585333333336,0,10,3.3333333333333335,Low
CUST06584,15,38603.54,2573.5693333333334,0,10,4.0,Low
CUST06585,9,48283.43,5364.825555555555,0,10,2.2222222222222223,Low
CUST06586,15,323932.73,21595.515333333333,2,20,5.333333333333333,Low
CUST06587,5,160087.98,32017.596,0,20,6.0,Low
CUST06588,12,29382.14,2448.5116666666668,0,10,2.5,Low
CUST06589,9,164271.09,18252.343333333334,0,10,1.1111111111111112,Low
CUST06590,18,431477.32,23970.962222222224,0,10,1.1111111111111112,Low
CUST06591,11,35242.96,3203.9054545454546,0,10,0.9090909090909091,Low
CUST06592,7,16844.39,2406.3414285714284,0,10,2.857142857142857,Low
CUST06593,11,994.26,90.38727272727273,0,10,2.727272727272727,Low
CUST06594,12,5641.35,470.1125,0,10,3.3333333333333335,Low
CUST06595,12,255674.35,21306.195833333335,0,10,3.3333333333333335,Low
CUST06596,10,76260.74,7626.0740000000005,0,10,3.0,Low
CUST06597,14,84691.12,6049.365714285714,0,10,2.142857142857143,Low
CUST06598,12,26772.379999999997,2231.0316666666663,0,10,5.0,Low
CUST06599,11,73182.96,6652.996363636365,1,10,2.727272727272727,Low
CUST06600,10,55280.66,5528.066000000001,1,0,0.0,Low
CUST06601,9,15946.599999999999,1771.8444444444442,0,10,1.1111111111111112,Low
CUST06602,6,5649.68,941.6133333333333,0,10,5.0,Low
CUST06603,9,9997.65,1110.85,0,10,3.3333333333333335,Low
CUST06604,6,1801.1,300.18333333333334,1,20,5.0,Low
CUST06605,11,45090.9,4099.172727272728,0,10,2.727272727272727,Low
CUST06606,13,1895.58,145.81384615384616,0,10,1.5384615384615385,Low
CUST06607,9,52414.57,5823.841111111111,0,10,4.444444444444445,Low
CUST06608,8,66072.64,8259.08,0,10,2.5,Low
CUST06609,12,23833.77,1986.1475,0,10,2.5,Low
CUST06610,13,17076.64,1313.5876923076924,0,10,4.615384615384615,Low
CUST06611,15,28932.91,1928.8606666666667,0,10,3.3333333333333335,Low
CUST06612,7,3275.75,467.9642857142857,0,10,2.857142857142857,Low
CUST06613,11,176901.81,16081.982727272727,0,10,3.6363636363636362,Low
CUST06614,6,9791.96,1631.993333333333,0,10,1.6666666666666667,Low
CUST06615,10,58220.97,5822.097,0,10,4.0,Low
CUST06616,6,9559.73,1593.2883333333332,0,10,3.3333333333333335,Low
CUST06617,10,39353.39,3935.339,0,10,3.0,Low
CUST06618,11,32828.82,2984.438181818182,0,10,0.9090909090909091,Low
CUST06619,8,15633.849999999999,1954.2312499999998,0,10,1.25,Low
CUST06620,11,14347.720000000001,1304.338181818182,0,10,0.9090909090909091,Low
CUST06621,11,22750.58,2068.2345454545457,0,10,2.727272727272727,Low
CUST06622,14,22557.530000000002,1611.252142857143,0,10,2.142857142857143,Low
CUST06623,8,15057.39,1882.17375,0,10,3.75,Low
CUST06624,10,112431.01,11243.100999999999,0,10,2.0,Low
CUST06625,12,38382.79,3198.5658333333336,0,10,1.6666666666666667,Low
CUST06626,11,175705.67,15973.24272727273,0,10,2.727272727272727,Low
CUST06627,4,2813.87,703.4675,0,10,5.0,Low
CUST06628,9,293833.82,32648.202222222222,0,10,4.444444444444445,Low
CUST06629,12,20416.41,1701.3675,0,10,2.5,Low
CUST06630,12,14334.539999999999,1194.5449999999998,0,10,2.5,Low
CUST06631,12,23860.11,1988.3425,0,10,4.166666666666667,Low
CUST06632,8,22770.760000000002,2846.3450000000003,0,10,2.5,Low
CUST06633,6,233768.46,38961.409999999996,1,10,1.6666666666666667,Low
CUST06634,13,16048.87,1234.5284615384617,1,10,2.3076923076923075,Low
CUST06635,15,23220.89,1548.0593333333334,0,10,1.3333333333333333,Low
CUST06636,7,4992.37,713.1957142857143,0,0,0.0,Low
CUST06637,7,7969.650000000001,1138.5214285714287,0,10,2.857142857142857,Low
CUST06638,10,16952.9,1695.2900000000002,0,10,1.0,Low
CUST06639,10,21171.11,2117.111,0,10,4.0,Low
CUST06640,12,334874.93,27906.244166666667,0,10,1.6666666666666667,Low
CUST06641,7,8210.15,1172.8785714285714,0,10,5.714285714285714,Low
CUST06642,7,2263.09,323.29857142857145,0,0,0.0,Low
CUST06643,6,30311.8,5051.966666666666,0,10,1.6666666666666667,Low
CUST06644,15,39433.16,2628.8773333333334,0,10,4.0,Low
CUST06645,16,28358.350000000002,1772.3968750000001,0,10,4.375,Low
CUST06646,5,3805.2,761.04,0,0,0.0,Low
CUST06647,9,5091.21,565.69,0,10,2.2222222222222223,Low
CUST06648,12,38057.78,3171.4816666666666,4,75,12.083333333333334,High
CUST06649,17,15172.43,892.4958823529412,0,10,3.5294117647058822,Low
CUST06650,13,3717.58,285.9676923076923,0,10,2.3076923076923075,Low
CUST06651,9,2605.6099999999997,289.5122222222222,0,10,3.3333333333333335,Low
CUST06652,10,7528.72,752.8720000000001,0,10,2.0,Low
CUST06653,14,237243.71,16945.979285714286,0,20,3.5714285714285716,Low
CUST06654,17,10179.48,598.7929411764705,1,10,1.7647058823529411,Low
CUST06655,11,33777.68,3070.6981818181816,0,10,2.727272727272727,Low
CUST06656,7,16775.91,2396.558571428571,0,10,5.714285714285714,Low
CUST06657,16,8314.23,519.639375,0,10,0.625,Low
CUST06658,5,3027.46,605.492,1,30,10.0,Low
CUST06659,8,3130.2400000000002,391.28000000000003,0,10,2.5,Low
CUST06660,10,97710.8,9771.08,0,10,2.0,Low
CUST06661,9,65219.08,7246.564444444444,0,10,4.444444444444445,Low
CUST06662,17,77454.68,4556.157647058823,1,10,2.3529411764705883,Low
CUST06663,12,8013.62,667.8016666666666,0,10,0.8333333333333334,Low
CUST06664,8,47425.03,5928.12875,0,10,2.5,Low
CUST06665,8,16599.91,2074.98875,0,10,1.25,Low
CUST06666,10,29557.19,2955.719,0,10,3.0,Low
CUST06667,11,63319.5,5756.318181818182,1,10,3.6363636363636362,Low
CUST06668,11,26799.25,2436.2954545454545,0,10,2.727272727272727,Low
CUST06669,7,811.77,115.96714285714286,1,20,7.142857142857143,Low
CUST06670,8,4621.8,577.725,0,0,0.0,Low
CUST06671,7,6603.72,943.3885714285715,0,10,2.857142857142857,Low
CUST06672,13,447132.04000000004,34394.772307692314,0,20,4.615384615384615,Low
CUST06673,10,6805.17,680.517,1,25,4.5,Low
CUST06674,7,264187.79,37741.112857142856,0,10,4.285714285714286,Low
CUST06675,11,16458.079999999998,1496.1890909090907,0,10,2.727272727272727,Low
CUST06676,6,70324.76000000001,11720.793333333335,0,10,1.6666666666666667,Low
CUST06677,12,148061.73,12338.4775,0,10,3.3333333333333335,Low
CUST06678,11,74126.37,6738.760909090909,0,10,1.8181818181818181,Low
CUST06679,11,15542.599999999999,1412.9636363636362,1,15,4.090909090909091,Low
CUST06680,16,4991.24,311.9525,0,10,1.25,Low
CUST06681,8,63682.09,7960.26125,0,10,3.75,Low
CUST06682,16,5093.43,318.339375,0,10,1.875,Low
CUST06683,12,26020.43,2168.369166666667,0,10,0.8333333333333334,Low
CUST06684,8,26943.34,3367.9175,1,20,3.75,Low
CUST06685,4,29043.49,7260.8725,0,0,0.0,Low
CUST06686,6,41791.01,6965.168333333334,0,10,3.3333333333333335,Low
CUST06687,5,4694.2300000000005,938.8460000000001,0,10,6.0,Low
CUST06688,11,12128.66,1102.6054545454544,0,10,0.9090909090909091,Low
CUST06689,9,60081.12,6675.68,0,10,2.2222222222222223,Low
CUST06690,11,56979.89,5179.99,0,10,4.545454545454546,Low
CUST06691,8,34275.520000000004,4284.4400000000005,0,10,5.0,Low
CUST06692,9,2023.15,224.79444444444445,0,10,2.2222222222222223,Low
CUST06693,13,28362.809999999998,2181.754615384615,1,10,3.076923076923077,Low
CUST06694,10,11564.28,1156.428,0,10,4.0,Low
CUST06695,15,555054.55,37003.63666666667,1,20,2.0,Low
CUST06696,14,11470.08,819.2914285714286,0,10,1.4285714285714286,Low
CUST06697,11,402558.68,36596.24363636364,0,10,2.727272727272727,Low
CUST06698,9,68207.27,7578.585555555556,0,10,3.3333333333333335,Low
CUST06699,7,5618.4,802.6285714285714,0,10,2.857142857142857,Low
CUST06700,10,28827.84,2882.784,0,10,2.0,Low
CUST06701,5,2938.39,587.678,0,10,6.0,Low
CUST06702,8,11828.91,1478.61375,0,10,2.5,Low
CUST06703,12,82167.70999999999,6847.309166666666,0,10,2.5,Low
CUST06704,12,17970.0,1497.5,0,10,1.6666666666666667,Low
CUST06705,8,9319.94,1164.9925,1,30,6.25,Low
CUST06706,15,7041.0,469.4,0,10,2.6666666666666665,Low
CUST06707,8,6531.9800000000005,816.4975000000001,0,10,1.25,Low
CUST06708,13,315175.77,24244.29,0,10,2.3076923076923075,Low
CUST06709,8,12160.51,1520.06375,0,10,1.25,Low
CUST06710,12,160089.53,13340.794166666667,1,20,1.6666666666666667,Low
CUST06711,12,454038.43,37836.535833333335,1,10,2.5,Low
CUST06712,18,538286.2,29904.788888888885,0,10,1.6666666666666667,Low
CUST06713,10,69359.14,6935.914,1,10,1.0,Low
CUST06714,9,174182.84000000003,19353.648888888893,0,10,3.3333333333333335,Low
CUST06715,8,3510.41,438.80125,0,0,0.0,Low
CUST06716,8,6679.73,834.96625,0,10,2.5,Low
CUST06717,12,14496.16,1208.0133333333333,0,0,0.0,Low
CUST06718,14,3023.58,215.97,1,10,2.142857142857143,Low
CUST06719,13,17297.77,1330.5976923076923,0,10,3.076923076923077,Low
CUST06720,9,3190.62,354.5133333333333,0,10,2.2222222222222223,Low
CUST06721,9,80155.54,8906.17111111111,1,10,4.444444444444445,Low
CUST06722,8,99204.44,12400.555,0,10,1.25,Low
CUST06723,10,136742.58,13674.257999999998,1,10,1.0,Low
CUST06724,12,50327.63,4193.969166666667,2,30,6.25,Low
CUST06725,11,17473.09,1588.4627272727273,0,10,0.9090909090909091,Low
CUST06726,9,15068.65,1674.2944444444445,0,10,2.2222222222222223,Low
CUST06727,13,11583.95,891.073076923077,0,10,2.3076923076923075,Low
CUST06728,7,24332.04,3476.0057142857145,0,10,5.714285714285714,Low
CUST06729,11,11742.23,1067.4754545454546,0,10,2.727272727272727,Low
CUST06730,6,11984.33,1997.3883333333333,0,10,1.6666666666666667,Low
CUST06731,6,73299.67,12216.611666666666,0,10,1.6666666666666667,Low
CUST06732,5,504.37,100.874,0,10,2.0,Low
CUST06733,4,51603.39,12900.8475,1,10,2.5,Low
CUST06734,17,385637.23,22684.54294117647,0,30,5.882352941176471,Low
CUST06735,10,30323.47,3032.347,0,10,4.0,Low
CUST06736,9,20439.48,2271.0533333333333,0,10,2.2222222222222223,Low
CUST06737,12,4356.83,363.06916666666666,0,10,1.6666666666666667,Low
CUST06738,9,16787.77,1865.3077777777778,1,10,4.444444444444445,Low
CUST06739,10,27198.989999999998,2719.899,0,10,3.0,Low
CUST06740,12,44813.58,3734.465,0,10,4.166666666666667,Low
CUST06741,6,2559.5,426.5833333333333,0,10,1.6666666666666667,Low
CUST06742,6,99939.23999999999,16656.539999999997,0,10,3.3333333333333335,Low
CUST06743,7,13791.24,1970.1771428571428,0,10,1.4285714285714286,Low
CUST06744,12,67251.39,5604.2825,1,10,1.6666666666666667,Low
CUST06745,13,7096.8,545.9076923076923,1,30,6.153846153846154,Low
CUST06746,10,6872.91,687.2909999999999,1,10,4.0,Low
CUST06747,5,4572.18,914.436,1,20,6.0,Low
CUST06748,7,60624.630000000005,8660.66142857143,0,10,2.857142857142857,Low
CUST06749,10,520097.0,52009.7,0,10,2.0,Low
CUST06750,10,13545.32,1354.532,3,20,4.0,Low
CUST06751,15,50429.13,3361.942,0,10,2.6666666666666665,Low
CUST06752,12,81289.87,6774.155833333333,1,15,3.75,Low
CUST06753,16,16831.34,1051.95875,1,10,2.5,Low
CUST06754,8,2169.5299999999997,271.19124999999997,0,10,2.5,Low
CUST06755,9,59543.58,6615.953333333334,1,10,3.3333333333333335,Low
CUST06756,14,29275.96,2091.14,0,10,2.857142857142857,Low
CUST06757,12,234586.45,19548.870833333334,0,10,0.8333333333333334,Low
CUST06758,11,156946.0,14267.818181818182,1,15,5.0,Low
CUST06759,8,14780.300000000001,1847.5375000000001,0,10,1.25,Low
CUST06760,11,33683.26,3062.114545454546,0,10,0.9090909090909091,Low
CUST06761,11,18219.04,1656.2763636363636,1,10,3.6363636363636362,Low
CUST06762,9,8350.23,927.8033333333333,0,10,1.1111111111111112,Low
CUST06763,17,97999.76,5764.691764705882,0,10,1.7647058823529411,Low
CUST06764,7,17788.27,2541.1814285714286,0,10,5.714285714285714,Low
CUST06765,10,14237.19,1423.719,0,10,4.0,Low
CUST06766,8,5001.39,625.17375,0,10,1.25,Low
CUST06767,16,128257.54000000001,8016.0962500000005,0,10,1.25,Low
CUST06768,6,14766.78,2461.13,0,10,3.3333333333333335,Low
CUST06769,11,5354.8099999999995,486.80090909090904,2,20,3.6363636363636362,Low
CUST06770,10,20736.28,2073.6279999999997,0,10,2.0,Low
CUST06771,9,37876.41,4208.490000000001,0,10,6.666666666666667,Low
CUST06772,5,7261.59,1452.318,0,10,4.0,Low
CUST06773,6,144868.91999999998,24144.819999999996,0,10,5.0,Low
CUST06774,12,68259.28,5688.2733333333335,0,10,3.3333333333333335,Low
CUST06775,5,29898.32,5979.664,0,10,2.0,Low
CUST06776,9,2846.54,316.28222222222223,0,10,2.2222222222222223,Low
CUST06777,12,128164.36,10680.363333333333,2,10,3.3333333333333335,Low
CUST06778,9,9652.35,1072.4833333333333,0,10,1.1111111111111112,Low
CUST06779,6,5846.76,974.46,0,10,3.3333333333333335,Low
CUST06780,14,18467.8,1319.1285714285714,0,10,2.857142857142857,Low
CUST06781,8,1109.15,138.64375,1,20,6.25,Low
CUST06782,13,119756.12,9212.00923076923,0,10,1.5384615384615385,Low
CUST06783,11,10385.17,944.1063636363637,0,10,2.727272727272727,Low
CUST06784,10,28514.26,2851.426,1,10,4.0,Low
CUST06785,9,31624.42,3513.8244444444445,1,15,5.0,Low
CUST06786,17,25408.77,1494.6335294117648,0,10,2.3529411764705883,Low
CUST06787,13,50287.84,3868.295384615384,3,75,11.923076923076923,High
CUST06788,4,57415.22,14353.805,1,0,0.0,Low
CUST06789,8,90326.41,11290.80125,1,10,2.5,Low
CUST06790,8,970.85,121.35625,0,10,2.5,Low
CUST06791,11,24263.97,2205.8154545454545,1,15,3.1818181818181817,Low
CUST06792,8,3366.83,420.85375,1,20,2.5,Low
CUST06793,12,51860.060000000005,4321.671666666667,0,10,1.6666666666666667,Low
CUST06794,10,13028.039999999999,1302.8039999999999,0,10,2.0,Low
CUST06795,8,20353.23,2544.15375,0,10,2.5,Low
CUST06796,9,12346.69,1371.8544444444444,0,10,2.2222222222222223,Low
CUST06797,9,2114.65,234.9611111111111,0,10,2.2222222222222223,Low
CUST06798,15,81008.95999999999,5400.597333333333,0,10,3.3333333333333335,Low
CUST06799,13,89394.55,6876.503846153846,0,10,2.3076923076923075,Low
CUST06800,6,17818.13,2969.6883333333335,0,10,3.3333333333333335,Low
CUST06801,9,46368.65,5152.072222222222,0,10,1.1111111111111112,Low
CUST06802,10,9701.14,970.1139999999999,0,10,2.0,Low
CUST06803,7,14386.24,2055.177142857143,1,15,2.142857142857143,Low
CUST06804,12,14966.92,1247.2433333333333,1,20,7.5,Low
CUST06805,17,179630.83000000002,10566.519411764706,0,10,2.3529411764705883,Low
CUST06806,10,38771.17,3877.1169999999997,0,10,1.0,Low
CUST06807,13,9809.11,754.5469230769231,0,10,3.076923076923077,Low
CUST06808,9,8075.56,897.2844444444445,0,10,4.444444444444445,Low
CUST06809,16,37366.69,2335.418125,0,10,2.5,Low
CUST06810,14,73412.74,5243.767142857143,0,10,2.142857142857143,Low
CUST06811,11,10530.91,957.3554545454546,0,10,0.9090909090909091,Low
CUST06812,7,2870.41,410.0585714285714,0,10,4.285714285714286,Low
CUST06813,12,8637.31,719.7758333333333,0,10,4.166666666666667,Low
CUST06814,7,11462.519999999999,1637.502857142857,0,10,1.4285714285714286,Low
CUST06815,12,218643.12,18220.26,0,10,1.6666666666666667,Low
CUST06816,8,4915.85,614.48125,1,20,7.5,Low
CUST06817,9,52833.3,5870.366666666667,1,10,1.1111111111111112,Low
CUST06818,8,239864.7,29983.0875,0,10,1.25,Low
CUST06819,12,37043.11,3086.9258333333332,0,10,5.0,Low
CUST06820,18,11364.1,631.338888888889,1,10,3.3333333333333335,Low
CUST06821,7,1375.8799999999999,196.5542857142857,0,10,1.4285714285714286,Low
CUST06822,9,41173.28,4574.808888888889,0,10,1.1111111111111112,Low
CUST06823,12,14865.07,1238.7558333333334,0,10,3.3333333333333335,Low
CUST06824,15,85724.41,5714.960666666667,1,10,2.6666666666666665,Low
CUST06825,9,57669.43,6407.714444444445,1,10,1.1111111111111112,Low
CUST06826,9,63506.48,7056.275555555556,0,10,1.1111111111111112,Low
CUST06827,4,7338.28,1834.57,0,10,2.5,Low
CUST06828,8,1781.4,222.675,0,10,1.25,Low
CUST06829,13,66106.3,5085.1,3,75,11.153846153846153,High
CUST06830,6,46880.39,7813.3983333333335,0,10,1.6666666666666667,Low
CUST06831,9,58981.09,6553.454444444444,1,30,5.555555555555555,Low
CUST06832,11,103181.56,9380.141818181817,0,10,1.8181818181818181,Low
CUST06833,14,31441.0,2245.785714285714,0,10,4.285714285714286,Low
CUST06834,11,17581.39,1598.3081818181818,0,10,2.727272727272727,Low
CUST06835,12,56114.89,4676.240833333333,0,10,3.3333333333333335,Low
CUST06836,6,30604.300000000003,5100.716666666667,0,10,3.3333333333333335,Low
CUST06837,6,7063.75,1177.2916666666667,0,0,0.0,Low
CUST06838,10,8911.02,891.1020000000001,0,10,1.0,Low
CUST06839,14,106111.16,7579.368571428572,0,10,2.142857142857143,Low
CUST06840,12,14532.29,1211.0241666666668,0,10,4.166666666666667,Low
CUST06841,11,5838.97,530.8154545454546,0,10,2.727272727272727,Low
CUST06842,9,60200.74,6688.971111111111,0,10,2.2222222222222223,Low
CUST06843,11,173961.39,15814.67181818182,0,10,1.8181818181818181,Low
CUST06844,7,12027.42,1718.202857142857,0,10,2.857142857142857,Low
CUST06845,9,600249.5499999999,66694.39444444444,0,20,6.666666666666667,Low
CUST06846,9,122182.65,13575.849999999999,0,0,0.0,Low
CUST06847,5,127578.81,25515.762,0,10,4.0,Low
CUST06848,16,116950.78,7309.42375,0,10,3.75,Low
CUST06849,9,128687.07,14298.563333333334,0,10,2.2222222222222223,Low
CUST06850,7,5839.17,834.1671428571428,0,10,4.285714285714286,Low
CUST06851,9,10432.4,1159.1555555555556,0,10,1.1111111111111112,Low
CUST06852,15,335157.11,22343.807333333334,3,20,5.333333333333333,Low
CUST06853,11,44001.33,4000.120909090909,0,10,2.727272727272727,Low
CUST06854,8,16232.26,2029.0325,0,10,1.25,Low
CUST06855,11,117153.87,10650.351818181818,0,10,2.727272727272727,Low
CUST06856,11,7111.44,646.4945454545455,0,0,0.0,Low
CUST06857,16,410137.4,25633.5875,2,20,5.625,Low
CUST06858,8,28974.17,3621.77125,1,20,3.75,Low
CUST06859,10,38555.77,3855.5769999999998,3,75,14.5,High
CUST06860,12,25409.850000000002,2117.4875,0,10,1.6666666666666667,Low
CUST06861,11,35987.99,3271.635454545454,0,10,1.8181818181818181,Low
CUST06862,6,6537.719999999999,1089.62,0,10,1.6666666666666667,Low
CUST06863,15,86377.58,5758.5053333333335,2,10,0.6666666666666666,Low
CUST06864,14,10466.83,747.6307142857142,1,20,2.857142857142857,Low
CUST06865,6,23195.86,3865.976666666667,0,10,3.3333333333333335,Low
CUST06866,9,92170.75,10241.194444444445,0,10,3.3333333333333335,Low
CUST06867,8,13857.28,1732.16,0,10,2.5,Low
CUST06868,8,6535.67,816.95875,0,10,1.25,Low
CUST06869,13,5586.92,429.76307692307694,0,10,2.3076923076923075,Low
CUST06870,14,4007.82,286.27285714285716,0,10,2.142857142857143,Low
CUST06871,11,95219.1,8656.281818181818,0,10,4.545454545454546,Low
CUST06872,12,529442.99,44120.24916666667,0,20,4.166666666666667,Low
CUST06873,6,282075.57,47012.595,0,10,3.3333333333333335,Low
CUST06874,8,8754.72,1094.34,0,10,3.75,Low
CUST06875,7,1252.24,178.89142857142858,0,10,1.4285714285714286,Low
CUST06876,8,13386.85,1673.35625,0,10,1.25,Low
CUST06877,11,31876.92,2897.901818181818,0,10,1.8181818181818181,Low
CUST06878,13,62607.619999999995,4815.970769230769,1,10,3.8461538461538463,Low
CUST06879,13,173290.43,13330.033076923077,0,10,1.5384615384615385,Low
CUST06880,7,18713.76,2673.3942857142856,0,10,4.285714285714286,Low
CUST06881,8,4916.4400000000005,614.5550000000001,1,10,2.5,Low
CUST06882,12,18265.28,1522.1066666666666,1,10,4.166666666666667,Low
CUST06883,9,8146.62,905.18,0,10,1.1111111111111112,Low
CUST06884,10,2203.72,220.37199999999999,0,10,1.0,Low
CUST06885,15,4625.23,308.34866666666665,0,10,2.0,Low
CUST06886,15,10040.26,669.3506666666667,0,10,2.6666666666666665,Low
CUST06887,14,41312.61,2950.9007142857145,0,10,2.142857142857143,Low
CUST06888,10,72086.97,7208.697,0,10,2.0,Low
CUST06889,15,108612.2,7240.8133333333335,1,10,0.6666666666666666,Low
CUST06890,12,6623.17,551.9308333333333,0,10,2.5,Low
CUST06891,8,40362.64,5045.33,1,15,3.125,Low
CUST06892,11,238126.04,21647.82181818182,0,10,0.9090909090909091,Low
CUST06893,5,4887.08,977.4159999999999,1,20,6.0,Low
CUST06894,14,85917.94,6136.995714285715,0,10,1.4285714285714286,Low
CUST06895,9,2205.55,245.06111111111113,0,10,3.3333333333333335,Low
CUST06896,10,118680.21,11868.021,0,0,0.0,Low
CUST06897,9,3685.16,409.4622222222222,0,10,3.3333333333333335,Low
CUST06898,5,6621.15,1324.23,0,10,4.0,Low
CUST06899,12,36880.53,3073.3775,0,10,1.6666666666666667,Low
CUST06900,8,127957.69,15994.71125,0,10,1.25,Low
CUST06901,3,9885.44,3295.146666666667,0,10,3.3333333333333335,Low
CUST06902,12,5989.150000000001,499.09583333333336,0,10,5.833333333333333,Low
CUST06903,10,24574.66,2457.466,0,0,0.0,Low
CUST06904,10,4954.86,495.486,0,10,4.0,Low
CUST06905,10,24458.88,2445.888,0,10,4.0,Low
CUST06906,11,226326.33000000002,20575.12090909091,1,20,2.727272727272727,Low
CUST06907,10,53078.24,5307.824,1,0,0.0,Low
CUST06908,17,25484.46,1499.085882352941,0,10,2.9411764705882355,Low
CUST06909,16,249401.13,15587.570625,0,10,2.5,Low
CUST06910,14,2919.5299999999997,208.53785714285712,0,10,0.7142857142857143,Low
CUST06911,6,9309.050000000001,1551.5083333333334,0,10,1.6666666666666667,Low
CUST06912,4,9160.73,2290.1825,0,10,2.5,Low
CUST06913,7,9796.18,1399.4542857142858,0,10,5.714285714285714,Low
CUST06914,21,14449.32,688.0628571428572,0,10,4.285714285714286,Low
CUST06915,12,97947.74,8162.311666666667,1,10,0.8333333333333334,Low
CUST06916,11,160818.96,14619.905454545455,0,10,0.9090909090909091,Low
CUST06917,13,406252.46,31250.189230769232,0,10,4.615384615384615,Low
CUST06918,14,32880.0,2348.5714285714284,0,10,4.285714285714286,Low
CUST06919,8,44104.77,5513.09625,0,0,0.0,Low
CUST06920,8,48744.26,6093.0325,1,15,3.125,Low
CUST06921,14,8056.03,575.4307142857143,0,10,1.4285714285714286,Low
CUST06922,16,102656.91,6416.056875,1,10,0.625,Low
CUST06923,7,36248.8,5178.400000000001,0,10,2.857142857142857,Low
CUST06924,12,17420.35,1451.6958333333332,1,20,5.833333333333333,Low
CUST06925,9,26913.92,2990.4355555555553,0,10,3.3333333333333335,Low
CUST06926,8,3580.63,447.57875,0,10,1.25,Low
CUST06927,11,4492.46,408.4054545454546,0,10,0.9090909090909091,Low
CUST06928,14,19355.88,1382.5628571428572,0,10,3.5714285714285716,Low
CUST06929,9,3425.39,380.5988888888889,0,10,1.1111111111111112,Low
CUST06930,6,23197.52,3866.2533333333336,0,10,1.6666666666666667,Low
CUST06931,10,183455.25,18345.525,0,10,1.0,Low
CUST06932,6,3128.92,521.4866666666667,0,0,0.0,Low
CUST06933,5,11213.2,2242.6400000000003,0,10,2.0,Low
CUST06934,11,272397.61,24763.41909090909,0,10,3.6363636363636362,Low
CUST06935,10,19071.57,1907.157,0,10,6.0,Low
CUST06936,12,66015.97,5501.330833333333,2,20,4.166666666666667,Low
CUST06937,11,11313.800000000001,1028.527272727273,0,10,1.8181818181818181,Low
CUST06938,8,14335.550000000001,1791.9437500000001,0,10,2.5,Low
CUST06939,14,8349.05,596.3607142857143,1,10,5.0,Low
CUST06940,15,26299.59,1753.306,0,10,2.0,Low
CUST06941,12,51681.68,4306.806666666666,0,10,0.8333333333333334,Low
CUST06942,13,4842.47,372.4976923076923,1,10,5.384615384615385,Low
CUST06943,6,13339.52,2223.2533333333336,1,20,5.0,Low
CUST06944,11,15265.3,1387.7545454545455,0,10,2.727272727272727,Low
CUST06945,9,30704.61,3411.6233333333334,0,10,2.2222222222222223,Low
CUST06946,10,17736.899999999998,1773.6899999999998,0,10,3.0,Low
CUST06947,14,4900.65,350.0464285714285,1,20,1.4285714285714286,Low
CUST06948,12,526432.56,43869.380000000005,1,10,3.3333333333333335,Low
CUST06949,13,13513.62,1039.5092307692307,0,10,3.076923076923077,Low
CUST06950,12,78460.36,6538.363333333334,0,10,3.3333333333333335,Low
CUST06951,11,33905.45,3082.3136363636363,0,10,1.8181818181818181,Low
CUST06952,9,11918.189999999999,1324.243333333333,0,10,4.444444444444445,Low
CUST06953,9,70647.16,7849.684444444445,0,10,2.2222222222222223,Low
CUST06954,10,9565.990000000002,956.5990000000002,1,15,3.5,Low
CUST06955,12,154853.36,12904.446666666665,1,30,5.833333333333333,Low
CUST06956,7,249040.79,35577.25571428572,0,10,2.857142857142857,Low
CUST06957,11,59692.74,5426.612727272727,1,10,1.8181818181818181,Low
CUST06958,11,62146.0,5649.636363636364,3,75,11.363636363636363,High
CUST06959,16,4163.4400000000005,260.21500000000003,1,10,2.5,Low
CUST06960,5,4019.59,803.918,0,10,2.0,Low
CUST06961,11,11936.09,1085.0990909090908,0,10,1.8181818181818181,Low
CUST06962,12,45668.09,3805.674166666666,0,10,2.5,Low
CUST06963,11,46129.32,4193.574545454546,0,10,1.8181818181818181,Low
CUST06964,8,343308.19,42913.52375,0,20,3.75,Low
CUST06965,8,17374.07,2171.75875,0,10,3.75,Low
CUST06966,15,470914.58,31394.305333333334,1,30,2.6666666666666665,Low
CUST06967,7,4036.2,576.6,0,10,2.857142857142857,Low
CUST06968,15,6674.88,444.992,0,10,2.6666666666666665,Low
CUST06969,13,18556.06,1427.3892307692308,0,10,1.5384615384615385,Low
CUST06970,10,305333.33,30533.333000000002,0,20,5.0,Low
CUST06971,8,13525.49,1690.68625,0,10,1.25,Low
CUST06972,6,113021.64,18836.94,0,10,3.3333333333333335,Low
CUST06973,11,16801.5,1527.409090909091,0,10,2.727272727272727,Low
CUST06974,6,9282.59,1547.0983333333334,1,10,5.0,Low
CUST06975,9,3928.54,436.50444444444446,0,10,2.2222222222222223,Low
CUST06976,12,13815.7,1151.3083333333334,0,10,2.5,Low
CUST06977,8,7955.93,994.49125,0,10,2.5,Low
CUST06978,11,9205.61,836.8736363636364,1,20,2.727272727272727,Low
CUST06979,7,2936.4,419.4857142857143,0,10,4.285714285714286,Low
CUST06980,13,78829.02,6063.7707692307695,0,10,3.8461538461538463,Low
CUST06981,9,41960.950000000004,4662.3277777777785,0,10,4.444444444444445,Low
CUST06982,8,10145.73,1268.21625,1,10,7.5,Low
CUST06983,12,7814.349999999999,651.1958333333333,1,30,5.0,Low
CUST06984,12,550641.58,45886.79833333333,3,75,14.583333333333334,High
CUST06985,4,2033.12,508.28,0,10,2.5,Low
CUST06986,19,22206.97,1168.7878947368422,0,10,3.6842105263157894,Low
CUST06987,10,32871.71,3287.171,0,10,2.0,Low
CUST06988,11,3039.85,276.34999999999997,0,10,5.454545454545454,Low
CUST06989,11,130656.23999999999,11877.839999999998,0,10,2.727272727272727,Low
CUST06990,6,7404.9800000000005,1234.1633333333334,1,20,6.666666666666667,Low
CUST06991,14,21957.219999999998,1568.372857142857,0,10,2.857142857142857,Low
CUST06992,13,65362.59,5027.891538461538,0,10,2.3076923076923075,Low
CUST06993,7,87138.69,12448.384285714286,0,0,0.0,Low
CUST06994,5,4684.84,936.9680000000001,0,10,2.0,Low
CUST06995,10,10474.22,1047.422,0,10,2.0,Low
CUST06996,5,69456.4,13891.279999999999,0,10,2.0,Low
CUST06997,12,402656.8,33554.73333333333,0,10,1.6666666666666667,Low
CUST06998,8,60942.89,7617.86125,0,10,2.5,Low
CUST06999,14,8861.39,632.9564285714285,1,15,1.7857142857142858,Low
CUST07000,4,38952.98,9738.245,0,10,5.0,Low
CUST07001,4,14551.01,3637.7525,0,10,5.0,Low
CUST07002,13,209263.59,16097.19923076923,1,10,4.615384615384615,Low
CUST07003,10,6953.36,695.336,0,10,1.0,Low
CUST07004,17,9160.63,538.860588235294,2,15,5.0,Low
CUST07005,15,124977.01,8331.800666666666,0,10,3.3333333333333335,Low
CUST07006,10,11872.8,1187.28,1,20,4.0,Low
CUST07007,11,19956.69,1814.2445454545452,0,10,2.727272727272727,Low
CUST07008,7,1133.83,161.97571428571428,0,10,1.4285714285714286,Low
CUST07009,11,323784.02,29434.91090909091,0,10,0.9090909090909091,Low
CUST07010,12,6628.55,552.3791666666667,0,10,3.3333333333333335,Low
CUST07011,9,36917.549999999996,4101.95,0,10,2.2222222222222223,Low
CUST07012,16,92852.75,5803.296875,1,10,3.125,Low
CUST07013,11,33030.11,3002.7372727272727,3,85,15.0,High
CUST07014,5,4969.1,993.82,0,10,4.0,Low
CUST07015,12,626046.29,52170.52416666667,0,20,5.833333333333333,Low
CUST07016,9,59324.13,6591.57,1,10,3.3333333333333335,Low
CUST07017,12,4652.97,387.7475,0,10,0.8333333333333334,Low
CUST07018,9,68009.72,7556.635555555556,0,10,2.2222222222222223,Low
CUST07019,6,35477.549999999996,5912.924999999999,1,10,5.0,Low
CUST07020,14,72480.56999999999,5177.183571428571,4,75,8.928571428571429,High
CUST07021,9,19353.75,2150.4166666666665,0,10,1.1111111111111112,Low
CUST07022,8,42488.45,5311.05625,0,0,0.0,Low
CUST07023,11,8196.95,745.1772727272728,0,0,0.0,Low
CUST07024,11,21104.3,1918.5727272727272,0,10,0.9090909090909091,Low
CUST07025,7,20416.88,2916.697142857143,0,10,4.285714285714286,Low
CUST07026,12,86497.93000000001,7208.160833333334,1,10,4.166666666666667,Low
CUST07027,11,4477.56,407.0509090909091,0,10,0.9090909090909091,Low
CUST07028,9,12895.47,1432.83,0,10,1.1111111111111112,Low
CUST07029,10,40182.41,4018.2410000000004,0,10,1.0,Low
CUST07030,13,64462.39,4958.6453846153845,3,75,9.615384615384615,High
CUST07031,9,7382.05,820.2277777777778,2,30,6.666666666666667,Low
CUST07032,13,417446.86,32111.296923076923,0,20,4.615384615384615,Low
CUST07033,7,7315.11,1045.0157142857142,0,0,0.0,Low
CUST07034,13,96942.22,7457.093846153846,1,10,1.5384615384615385,Low
CUST07035,13,87452.54000000001,6727.118461538462,0,10,4.615384615384615,Low
CUST07036,6,65840.29000000001,10973.381666666668,0,0,0.0,Low
CUST07037,9,42801.28,4755.697777777777,1,10,2.2222222222222223,Low
CUST07038,15,62519.72,4167.981333333333,0,10,1.3333333333333333,Low
CUST07039,7,4119.450000000001,588.4928571428572,0,10,4.285714285714286,Low
CUST07040,9,59727.01,6636.334444444445,1,20,4.444444444444445,Low
CUST07041,10,75668.76,7566.875999999999,0,10,3.0,Low
CUST07042,16,25203.01,1575.188125,2,20,5.625,Low
CUST07043,8,6067.59,758.44875,0,10,2.5,Low
CUST07044,8,97770.79000000001,12221.348750000001,0,10,3.75,Low
CUST07045,6,14425.91,2404.318333333333,0,10,1.6666666666666667,Low
CUST07046,9,5257.88,584.2088888888889,0,10,1.1111111111111112,Low
CUST07047,12,95989.90000000001,7999.158333333334,1,10,1.6666666666666667,Low
CUST07048,12,16079.96,1339.9966666666667,2,10,2.5,Low
CUST07049,4,6433.09,1608.2725,0,0,0.0,Low
CUST07050,15,38276.11,2551.7406666666666,1,20,5.333333333333333,Low
CUST07051,16,327239.57,20452.473125,0,10,4.375,Low
CUST07052,9,11178.29,1242.0322222222223,1,10,3.3333333333333335,Low
CUST07053,12,184646.53,15387.210833333333,0,10,0.8333333333333334,Low
CUST07054,6,1254.31,209.05166666666665,0,10,1.6666666666666667,Low
CUST07055,7,8054.280000000001,1150.6114285714286,0,10,2.857142857142857,Low
CUST07056,9,47009.93000000001,5223.325555555556,0,10,2.2222222222222223,Low
CUST07057,11,53753.52,4886.683636363636,1,10,0.9090909090909091,Low
CUST07058,8,11928.43,1491.05375,1,20,5.0,Low
CUST07059,13,23015.82,1770.4476923076923,0,10,3.076923076923077,Low
CUST07060,14,30303.989999999998,2164.570714285714,0,10,3.5714285714285716,Low
CUST07061,6,3680.7200000000003,613.4533333333334,0,10,1.6666666666666667,Low
CUST07062,12,54556.43,4546.369166666666,1,20,5.833333333333333,Low
CUST07063,10,35381.42,3538.142,0,10,2.0,Low
CUST07064,11,66336.82,6030.620000000001,0,10,1.8181818181818181,Low
CUST07065,14,36755.84,2625.4171428571426,0,10,2.857142857142857,Low
CUST07066,9,78266.41,8696.267777777779,0,10,1.1111111111111112,Low
CUST07067,9,367730.68,40858.96444444444,1,30,4.444444444444445,Low
CUST07068,8,14936.839999999998,1867.1049999999998,0,10,3.75,Low
CUST07069,11,55266.14,5024.194545454546,0,10,2.727272727272727,Low
CUST07070,11,64761.159999999996,5887.3781818181815,0,10,1.8181818181818181,Low
CUST07071,10,201151.50999999998,20115.150999999998,0,10,3.0,Low
CUST07072,6,528512.35,88085.39166666666,1,20,7.5,Low
CUST07073,12,52060.4,4338.366666666667,1,20,3.3333333333333335,Low
CUST07074,6,3226.87,537.8116666666666,0,10,1.6666666666666667,Low
CUST07075,11,3999.98,363.63454545454545,0,10,5.454545454545454,Low
CUST07076,9,45702.9,5078.1,0,10,3.3333333333333335,Low
CUST07077,10,37402.45,3740.245,0,10,2.0,Low
CUST07078,8,92244.98,11530.6225,1,10,5.0,Low
CUST07079,12,32139.940000000002,2678.3283333333334,1,20,3.3333333333333335,Low
CUST07080,5,10248.43,2049.686,0,10,4.0,Low
CUST07081,12,76675.57,6389.630833333334,0,10,2.5,Low
CUST07082,15,109825.19,7321.6793333333335,0,10,3.3333333333333335,Low
CUST07083,7,31334.68,4476.382857142858,0,10,1.4285714285714286,Low
CUST07084,6,3013.66,502.27666666666664,0,10,3.3333333333333335,Low
CUST07085,15,9500.63,633.3753333333333,0,10,0.6666666666666666,Low
CUST07086,14,3164.15,226.0107142857143,0,10,2.142857142857143,Low
CUST07087,9,94820.05,10535.561111111112,0,10,2.2222222222222223,Low
CUST07088,10,7039.82,703.982,0,10,2.0,Low
CUST07089,10,8919.95,891.9950000000001,0,10,2.0,Low
CUST07090,10,15976.2,1597.6200000000001,0,10,5.0,Low
CUST07091,12,4355.62,362.9683333333333,0,10,2.5,Low
CUST07092,15,172319.06,11487.937333333333,0,10,2.0,Low
CUST07093,12,661121.3,55093.44166666667,0,10,0.8333333333333334,Low
CUST07094,9,40755.100000000006,4528.344444444445,0,10,4.444444444444445,Low
CUST07095,12,10458.14,871.5116666666667,3,75,10.416666666666666,High
CUST07096,7,4676.97,668.1385714285715,0,10,2.857142857142857,Low
CUST07097,8,21089.72,2636.215,0,10,1.25,Low
CUST07098,14,22679.15,1619.939285714286,0,10,2.142857142857143,Low
CUST07099,7,33034.89,4719.2699999999995,0,10,2.857142857142857,Low
CUST07100,16,4769.16,298.0725,0,10,2.5,Low
CUST07101,10,8054.86,805.486,0,10,1.0,Low
CUST07102,10,1532.1000000000001,153.21,0,10,1.0,Low
CUST07103,11,4464.11,405.8281818181818,0,10,2.727272727272727,Low
CUST07104,7,18849.62,2692.802857142857,0,10,2.857142857142857,Low
CUST07105,12,6310.360000000001,525.8633333333333,1,20,5.0,Low
CUST07106,7,4354.92,622.1314285714286,0,10,2.857142857142857,Low
CUST07107,9,13147.77,1460.8633333333335,1,10,3.3333333333333335,Low
CUST07108,7,38433.61,5490.515714285714,0,10,1.4285714285714286,Low
CUST07109,14,181380.77,12955.769285714285,0,10,1.4285714285714286,Low
CUST07110,12,60925.68,5077.14,0,10,1.6666666666666667,Low
CUST07111,16,58311.72,3644.4825,0,10,1.875,Low
CUST07112,10,73198.62,7319.861999999999,0,10,1.0,Low
CUST07113,10,18132.79,1813.279,0,10,6.0,Low
CUST07114,10,7375.71,737.571,0,10,4.0,Low
CUST07115,11,13168.48,1197.1345454545453,0,10,0.9090909090909091,Low
CUST07116,13,64510.200000000004,4962.323076923078,2,20,4.615384615384615,Low
CUST07117,8,2448.29,306.03625,0,10,3.75,Low
CUST07118,10,1969.32,196.932,0,10,2.0,Low
CUST07119,10,28606.52,2860.652,0,10,2.0,Low
CUST07120,16,286107.42,17881.71375,1,20,1.875,Low
CUST07121,5,94047.12,18809.424,0,10,4.0,Low
CUST07122,11,342925.17000000004,31175.015454545457,0,10,3.6363636363636362,Low
CUST07123,8,7028.639999999999,878.5799999999999,0,10,1.25,Low
CUST07124,11,117785.44,10707.767272727273,0,10,2.727272727272727,Low
CUST07125,12,8359.22,696.6016666666666,0,10,0.8333333333333334,Low
CUST07126,15,14389.3,959.2866666666666,0,10,1.3333333333333333,Low
CUST07127,18,95190.01,5288.333888888888,0,10,1.6666666666666667,Low
CUST07128,2,1173.81,586.905,0,0,0.0,Low
CUST07129,5,62187.87,12437.574,0,10,4.0,Low
CUST07130,10,1904.2,190.42000000000002,1,30,5.0,Low
CUST07131,9,111488.98999999999,12387.665555555555,1,15,2.7777777777777777,Low
CUST07132,12,444644.14,37053.67833333334,0,10,0.8333333333333334,Low
CUST07133,13,337349.74,25949.98,1,10,4.615384615384615,Low
CUST07134,14,607510.59,43393.61357142857,1,20,3.5714285714285716,Low
CUST07135,5,3838.27,767.654,0,10,4.0,Low
CUST07136,10,45891.49,4589.148999999999,0,10,2.0,Low
CUST07137,11,40535.7,3685.0636363636363,1,10,2.727272727272727,Low
CUST07138,12,4296.900000000001,358.07500000000005,1,20,3.3333333333333335,Low
CUST07139,9,30968.56,3440.9511111111115,0,10,2.2222222222222223,Low
CUST07140,11,3278.75,298.0681818181818,0,0,0.0,Low
CUST07141,10,21362.72,2136.272,1,30,5.0,Low
CUST07142,7,4623.73,660.5328571428571,0,10,2.857142857142857,Low
CUST07143,13,27548.54,2119.118461538462,1,10,3.076923076923077,Low
CUST07144,11,271488.45,24680.768181818185,1,10,1.8181818181818181,Low
CUST07145,11,7648.74,695.34,0,10,2.727272727272727,Low
CUST07146,12,4767.89,397.3241666666667,0,10,3.3333333333333335,Low
CUST07147,6,4050.9599999999996,675.16,0,0,0.0,Low
CUST07148,10,68711.16,6871.116,0,10,4.0,Low
CUST07149,12,184958.22,15413.185,0,10,0.8333333333333334,Low
CUST07150,12,22162.030000000002,1846.8358333333335,0,10,3.3333333333333335,Low
CUST07151,5,15661.7,3132.34,0,10,2.0,Low
CUST07152,9,11282.89,1253.6544444444444,0,10,5.555555555555555,Low
CUST07153,10,97911.8,9791.18,0,10,2.0,Low
CUST07154,12,4548.93,379.07750000000004,1,20,3.3333333333333335,Low
CUST07155,5,5803.92,1160.784,0,10,2.0,Low
CUST07156,7,1816.8000000000002,259.54285714285714,0,10,1.4285714285714286,Low
CUST07157,14,3096.08,221.14857142857142,1,10,2.857142857142857,Low
CUST07158,4,5177.84,1294.46,0,0,0.0,Low
CUST07159,4,4315.28,1078.82,0,0,0.0,Low
CUST07160,8,9421.52,1177.69,0,10,3.75,Low
CUST07161,8,20913.2,2614.15,0,10,1.25,Low
CUST07162,13,98557.73,7581.363846153846,0,10,2.3076923076923075,Low
CUST07163,10,78924.01,7892.401,0,10,3.0,Low
CUST07164,10,1767.2,176.72,0,10,3.0,Low
CUST07165,5,11121.2,2224.2400000000002,0,10,2.0,Low
CUST07166,7,3583.57,511.93857142857144,0,10,1.4285714285714286,Low
CUST07167,14,60901.5,4350.107142857143,1,10,2.142857142857143,Low
CUST07168,9,17729.07,1969.8966666666665,1,20,6.666666666666667,Low
CUST07169,9,16454.18,1828.2422222222222,1,20,3.3333333333333335,Low
CUST07170,16,151058.62,9441.16375,0,10,2.5,Low
CUST07171,16,67084.06,4192.75375,2,15,3.125,Low
CUST07172,12,41668.62,3472.385,0,10,1.6666666666666667,Low
CUST07173,7,308537.81,44076.83,0,20,4.285714285714286,Low
CUST07174,13,9554.630000000001,734.9715384615386,1,30,5.384615384615385,Low
CUST07175,17,102010.56999999999,6000.621764705882,0,10,1.7647058823529411,Low
CUST07176,10,17636.02,1763.602,0,10,3.0,Low
CUST07177,6,87735.12000000001,14622.520000000002,0,10,5.0,Low
CUST07178,3,18032.07,6010.69,0,10,3.3333333333333335,Low
CUST07179,15,129201.91,8613.460666666668,3,20,3.3333333333333335,Low
CUST07180,13,15430.68,1186.9753846153847,0,10,3.8461538461538463,Low
CUST07181,12,44123.67,3676.9725,0,10,0.8333333333333334,Low
CUST07182,11,1107.0,100.63636363636364,0,10,1.8181818181818181,Low
CUST07183,4,62495.119999999995,15623.779999999999,1,30,7.5,Low
CUST07184,7,9425.33,1346.4757142857143,0,10,1.4285714285714286,Low
CUST07185,13,189002.94,14538.687692307692,0,10,3.076923076923077,Low
CUST07186,9,100822.24,11202.471111111112,0,10,3.3333333333333335,Low
CUST07187,8,3981.17,497.64625,0,10,2.5,Low
CUST07188,10,174513.03,17451.303,1,10,4.0,Low
CUST07189,13,63569.14,4889.933846153846,0,10,2.3076923076923075,Low
CUST07190,4,6697.88,1674.47,0,10,2.5,Low
CUST07191,11,66114.98999999999,6010.453636363635,0,10,1.8181818181818181,Low
CUST07192,10,21566.34,2156.634,3,75,12.5,High
CUST07193,7,11208.96,1601.28,0,10,1.4285714285714286,Low
CUST07194,10,3481.13,348.113,0,10,3.0,Low
CUST07195,3,2332.36,777.4533333333334,0,10,3.3333333333333335,Low
CUST07196,9,104269.04,11585.448888888888,0,10,2.2222222222222223,Low
CUST07197,12,411728.67,34310.722499999996,0,10,3.3333333333333335,Low
CUST07198,13,112965.59,8689.66076923077,1,10,0.7692307692307693,Low
CUST07199,17,51058.56,3003.444705882353,0,10,3.5294117647058822,Low
CUST07200,12,25595.9,2132.991666666667,1,30,5.833333333333333,Low
CUST07201,6,14978.1,2496.35,0,10,1.6666666666666667,Low
CUST07202,7,13158.960000000001,1879.8514285714286,1,10,1.4285714285714286,Low
CUST07203,10,75965.68,7596.567999999999,0,10,6.0,Low
CUST07204,9,70987.0,7887.444444444444,1,10,4.444444444444445,Low
CUST07205,3,3764.91,1254.97,0,0,0.0,Low
CUST07206,7,8893.8,1270.542857142857,0,10,2.857142857142857,Low
CUST07207,10,19005.920000000002,1900.592,0,10,4.0,Low
CUST07208,7,26910.92,3844.4171428571426,0,10,1.4285714285714286,Low
CUST07209,12,25618.809999999998,2134.900833333333,0,10,2.5,Low
CUST07210,10,10998.05,1099.8049999999998,0,10,2.0,Low
CUST07211,5,6379.31,1275.862,0,0,0.0,Low
CUST07212,10,3395.4,339.54,0,10,1.0,Low
CUST07213,4,13259.130000000001,3314.7825000000003,0,10,2.5,Low
CUST07214,9,8297.0,921.8888888888889,0,10,2.2222222222222223,Low
CUST07215,9,219233.91999999998,24359.324444444443,1,25,5.0,Low
CUST07216,8,3617.92,452.24,1,20,5.0,Low
CUST07217,9,12324.119999999999,1369.3466666666666,0,10,2.2222222222222223,Low
CUST07218,10,8577.69,857.769,1,30,6.0,Low
CUST07219,10,66746.38,6674.638000000001,1,10,2.0,Low
CUST07220,11,30755.09,2795.9172727272726,0,10,2.727272727272727,Low
CUST07221,6,1792.2,298.7,0,0,0.0,Low
CUST07222,8,9527.24,1190.905,0,10,2.5,Low
CUST07223,12,42473.01,3539.4175,1,30,7.5,Low
CUST07224,9,202929.78999999998,22547.754444444443,0,0,0.0,Low
CUST07225,14,28869.39,2062.0992857142855,0,10,2.857142857142857,Low
CUST07226,9,4017.1,446.34444444444443,0,10,2.2222222222222223,Low
CUST07227,7,65359.23,9337.032857142858,0,10,1.4285714285714286,Low
CUST07228,6,5444.719999999999,907.4533333333333,1,10,3.3333333333333335,Low
CUST07229,9,36202.99,4022.554444444444,0,10,1.1111111111111112,Low
CUST07230,9,7832.2,870.2444444444444,0,10,3.3333333333333335,Low
CUST07231,12,52667.68,4388.973333333333,2,20,4.166666666666667,Low
CUST07232,13,221992.31,17076.331538461538,0,10,2.3076923076923075,Low
CUST07233,10,11510.24,1151.024,2,20,4.0,Low
CUST07234,10,8342.85,834.2850000000001,1,20,4.0,Low
CUST07235,11,117749.32,10704.483636363637,0,10,3.6363636363636362,Low
CUST07236,6,9591.43,1598.5716666666667,0,10,1.6666666666666667,Low
CUST07237,12,38242.91,3186.909166666667,0,10,0.8333333333333334,Low
CUST07238,10,18648.19,1864.819,0,10,3.0,Low
CUST07239,13,10417.99,801.3838461538461,0,10,2.3076923076923075,Low
CUST07240,16,17107.14,1069.19625,0,10,2.5,Low
CUST07241,14,110942.20999999999,7924.443571428571,0,10,3.5714285714285716,Low
CUST07242,10,136670.52,13667.052,0,10,3.0,Low
CUST07243,11,25433.45,2312.1318181818183,0,10,1.8181818181818181,Low
CUST07244,14,301526.85,21537.632142857143,1,20,4.285714285714286,Low
CUST07245,10,11979.03,1197.903,0,10,5.0,Low
CUST07246,14,56171.0,4012.214285714286,1,10,2.142857142857143,Low
CUST07247,11,7699.09,699.9172727272727,0,10,2.727272727272727,Low
CUST07248,9,4808.0599999999995,534.2288888888888,0,10,4.444444444444445,Low
CUST07249,13,135875.66,10451.973846153847,2,20,3.8461538461538463,Low
CUST07250,8,10376.19,1297.02375,0,10,5.0,Low
CUST07251,12,14259.01,1188.2508333333333,0,10,2.5,Low
CUST07252,10,17170.8,1717.08,0,10,1.0,Low
CUST07253,5,4593.16,918.632,0,10,4.0,Low
CUST07254,11,91432.28,8312.025454545454,0,10,0.9090909090909091,Low
CUST07255,13,22703.04,1746.3876923076923,0,10,2.3076923076923075,Low
CUST07256,12,35678.27,2973.1891666666666,1,10,5.0,Low
CUST07257,8,4064.81,508.10125,0,10,1.25,Low
CUST07258,13,505620.51,38893.88538461539,0,10,1.5384615384615385,Low
CUST07259,8,144567.49,18070.93625,0,10,2.5,Low
CUST07260,10,14213.2,1421.3200000000002,0,10,2.0,Low
CUST07261,13,18943.899999999998,1457.2230769230769,0,10,1.5384615384615385,Low
CUST07262,10,141978.84,14197.884,0,10,3.0,Low
CUST07263,8,18456.43,2307.05375,0,10,2.5,Low
CUST07264,10,155974.72,15597.472,0,10,3.0,Low
CUST07265,13,36633.69,2817.976153846154,0,10,3.076923076923077,Low
CUST07266,5,70995.65,14199.13,0,10,4.0,Low
CUST07267,9,10625.48,1180.608888888889,0,10,2.2222222222222223,Low
CUST07268,11,56024.01,5093.091818181819,0,10,1.8181818181818181,Low
CUST07269,10,122844.94,12284.494,0,10,1.0,Low
CUST07270,12,49447.54,4120.628333333333,0,10,4.166666666666667,Low
CUST07271,12,25306.27,2108.8558333333335,1,20,4.166666666666667,Low
CUST07272,16,61106.85999999999,3819.1787499999996,5,75,8.4375,High
CUST07273,13,85926.98,6609.767692307692,0,10,2.3076923076923075,Low
CUST07274,8,2207.99,275.99875,0,10,5.0,Low
CUST07275,6,27186.59,4531.098333333333,0,0,0.0,Low
CUST07276,13,28728.23,2209.863846153846,1,20,3.076923076923077,Low
CUST07277,5,26431.809999999998,5286.361999999999,3,75,25.0,High
CUST07278,10,203046.09,20304.609,0,10,2.0,Low
CUST07279,20,24953.56,1247.678,0,10,1.5,Low
CUST07280,4,854.61,213.6525,0,0,0.0,Low
CUST07281,7,1425.81,203.68714285714285,0,10,1.4285714285714286,Low
CUST07282,12,12374.02,1031.1683333333333,1,20,4.166666666666667,Low
CUST07283,14,133414.44,9529.602857142858,0,10,3.5714285714285716,Low
CUST07284,20,94005.51,4700.2755,1,10,2.0,Low
CUST07285,7,77779.72,11111.388571428572,1,20,4.285714285714286,Low
CUST07286,9,16730.53,1858.9477777777777,1,10,3.3333333333333335,Low
CUST07287,9,64713.47,7190.385555555556,1,10,1.1111111111111112,Low
CUST07288,7,2940.59,420.0842857142857,0,10,5.714285714285714,Low
CUST07289,9,13152.83,1461.4255555555555,0,10,4.444444444444445,Low
CUST07290,5,10414.21,2082.8419999999996,0,0,0.0,Low
CUST07291,9,101610.16,11290.017777777779,0,10,2.2222222222222223,Low
CUST07292,8,55184.75,6898.09375,1,20,5.0,Low
CUST07293,10,16556.079999999998,1655.6079999999997,0,10,2.0,Low
CUST07294,14,365738.68,26124.191428571427,0,10,2.142857142857143,Low
CUST07295,14,353154.98,25225.355714285713,0,20,3.5714285714285716,Low
CUST07296,11,4414.47,401.31545454545454,1,10,3.6363636363636362,Low
CUST07297,7,21673.33,3096.19,0,10,1.4285714285714286,Low
CUST07298,10,25942.29,2594.2290000000003,0,10,2.0,Low
CUST07299,6,284016.12,47336.02,0,10,3.3333333333333335,Low
CUST07300,6,1114.95,185.82500000000002,0,10,3.3333333333333335,Low
CUST07301,9,23738.22,2637.58,0,10,3.3333333333333335,Low
CUST07302,8,5025.87,628.23375,1,10,5.0,Low
CUST07303,10,22383.38,2238.338,1,10,2.0,Low
CUST07304,12,22269.56,1855.7966666666669,0,10,3.3333333333333335,Low
CUST07305,7,12994.03,1856.2900000000002,1,10,1.4285714285714286,Low
CUST07306,11,62915.020000000004,5719.547272727273,1,10,1.8181818181818181,Low
CUST07307,7,16388.52,2341.217142857143,0,10,4.285714285714286,Low
CUST07308,6,4367.88,727.98,0,10,1.6666666666666667,Low
CUST07309,4,183355.04,45838.76,0,20,7.5,Low
CUST07310,7,48187.44,6883.92,0,10,4.285714285714286,Low
CUST07311,11,49325.65,4484.150000000001,0,0,0.0,Low
CUST07312,11,31297.18,2845.1981818181816,0,10,2.727272727272727,Low
CUST07313,14,6489.610000000001,463.54357142857145,0,10,1.4285714285714286,Low
CUST07314,9,111715.95,12412.883333333333,0,10,2.2222222222222223,Low
CUST07315,7,24981.77,3568.824285714286,0,10,4.285714285714286,Low
CUST07316,8,1790.76,223.845,1,20,3.75,Low
CUST07317,5,39328.96,7865.7919999999995,0,0,0.0,Low
CUST07318,4,157684.58000000002,39421.145000000004,0,0,0.0,Low
CUST07319,8,9804.85,1225.60625,0,10,2.5,Low
CUST07320,5,4720.07,944.0139999999999,0,10,4.0,Low
CUST07321,13,49573.79,3813.368461538462,0,10,3.8461538461538463,Low
CUST07322,7,1711.71,244.53,0,10,2.857142857142857,Low
CUST07323,11,6149.27,559.0245454545455,0,10,1.8181818181818181,Low
CUST07324,10,5438.12,543.812,1,10,4.0,Low
CUST07325,6,54698.28,9116.38,0,10,3.3333333333333335,Low
CUST07326,10,6248.92,624.892,0,10,1.0,Low
CUST07327,6,4569.63,761.605,0,10,3.3333333333333335,Low
CUST07328,11,19726.23,1793.2936363636363,0,0,0.0,Low
CUST07329,9,10376.21,1152.9122222222222,0,10,1.1111111111111112,Low
CUST07330,12,49329.19,4110.765833333334,3,85,14.583333333333334,High
CUST07331,10,143540.72999999998,14354.072999999999,0,10,4.0,Low
CUST07332,14,11774.1,841.0071428571429,2,10,2.857142857142857,Low
CUST07333,7,50274.62,7182.088571428571,0,10,1.4285714285714286,Low
CUST07334,15,14894.5,992.9666666666667,0,10,1.3333333333333333,Low
CUST07335,11,79791.99,7253.817272727273,0,10,2.727272727272727,Low
CUST07336,8,110644.22,13830.5275,0,0,0.0,Low
CUST07337,10,1899.3300000000002,189.93300000000002,0,10,3.0,Low
CUST07338,5,1328.6799999999998,265.736,0,10,6.0,Low
CUST07339,6,202014.78,33669.13,0,10,1.6666666666666667,Low
CUST07340,12,6453.05,537.7541666666667,0,10,0.8333333333333334,Low
CUST07341,4,3364.23,841.0575,0,10,2.5,Low
CUST07342,14,17712.89,1265.2064285714284,0,10,5.0,Low
CUST07343,13,140542.52,10810.963076923075,0,10,1.5384615384615385,Low
CUST07344,10,12573.35,1257.335,0,10,2.0,Low
CUST07345,11,2001.05,181.91363636363636,0,10,2.727272727272727,Low
CUST07346,10,26529.13,2652.913,1,20,5.0,Low
CUST07347,5,1551.59,310.318,0,10,4.0,Low
CUST07348,9,5860.530000000001,651.1700000000001,0,10,3.3333333333333335,Low
CUST07349,8,8388.6,1048.575,1,30,3.75,Low
CUST07350,13,27504.54,2115.733846153846,0,10,1.5384615384615385,Low
CUST07351,12,59400.14,4950.011666666666,4,85,11.25,High
CUST07352,10,50150.56,5015.056,1,30,5.0,Low
CUST07353,13,57151.72,4396.286153846154,1,10,1.5384615384615385,Low
CUST07354,9,10437.23,1159.6922222222222,0,10,4.444444444444445,Low
CUST07355,8,9375.220000000001,1171.9025000000001,0,10,2.5,Low
CUST07356,4,7032.78,1758.195,0,10,2.5,Low
CUST07357,14,5174.67,369.6192857142857,0,10,1.4285714285714286,Low
CUST07358,11,6084.07,553.0972727272728,0,10,1.8181818181818181,Low
CUST07359,9,5305.37,589.4855555555555,0,10,3.3333333333333335,Low
CUST07360,10,13607.49,1360.749,0,10,6.0,Low
CUST07361,9,180681.59,20075.73222222222,0,10,1.1111111111111112,Low
CUST07362,15,233734.68,15582.312,0,10,3.3333333333333335,Low
CUST07363,16,70354.53,4397.158125,3,75,10.3125,High
CUST07364,12,47436.130000000005,3953.0108333333337,0,10,2.5,Low
CUST07365,5,3055.04,611.008,1,10,6.0,Low
CUST07366,9,8884.85,987.2055555555556,0,10,1.1111111111111112,Low
CUST07367,8,80774.33,10096.79125,0,10,3.75,Low
CUST07368,12,64672.94,5389.411666666667,0,10,3.3333333333333335,Low
CUST07369,6,25544.04,4257.34,1,15,2.5,Low
CUST07370,10,61942.26,6194.226000000001,0,10,1.0,Low
CUST07371,11,5078.08,461.64363636363635,1,30,6.363636363636363,Low
CUST07372,11,70696.55,6426.959090909091,0,10,0.9090909090909091,Low
CUST07373,6,1925.11,320.85166666666663,0,0,0.0,Low
CUST07374,9,4748.91,527.6566666666666,0,10,3.3333333333333335,Low
CUST07375,14,95726.61,6837.615,0,10,2.857142857142857,Low
CUST07376,8,7029.2,878.65,1,20,2.5,Low
CUST07377,10,5430.59,543.059,0,10,2.0,Low
CUST07378,11,129060.59,11732.780909090909,0,10,2.727272727272727,Low
CUST07379,7,208586.63,29798.09,0,10,4.285714285714286,Low
CUST07380,12,44985.22,3748.7683333333334,0,10,2.5,Low
CUST07381,18,10956.93,608.7183333333334,0,10,2.2222222222222223,Low
CUST07382,13,16831.98,1294.7676923076922,1,10,1.5384615384615385,Low
CUST07383,9,105848.17,11760.907777777778,1,10,2.2222222222222223,Low
CUST07384,11,118704.18,10791.289090909091,0,10,3.6363636363636362,Low
CUST07385,8,101843.29,12730.41125,0,10,2.5,Low
CUST07386,13,9171.07,705.4669230769231,0,10,1.5384615384615385,Low
CUST07387,10,35449.9,3544.9900000000002,0,10,1.0,Low
CUST07388,7,351891.67,50270.23857142857,0,10,2.857142857142857,Low
CUST07389,10,24395.63,2439.563,0,10,2.0,Low
CUST07390,5,3030.47,606.0939999999999,0,0,0.0,Low
CUST07391,11,12317.05,1119.7318181818182,0,10,1.8181818181818181,Low
CUST07392,11,56996.73,5181.520909090909,0,10,3.6363636363636362,Low
CUST07393,8,465937.27,58242.15875,0,10,2.5,Low
CUST07394,13,4589.15,353.0115384615384,0,10,3.076923076923077,Low
CUST07395,7,2527.95,361.13571428571424,0,0,0.0,Low
CUST07396,19,436545.6,22976.084210526315,0,10,3.1578947368421053,Low
CUST07397,10,46634.29,4663.429,0,10,3.0,Low
CUST07398,14,21445.72,1531.837142857143,0,10,0.7142857142857143,Low
CUST07399,9,22360.91,2484.5455555555554,0,10,3.3333333333333335,Low
CUST07400,10,12678.380000000001,1267.8380000000002,0,10,1.0,Low
CUST07401,11,12765.349999999999,1160.4863636363634,0,10,0.9090909090909091,Low
CUST07402,13,27693.02,2130.2323076923076,0,10,3.076923076923077,Low
CUST07403,5,17418.300000000003,3483.6600000000008,0,10,4.0,Low
CUST07404,10,156668.42,15666.842,0,10,3.0,Low
CUST07405,14,20112.34,1436.5957142857144,1,10,2.857142857142857,Low
CUST07406,10,21717.27,2171.727,1,15,5.5,Low
CUST07407,4,51885.44,12971.36,0,10,5.0,Low
CUST07408,11,60415.39,5492.308181818182,1,10,2.727272727272727,Low
CUST07409,10,24644.77,2464.477,0,10,2.0,Low
CUST07410,10,2220.34,222.03400000000002,0,10,2.0,Low
CUST07411,7,50917.68,7273.954285714286,1,10,4.285714285714286,Low
CUST07412,7,32519.64,4645.662857142857,0,10,1.4285714285714286,Low
CUST07413,8,270698.66,33837.3325,0,10,2.5,Low
CUST07414,14,16014.96,1143.9257142857143,1,15,3.9285714285714284,Low
CUST07415,9,18433.41,2048.1566666666668,0,10,3.3333333333333335,Low
CUST07416,10,127362.99,12736.299,0,10,2.0,Low
CUST07417,6,80611.15,13435.191666666666,0,10,1.6666666666666667,Low
CUST07418,11,40221.03,3656.4572727272725,0,10,7.2727272727272725,Low
CUST07419,9,31276.61,3475.178888888889,1,30,5.555555555555555,Low
CUST07420,12,10013.5,834.4583333333334,0,10,2.5,Low
CUST07421,12,29391.63,2449.3025000000002,1,30,5.833333333333333,Low
CUST07422,10,26295.65,2629.565,0,10,3.0,Low
CUST07423,7,15481.24,2211.6057142857144,0,10,2.857142857142857,Low
CUST07424,10,149909.66999999998,14990.966999999999,1,20,4.0,Low
CUST07425,11,5920.12,538.1927272727272,0,10,3.6363636363636362,Low
CUST07426,7,25529.92,3647.1314285714284,0,10,4.285714285714286,Low
CUST07427,8,132343.82,16542.9775,0,10,2.5,Low
CUST07428,13,102514.2,7885.707692307692,0,0,0.0,Low
CUST07429,9,10856.18,1206.2422222222222,0,10,3.3333333333333335,Low
CUST07430,10,80707.42,8070.742,1,10,4.0,Low
CUST07431,13,57093.28999999999,4391.791538461538,2,30,3.076923076923077,Low
CUST07432,10,3614.11,361.411,0,0,0.0,Low
CUST07433,13,5599.7,430.74615384615385,0,10,0.7692307692307693,Low
CUST07434,8,7788.09,973.51125,0,0,0.0,Low
CUST07435,16,58475.200000000004,3654.7000000000003,1,10,1.875,Low
CUST07436,14,25336.79,1809.7707142857143,1,10,2.857142857142857,Low
CUST07437,12,30524.95,2543.7458333333334,1,10,3.3333333333333335,Low
CUST07438,9,6797.82,755.3133333333333,1,10,3.3333333333333335,Low
CUST07439,12,52883.93,4406.994166666666,0,10,0.8333333333333334,Low
CUST07440,9,166019.99,18446.665555555555,1,20,5.555555555555555,Low
CUST07441,9,37706.92,4189.6577777777775,0,10,1.1111111111111112,Low
CUST07442,5,71243.78,14248.756,0,10,2.0,Low
CUST07443,8,6814.75,851.84375,0,10,1.25,Low
CUST07444,8,17489.42,2186.1775,0,10,3.75,Low
CUST07445,8,74556.37,9319.54625,1,0,0.0,Low
CUST07446,9,193407.53999999998,21489.726666666666,0,10,4.444444444444445,Low
CUST07447,10,14990.66,1499.066,0,10,5.0,Low
CUST07448,12,17134.76,1427.8966666666665,0,10,3.3333333333333335,Low
CUST07449,12,14250.42,1187.535,0,10,1.6666666666666667,Low
CUST07450,7,55381.03,7911.575714285714,2,30,7.142857142857143,Low
CUST07451,8,26083.010000000002,3260.3762500000003,0,10,2.5,Low
CUST07452,7,1283.69,183.3842857142857,0,0,0.0,Low
CUST07453,10,123189.58,12318.958,0,0,0.0,Low
CUST07454,11,27651.77,2513.7972727272727,0,10,2.727272727272727,Low
CUST07455,11,13674.36,1243.1236363636365,1,30,5.454545454545454,Low
CUST07456,15,559337.36,37289.15733333333,0,20,6.666666666666667,Low
CUST07457,14,79944.81,5710.3435714285715,1,10,1.4285714285714286,Low
CUST07458,18,15712.12,872.8955555555556,0,10,1.1111111111111112,Low
CUST07459,16,17492.02,1093.25125,1,30,4.375,Low
CUST07460,7,3169.49,452.78428571428566,0,10,2.857142857142857,Low
CUST07461,11,64759.229999999996,5887.202727272727,3,75,14.090909090909092,High
CUST07462,9,11283.5,1253.7222222222222,0,10,3.3333333333333335,Low
CUST07463,10,20385.89,2038.589,0,10,2.0,Low
CUST07464,6,22753.68,3792.28,0,10,5.0,Low
CUST07465,10,53454.88,5345.487999999999,0,10,1.0,Low
CUST07466,16,17866.84,1116.6775,1,20,3.125,Low
CUST07467,11,12590.869999999999,1144.6245454545453,0,10,2.727272727272727,Low
CUST07468,7,7408.57,1058.3671428571429,0,0,0.0,Low
CUST07469,6,4556.96,759.4933333333333,0,0,0.0,Low
CUST07470,11,52809.64,4800.876363636364,0,10,2.727272727272727,Low
CUST07471,5,1527.23,305.446,0,10,2.0,Low
CUST07472,13,326284.02,25098.77076923077,2,25,5.0,Low
CUST07473,9,20218.81,2246.5344444444445,0,10,3.3333333333333335,Low
CUST07474,8,78590.59,9823.82375,0,10,3.75,Low
CUST07475,4,4487.1,1121.775,0,10,2.5,Low
CUST07476,7,47958.76,6851.251428571429,0,10,5.714285714285714,Low
CUST07477,14,24094.670000000002,1721.0478571428573,0,10,1.4285714285714286,Low
CUST07478,9,10318.34,1146.4822222222222,0,10,2.2222222222222223,Low
CUST07479,14,11876.92,848.3514285714285,0,10,3.5714285714285716,Low
CUST07480,9,17753.829999999998,1972.6477777777775,0,10,1.1111111111111112,Low
CUST07481,13,270005.01,20769.616153846153,1,10,3.076923076923077,Low
CUST07482,6,8655.4,1442.5666666666666,0,10,3.3333333333333335,Low
CUST07483,10,79655.16,7965.5160000000005,1,10,4.0,Low
CUST07484,10,636406.0,63640.6,0,10,1.0,Low
CUST07485,9,13019.8,1446.6444444444444,0,10,3.3333333333333335,Low
CUST07486,8,14374.07,1796.75875,0,10,3.75,Low
CUST07487,13,24124.87,1855.7592307692307,0,10,0.7692307692307693,Low
CUST07488,14,107339.45999999999,7667.104285714285,0,10,3.5714285714285716,Low
CUST07489,9,4049.91,449.99,0,10,3.3333333333333335,Low
CUST07490,14,19573.15,1398.082142857143,0,10,1.4285714285714286,Low
CUST07491,11,15803.2,1436.6545454545455,0,10,2.727272727272727,Low
CUST07492,6,17090.55,2848.4249999999997,0,10,1.6666666666666667,Low
CUST07493,13,34182.5,2629.423076923077,0,0,0.0,Low
CUST07494,5,1691.84,338.368,0,10,2.0,Low
CUST07495,13,9728.63,748.3561538461538,0,10,0.7692307692307693,Low
CUST07496,9,12524.47,1391.6077777777778,0,0,0.0,Low
CUST07497,7,4386.38,626.6257142857143,0,10,2.857142857142857,Low
CUST07498,10,3099.32,309.932,0,10,1.0,Low
CUST07499,10,16416.28,1641.628,0,0,0.0,Low
CUST07500,7,11254.54,1607.7914285714287,0,0,0.0,Low
CUST07501,10,6861.97,686.197,0,10,4.0,Low
CUST07502,9,141184.8,15687.199999999999,0,0,0.0,Low
CUST07503,12,176643.51,14720.292500000001,0,10,3.3333333333333335,Low
CUST07504,7,39875.33,5696.475714285714,0,10,2.857142857142857,Low
CUST07505,10,68000.77,6800.077,0,0,0.0,Low
CUST07506,16,82379.54,5148.72125,0,10,2.5,Low
CUST07507,11,29275.72,2661.429090909091,0,10,0.9090909090909091,Low
CUST07508,8,2851.29,356.41125,0,0,0.0,Low
CUST07509,16,84307.62,5269.22625,1,10,0.625,Low
CUST07510,13,56820.95,4370.842307692307,0,10,3.8461538461538463,Low
CUST07511,9,31218.75,3468.75,1,20,3.3333333333333335,Low
CUST07512,7,95159.16,13594.165714285715,0,10,1.4285714285714286,Low
CUST07513,9,16616.79,1846.3100000000002,0,10,3.3333333333333335,Low
CUST07514,8,47123.35,5890.41875,0,10,5.0,Low
CUST07515,13,6587.56,506.73538461538465,1,10,2.3076923076923075,Low
CUST07516,17,218939.56,12878.797647058824,1,10,4.705882352941177,Low
CUST07517,10,4576.2,457.62,0,10,4.0,Low
CUST07518,4,1647.04,411.76,0,10,2.5,Low
CUST07519,7,79537.1,11362.442857142858,0,10,1.4285714285714286,Low
CUST07520,5,7081.42,1416.284,0,10,2.0,Low
CUST07521,10,101324.36,10132.436,0,0,0.0,Low
CUST07522,8,223475.39,27934.42375,0,10,1.25,Low
CUST07523,7,11481.970000000001,1640.2814285714287,0,10,4.285714285714286,Low
CUST07524,9,144465.32,16051.702222222222,0,10,3.3333333333333335,Low
CUST07525,10,11086.61,1108.661,1,10,5.0,Low
CUST07526,8,137553.97,17194.24625,1,20,3.75,Low
CUST07527,11,209176.72,19016.065454545456,0,10,4.545454545454546,Low
CUST07528,16,28769.49,1798.093125,0,10,3.125,Low
CUST07529,9,4393.0,488.1111111111111,0,10,3.3333333333333335,Low
CUST07530,9,11845.53,1316.17,0,10,4.444444444444445,Low
CUST07531,9,56611.729999999996,6290.192222222222,0,10,5.555555555555555,Low
CUST07532,5,8144.7,1628.94,0,0,0.0,Low
CUST07533,11,18908.239999999998,1718.930909090909,1,30,6.363636363636363,Low
CUST07534,11,397429.91,36129.991818181814,1,10,2.727272727272727,Low
CUST07535,8,4635.55,579.44375,0,10,2.5,Low
CUST07536,8,9365.91,1170.73875,0,10,2.5,Low
CUST07537,6,2541.15,423.52500000000003,0,10,1.6666666666666667,Low
CUST07538,7,74408.18,10629.74,0,10,4.285714285714286,Low
CUST07539,10,46101.35,4610.135,0,10,2.0,Low
CUST07540,12,343170.17000000004,28597.51416666667,0,10,4.166666666666667,Low
CUST07541,7,8276.43,1182.347142857143,0,10,1.4285714285714286,Low
CUST07542,11,102561.49,9323.771818181818,2,10,2.727272727272727,Low
CUST07543,11,3668.0899999999997,333.46272727272725,0,10,3.6363636363636362,Low
CUST07544,9,32452.58,3605.8422222222225,0,10,2.2222222222222223,Low
CUST07545,10,65905.31,6590.531,1,10,1.0,Low
CUST07546,16,9101.27,568.829375,0,10,2.5,Low
CUST07547,10,2897.84,289.784,0,10,2.0,Low
CUST07548,12,610778.89,50898.24083333334,3,85,15.416666666666666,High
CUST07549,9,18169.65,2018.8500000000001,0,10,3.3333333333333335,Low
CUST07550,10,35777.5,3577.75,0,10,2.0,Low
CUST07551,11,22910.23,2082.748181818182,0,10,3.6363636363636362,Low
CUST07552,14,12988.81,927.7721428571429,0,10,2.142857142857143,Low
CUST07553,11,167266.87,15206.07909090909,0,10,2.727272727272727,Low
CUST07554,9,257192.89,28576.98777777778,0,10,2.2222222222222223,Low
CUST07555,11,19275.28,1752.2981818181818,0,10,2.727272727272727,Low
CUST07556,9,60394.439999999995,6710.493333333333,0,10,2.2222222222222223,Low
CUST07557,8,54446.55,6805.81875,1,10,2.5,Low
CUST07558,9,15503.220000000001,1722.5800000000002,0,10,2.2222222222222223,Low
CUST07559,13,92807.6,7139.046153846154,1,20,3.076923076923077,Low
CUST07560,12,81225.8,6768.816666666667,1,10,1.6666666666666667,Low
CUST07561,10,59698.420000000006,5969.842000000001,1,10,4.0,Low
CUST07562,9,1018.64,113.18222222222222,2,20,8.88888888888889,Low
CUST07563,14,51444.78,3674.6271428571426,1,10,1.4285714285714286,Low
CUST07564,4,14690.29,3672.5725,0,10,7.5,Low
CUST07565,10,10891.7,1089.17,0,10,1.0,Low
CUST07566,8,2531.29,316.41125,0,10,1.25,Low
CUST07567,16,67222.16,4201.385,1,10,3.75,Low
CUST07568,8,12115.529999999999,1514.4412499999999,0,0,0.0,Low
CUST07569,15,98352.41,6556.827333333334,1,10,2.0,Low
CUST07570,12,26488.44,2207.37,0,10,2.5,Low
CUST07571,12,5174.4400000000005,431.2033333333334,2,15,4.583333333333333,Low
CUST07572,11,63715.75,5792.340909090909,0,10,2.727272727272727,Low
CUST07573,11,2048.8,186.25454545454548,0,10,2.727272727272727,Low
CUST07574,11,419159.19,38105.38090909091,1,15,1.3636363636363635,Low
CUST07575,7,3268.13,466.8757142857143,1,10,2.857142857142857,Low
CUST07576,11,16103.17,1463.9245454545455,0,10,4.545454545454546,Low
CUST07577,8,15394.14,1924.2675,0,0,0.0,Low
CUST07578,10,80759.61,8075.961,0,10,4.0,Low
CUST07579,13,24929.260000000002,1917.6353846153847,0,10,1.5384615384615385,Low
CUST07580,7,7569.37,1081.3385714285714,0,10,2.857142857142857,Low
CUST07581,10,55649.62,5564.962,0,10,3.0,Low
CUST07582,8,20058.03,2507.25375,0,10,2.5,Low
CUST07583,12,127993.87,10666.155833333332,0,10,2.5,Low
CUST07584,7,6973.69,996.2414285714285,0,10,4.285714285714286,Low
CUST07585,11,14024.98,1274.9981818181818,0,10,7.2727272727272725,Low
CUST07586,12,105401.94,8783.495,2,10,0.8333333333333334,Low
CUST07587,11,22926.82,2084.2563636363634,0,10,1.8181818181818181,Low
CUST07588,16,61682.82,3855.17625,1,10,1.875,Low
CUST07589,15,20525.45,1368.3633333333335,0,10,4.0,Low
CUST07590,11,23328.85,2120.8045454545454,0,10,1.8181818181818181,Low
CUST07591,17,83081.13,4887.125294117647,0,10,2.9411764705882355,Low
CUST07592,12,81405.41,6783.784166666667,1,20,4.166666666666667,Low
CUST07593,13,61312.119999999995,4716.316923076923,3,85,11.153846153846153,High
CUST07594,11,74202.67,6745.697272727272,1,10,1.8181818181818181,Low
CUST07595,11,129177.15000000001,11743.377272727274,0,10,3.6363636363636362,Low
CUST07596,10,491759.24,49175.924,0,10,1.0,Low
CUST07597,13,177262.97,13635.613076923077,0,10,3.8461538461538463,Low
CUST07598,9,420110.3,46678.92222222222,0,10,3.3333333333333335,Low
CUST07599,9,62154.67,6906.074444444444,1,10,1.1111111111111112,Low
CUST07600,11,6003.32,545.7563636363636,0,10,1.8181818181818181,Low
CUST07601,9,8152.24,905.8044444444445,0,10,2.2222222222222223,Low
CUST07602,12,150796.67,12566.389166666668,1,10,0.8333333333333334,Low
CUST07603,8,254918.28,31864.785,1,20,6.25,Low
CUST07604,7,7152.45,1021.7785714285714,0,10,2.857142857142857,Low
CUST07605,15,21771.61,1451.4406666666666,0,10,3.3333333333333335,Low
CUST07606,8,9886.829999999998,1235.8537499999998,0,10,2.5,Low
CUST07607,5,4339.38,867.876,0,10,6.0,Low
CUST07608,7,2888.91,412.70142857142855,0,10,1.4285714285714286,Low
CUST07609,10,13124.39,1312.4389999999999,1,10,2.0,Low
CUST07610,10,5440.8099999999995,544.0809999999999,0,10,2.0,Low
CUST07611,11,8801.67,800.1518181818182,1,15,5.0,Low
CUST07612,10,15002.29,1500.229,0,10,4.0,Low
CUST07613,15,56801.68,3786.7786666666666,4,85,13.333333333333334,High
CUST07614,9,4938.13,548.6811111111111,0,10,4.444444444444445,Low
CUST07615,4,7795.08,1948.77,0,10,7.5,Low
CUST07616,5,150021.19999999998,30004.239999999998,0,0,0.0,Low
CUST07617,10,63942.15,6394.215,0,10,4.0,Low
CUST07618,11,180470.02,16406.365454545452,0,10,2.727272727272727,Low
CUST07619,9,13050.62,1450.068888888889,0,10,1.1111111111111112,Low
CUST07620,18,74442.41,4135.689444444444,1,15,2.5,Low
CUST07621,9,109575.1,12175.011111111111,0,10,3.3333333333333335,Low
CUST07622,9,8553.039999999999,950.3377777777777,0,10,1.1111111111111112,Low
CUST07623,12,109485.49,9123.790833333334,0,10,3.3333333333333335,Low
CUST07624,12,17012.27,1417.6891666666668,0,10,1.6666666666666667,Low
CUST07625,6,1638.1799999999998,273.03,0,10,1.6666666666666667,Low
CUST07626,11,14971.32,1361.0290909090909,0,10,3.6363636363636362,Low
CUST07627,10,113352.07,11335.207,0,10,3.0,Low
CUST07628,14,40410.01,2886.429285714286,0,10,2.142857142857143,Low
CUST07629,14,74808.85,5343.489285714286,2,10,0.7142857142857143,Low
CUST07630,10,24663.05,2466.305,0,10,2.0,Low
CUST07631,8,60646.19,7580.77375,0,10,3.75,Low
CUST07632,10,113229.1,11322.91,0,10,3.0,Low
CUST07633,7,2241.5699999999997,320.22428571428566,0,10,1.4285714285714286,Low
CUST07634,6,5312.200000000001,885.3666666666668,0,10,5.0,Low
CUST07635,11,362255.33,32932.30272727273,0,30,4.545454545454546,Low
CUST07636,12,198347.88,16528.99,0,10,3.3333333333333335,Low
CUST07637,10,46133.05,4613.305,0,10,2.0,Low
CUST07638,11,9113.28,828.48,0,10,3.6363636363636362,Low
CUST07639,8,42481.51,5310.18875,0,10,2.5,Low
CUST07640,5,9297.369999999999,1859.4739999999997,0,10,2.0,Low
CUST07641,11,29223.96,2656.723636363636,0,10,1.8181818181818181,Low
CUST07642,10,2949.41,294.941,0,10,4.0,Low
CUST07643,10,4145.5,414.55,0,10,2.0,Low
CUST07644,7,2791.61,398.8014285714286,0,10,2.857142857142857,Low
CUST07645,14,52322.52,3737.3228571428567,0,10,2.142857142857143,Low
CUST07646,7,6986.8,998.1142857142858,0,10,5.714285714285714,Low
CUST07647,6,5323.969999999999,887.3283333333333,0,10,1.6666666666666667,Low
CUST07648,6,29748.11,4958.018333333333,0,10,5.0,Low
CUST07649,9,452597.12,50288.56888888889,0,20,6.666666666666667,Low
CUST07650,7,8865.49,1266.4985714285715,0,10,5.714285714285714,Low
CUST07651,5,3521.0099999999998,704.202,0,10,2.0,Low
CUST07652,10,29804.239999999998,2980.424,0,10,2.0,Low
CUST07653,15,41274.04,2751.6026666666667,0,10,1.3333333333333333,Low
CUST07654,5,11452.27,2290.454,0,10,2.0,Low
CUST07655,9,30772.03,3419.1144444444444,0,10,2.2222222222222223,Low
CUST07656,16,24834.78,1552.17375,0,10,1.875,Low
CUST07657,14,28821.0,2058.6428571428573,0,10,5.0,Low
CUST07658,9,6470.89,718.9877777777779,0,10,3.3333333333333335,Low
CUST07659,8,3867.44,483.43,0,10,1.25,Low
CUST07660,7,14013.880000000001,2001.9828571428573,0,0,0.0,Low
CUST07661,6,4614.98,769.1633333333333,0,10,3.3333333333333335,Low
CUST07662,15,92041.72,6136.114666666666,0,10,2.6666666666666665,Low
CUST07663,8,10836.699999999999,1354.5874999999999,0,10,3.75,Low
CUST07664,12,17251.44,1437.62,0,10,1.6666666666666667,Low
CUST07665,7,15813.41,2259.058571428571,3,75,16.428571428571427,High
CUST07666,10,61954.93,6195.493,0,0,0.0,Low
CUST07667,15,16384.8,1092.32,1,20,5.333333333333333,Low
CUST07668,7,34431.07,4918.7242857142855,0,10,1.4285714285714286,Low
CUST07669,11,19509.91,1773.6281818181817,0,10,2.727272727272727,Low
CUST07670,11,344300.19,31300.017272727273,1,20,3.6363636363636362,Low
CUST07671,16,155090.15,9693.134375,0,10,2.5,Low
CUST07672,17,91157.79000000001,5362.222941176471,0,10,2.9411764705882355,Low
CUST07673,14,17161.79,1225.842142857143,1,20,3.5714285714285716,Low
CUST07674,6,2222.14,370.3566666666666,0,10,3.3333333333333335,Low
CUST07675,7,12559.96,1794.28,0,0,0.0,Low
CUST07676,8,48479.61,6059.95125,0,10,3.75,Low
CUST07677,9,6655.62,739.5133333333333,0,0,0.0,Low
CUST07678,10,15763.0,1576.3,0,10,2.0,Low
CUST07679,5,10363.35,2072.67,0,0,0.0,Low
CUST07680,15,45894.13,3059.6086666666665,0,10,1.3333333333333333,Low
CUST07681,15,72815.04000000001,4854.336,0,10,4.0,Low
CUST07682,7,26191.84,3741.691428571429,0,10,1.4285714285714286,Low
CUST07683,8,24885.18,3110.6475,0,0,0.0,Low
CUST07684,10,8502.88,850.2879999999999,0,10,3.0,Low
CUST07685,5,4758.4400000000005,951.6880000000001,0,0,0.0,Low
CUST07686,15,91426.17,6095.0779999999995,3,75,9.666666666666666,High
CUST07687,14,55819.39,3987.0992857142855,1,10,2.857142857142857,Low
CUST07688,3,52294.28,17431.426666666666,1,10,3.3333333333333335,Low
CUST07689,5,1112.3,222.45999999999998,0,10,2.0,Low
CUST07690,6,33056.630000000005,5509.438333333334,0,10,1.6666666666666667,Low
CUST07691,18,10252.15,569.5638888888889,1,25,5.833333333333333,Low
CUST07692,11,205339.06,18667.18727272727,1,15,3.1818181818181817,Low
CUST07693,7,25568.449999999997,3652.6357142857137,0,10,2.857142857142857,Low
CUST07694,12,2462.45,205.20416666666665,0,10,1.6666666666666667,Low
CUST07695,10,17436.45,1743.645,0,10,3.0,Low
CUST07696,9,15519.289999999999,1724.3655555555554,0,10,2.2222222222222223,Low
CUST07697,7,56857.810000000005,8122.544285714286,0,0,0.0,Low
CUST07698,5,8422.29,1684.458,1,20,4.0,Low
CUST07699,12,9392.21,782.6841666666666,0,10,1.6666666666666667,Low
CUST07700,6,86386.53,14397.755,0,10,3.3333333333333335,Low
CUST07701,6,18988.010000000002,3164.6683333333335,0,10,5.0,Low
CUST07702,11,51542.39,4685.671818181818,1,10,2.727272727272727,Low
CUST07703,17,25804.2,1517.894117647059,0,10,4.117647058823529,Low
CUST07704,8,167979.78,20997.4725,1,30,8.75,Low
CUST07705,10,26684.72,2668.472,1,20,3.0,Low
CUST07706,7,15138.34,2162.62,0,10,2.857142857142857,Low
CUST07707,9,5755.68,639.52,0,10,4.444444444444445,Low
CUST07708,11,10124.2,920.3818181818183,1,10,3.6363636363636362,Low
CUST07709,11,10559.25,959.9318181818181,0,10,2.727272727272727,Low
CUST07710,11,80116.5,7283.318181818182,0,10,2.727272727272727,Low
CUST07711,10,61740.33,6174.033,0,10,5.0,Low
CUST07712,6,4413.1,735.5166666666668,0,10,1.6666666666666667,Low
CUST07713,11,14896.25,1354.2045454545455,1,10,1.8181818181818181,Low
CUST07714,14,252687.35,18049.09642857143,1,10,0.7142857142857143,Low
CUST07715,12,16166.119999999999,1347.1766666666665,0,10,3.3333333333333335,Low
CUST07716,14,5756.9,411.20714285714286,0,10,3.5714285714285716,Low
CUST07717,12,155971.66,12997.638333333334,0,10,1.6666666666666667,Low
CUST07718,14,10463.59,747.3992857142857,0,10,2.142857142857143,Low
CUST07719,10,48905.79,4890.579,0,10,4.0,Low
CUST07720,8,30275.65,3784.45625,1,20,3.75,Low
CUST07721,11,76268.84,6933.530909090909,0,10,0.9090909090909091,Low
CUST07722,11,14677.22,1334.2927272727272,0,10,2.727272727272727,Low
CUST07723,10,8874.970000000001,887.4970000000001,0,10,2.0,Low
CUST07724,5,5699.81,1139.962,0,0,0.0,Low
CUST07725,14,85950.33,6139.309285714286,0,10,2.142857142857143,Low
CUST07726,11,5703.72,518.52,0,10,0.9090909090909091,Low
CUST07727,10,11408.51,1140.851,1,10,1.0,Low
CUST07728,10,9007.13,900.713,0,10,1.0,Low
CUST07729,12,77909.27,6492.439166666667,1,10,3.3333333333333335,Low
CUST07730,15,41191.73,2746.1153333333336,0,10,0.6666666666666666,Low
CUST07731,11,7899.37,718.1245454545455,0,10,0.9090909090909091,Low
CUST07732,10,9848.61,984.8610000000001,0,10,2.0,Low
CUST07733,9,1832.6599999999999,203.62888888888887,0,10,2.2222222222222223,Low
CUST07734,6,24239.52,4039.92,0,10,1.6666666666666667,Low
CUST07735,8,14513.119999999999,1814.1399999999999,0,10,5.0,Low
CUST07736,8,541728.04,67716.005,1,20,5.0,Low
CUST07737,8,10205.2,1275.65,0,10,3.75,Low
CUST07738,7,32008.51,4572.644285714286,0,0,0.0,Low
CUST07739,6,15563.24,2593.8733333333334,0,10,3.3333333333333335,Low
CUST07740,12,183589.65,15299.137499999999,0,10,4.166666666666667,Low
CUST07741,18,25792.760000000002,1432.9311111111112,0,10,2.2222222222222223,Low
CUST07742,13,150772.45,11597.880769230771,0,10,3.8461538461538463,Low
CUST07743,11,13669.76,1242.7054545454546,0,10,2.727272727272727,Low
CUST07744,4,3193.21,798.3025,0,0,0.0,Low
CUST07745,7,124776.09000000001,17825.155714285716,3,85,25.0,High
CUST07746,14,120096.81999999999,8578.344285714285,4,85,13.571428571428571,High
CUST07747,7,188297.91999999998,26899.702857142856,0,10,1.4285714285714286,Low
CUST07748,13,64474.06,4959.543076923077,0,10,5.384615384615385,Low
CUST07749,8,415707.77,51963.47125,0,10,1.25,Low
CUST07750,8,11921.72,1490.215,0,10,2.5,Low
CUST07751,12,83470.29000000001,6955.857500000001,0,10,2.5,Low
CUST07752,11,4896.4800000000005,445.1345454545455,0,10,1.8181818181818181,Low
CUST07753,20,133180.23,6659.0115000000005,1,10,1.5,Low
CUST07754,17,34104.62,2006.154117647059,2,20,4.705882352941177,Low
CUST07755,4,34214.25,8553.5625,0,10,2.5,Low
CUST07756,8,4642.59,580.32375,0,10,1.25,Low
CUST07757,10,4624.98,462.49799999999993,0,10,2.0,Low
CUST07758,8,11344.0,1418.0,0,10,5.0,Low
CUST07759,7,38796.93,5542.418571428571,0,10,2.857142857142857,Low
CUST07760,10,15395.65,1539.565,0,0,0.0,Low
CUST07761,7,12825.54,1832.22,0,10,1.4285714285714286,Low
CUST07762,12,8499.97,708.3308333333333,0,10,1.6666666666666667,Low
CUST07763,6,20149.88,3358.3133333333335,0,10,1.6666666666666667,Low
CUST07764,10,337050.7,33705.07,1,10,3.0,Low
CUST07765,10,7742.63,774.263,0,10,2.0,Low
CUST07766,11,10693.44,972.1309090909091,1,20,4.545454545454546,Low
CUST07767,6,55056.96000000001,9176.160000000002,0,0,0.0,Low
CUST07768,11,6319.64,574.5127272727273,0,10,2.727272727272727,Low
CUST07769,7,9086.36,1298.0514285714287,0,10,4.285714285714286,Low
CUST07770,17,24278.129999999997,1428.125294117647,0,10,2.3529411764705883,Low
CUST07771,12,88688.74,7390.7283333333335,1,20,3.3333333333333335,Low
CUST07772,11,94258.65,8568.968181818182,1,10,2.727272727272727,Low
CUST07773,16,3415.06,213.44125,0,10,0.625,Low
CUST07774,11,343109.87,31191.806363636362,0,20,3.6363636363636362,Low
CUST07775,7,7091.85,1013.1214285714286,0,10,2.857142857142857,Low
CUST07776,7,53103.03,7586.147142857143,0,10,2.857142857142857,Low
CUST07777,7,5475.83,782.2614285714286,0,10,4.285714285714286,Low
CUST07778,10,240283.36,24028.336,0,10,4.0,Low
CUST07779,12,10901.91,908.4925,0,10,2.5,Low
CUST07780,11,65260.81,5932.800909090909,0,10,0.9090909090909091,Low
CUST07781,8,2780.4,347.55,0,10,1.25,Low
CUST07782,8,34461.66,4307.7075,0,10,3.75,Low
CUST07783,9,53416.56,5935.173333333333,1,10,3.3333333333333335,Low
CUST07784,8,10125.94,1265.7425,0,10,2.5,Low
CUST07785,11,102746.92,9340.629090909091,0,10,1.8181818181818181,Low
CUST07786,11,20173.05,1833.9136363636362,0,10,2.727272727272727,Low
CUST07787,8,19295.63,2411.95375,1,10,2.5,Low
CUST07788,7,71212.62,10173.231428571427,0,10,2.857142857142857,Low
CUST07789,7,6675.01,953.5728571428572,1,20,4.285714285714286,Low
CUST07790,17,34376.770000000004,2022.162941176471,1,20,1.7647058823529411,Low
CUST07791,18,63017.75,3500.9861111111113,3,20,2.7777777777777777,Low
CUST07792,7,3511.0600000000004,501.58000000000004,0,10,2.857142857142857,Low
CUST07793,12,35577.979999999996,2964.8316666666665,0,10,1.6666666666666667,Low
CUST07794,10,364207.47,36420.746999999996,1,20,4.0,Low
CUST07795,10,40827.25,4082.725,0,0,0.0,Low
CUST07796,11,19512.44,1773.8581818181817,0,10,1.8181818181818181,Low
CUST07797,9,4176.74,464.0822222222222,1,30,5.555555555555555,Low
CUST07798,1,253.87,253.87,0,0,0.0,Low
CUST07799,12,23716.22,1976.3516666666667,0,10,4.166666666666667,Low
CUST07800,10,13431.19,1343.1190000000001,0,10,2.0,Low
CUST07801,9,3706.3199999999997,411.8133333333333,0,10,3.3333333333333335,Low
CUST07802,10,33059.299999999996,3305.9299999999994,0,10,1.0,Low
CUST07803,8,3175.8199999999997,396.97749999999996,0,10,5.0,Low
CUST07804,10,3842.0299999999997,384.203,0,10,3.0,Low
CUST07805,8,6521.66,815.2075,0,10,2.5,Low
CUST07806,15,59919.28,3994.6186666666667,1,10,3.3333333333333335,Low
CUST07807,10,233493.39,23349.339,0,10,3.0,Low
CUST07808,11,80104.75,7282.25,0,10,1.8181818181818181,Low
CUST07809,15,133450.6,8896.706666666667,2,15,3.0,Low
CUST07810,8,9080.25,1135.03125,0,0,0.0,Low
CUST07811,9,150856.81,16761.867777777778,0,10,1.1111111111111112,Low
CUST07812,9,10479.51,1164.39,0,10,3.3333333333333335,Low
CUST07813,16,18371.53,1148.220625,1,20,5.625,Low
CUST07814,8,219829.94,27478.7425,0,10,2.5,Low
CUST07815,10,12729.15,1272.915,0,10,2.0,Low
CUST07816,11,138914.1,12628.554545454546,5,85,15.0,High
CUST07817,7,197788.30000000002,28255.471428571433,0,0,0.0,Low
CUST07818,10,5604.45,560.4449999999999,1,20,5.0,Low
CUST07819,13,86244.01,6634.154615384615,1,20,5.384615384615385,Low
CUST07820,9,480269.87,53363.31888888889,0,20,3.3333333333333335,Low
CUST07821,9,8895.369999999999,988.3744444444443,0,10,4.444444444444445,Low
CUST07822,9,19663.58,2184.8422222222225,0,10,4.444444444444445,Low
CUST07823,6,23758.82,3959.8033333333333,0,10,3.3333333333333335,Low
CUST07824,9,19221.56,2135.728888888889,0,10,3.3333333333333335,Low
CUST07825,8,5855.87,731.98375,0,0,0.0,Low
CUST07826,9,14143.2,1571.4666666666667,0,10,3.3333333333333335,Low
CUST07827,14,31525.65,2251.832142857143,0,10,1.4285714285714286,Low
CUST07828,9,11855.02,1317.2244444444445,1,10,1.1111111111111112,Low
CUST07829,6,5158.18,859.6966666666667,0,10,1.6666666666666667,Low
CUST07830,8,55111.09,6888.88625,0,10,1.25,Low
CUST07831,7,13977.94,1996.8485714285714,0,10,2.857142857142857,Low
CUST07832,8,42289.25,5286.15625,0,10,2.5,Low
CUST07833,12,67296.49,5608.0408333333335,1,10,1.6666666666666667,Low
CUST07834,9,101133.12000000001,11237.013333333334,0,10,2.2222222222222223,Low
CUST07835,12,361363.77,30113.647500000003,1,30,4.166666666666667,Low
CUST07836,14,23945.82,1710.4157142857143,0,10,2.857142857142857,Low
CUST07837,9,118806.74,13200.74888888889,1,0,0.0,Low
CUST07838,8,39259.65,4907.45625,0,10,2.5,Low
CUST07839,8,42092.51,5261.56375,0,10,1.25,Low
CUST07840,11,74366.93,6760.629999999999,1,10,0.9090909090909091,Low
CUST07841,5,70922.0,14184.4,1,0,0.0,Low
CUST07842,13,100435.54,7725.8107692307685,0,10,2.3076923076923075,Low
CUST07843,10,94015.87000000001,9401.587000000001,0,10,2.0,Low
CUST07844,9,4985.75,553.9722222222222,1,20,3.3333333333333335,Low
CUST07845,13,469379.64999999997,36106.12692307692,1,20,3.076923076923077,Low
CUST07846,3,198291.80000000002,66097.26666666668,0,20,10.0,Low
CUST07847,8,3373.67,421.70875,1,30,7.5,Low
CUST07848,8,4689.3099999999995,586.1637499999999,1,20,5.0,Low
CUST07849,11,22541.84,2049.258181818182,1,20,4.545454545454546,Low
CUST07850,10,273430.5,27343.05,0,10,2.0,Low
CUST07851,13,25404.28,1954.1753846153845,0,10,2.3076923076923075,Low
CUST07852,12,11486.3,957.1916666666666,0,10,1.6666666666666667,Low
CUST07853,16,95505.61,5969.100625,1,25,2.1875,Low
CUST07854,10,67576.88,6757.688,0,10,2.0,Low
CUST07855,15,120344.95,8022.996666666667,1,10,4.0,Low
CUST07856,9,15580.53,1731.17,0,10,2.2222222222222223,Low
CUST07857,10,14062.18,1406.218,0,10,1.0,Low
CUST07858,9,35142.58,3904.731111111111,0,10,2.2222222222222223,Low
CUST07859,12,9125.84,760.4866666666667,0,10,2.5,Low
CUST07860,12,22584.48,1882.04,0,10,4.166666666666667,Low
CUST07861,5,5046.83,1009.366,0,0,0.0,Low
CUST07862,10,23885.86,2388.5860000000002,1,20,8.0,Low
CUST07863,8,17793.54,2224.1925,0,10,1.25,Low
CUST07864,15,30361.98,2024.132,0,10,2.6666666666666665,Low
CUST07865,10,138261.31,13826.131,0,10,3.0,Low
CUST07866,10,442537.07,44253.707,0,20,5.0,Low
CUST07867,11,8555.92,777.8109090909091,1,15,3.1818181818181817,Low
CUST07868,13,40798.25,3138.326923076923,0,10,3.076923076923077,Low
CUST07869,5,7469.139999999999,1493.828,0,10,4.0,Low
CUST07870,6,6332.45,1055.4083333333333,0,10,3.3333333333333335,Low
CUST07871,8,84211.51,10526.43875,0,10,3.75,Low
CUST07872,6,1134.48,189.08,0,0,0.0,Low
CUST07873,7,16071.179999999998,2295.882857142857,0,10,1.4285714285714286,Low
CUST07874,7,37022.77,5288.967142857143,0,10,1.4285714285714286,Low
CUST07875,5,4798.81,959.7620000000001,0,10,2.0,Low
CUST07876,10,151373.5,15137.35,0,10,2.0,Low
CUST07877,9,35412.82,3934.757777777778,0,10,4.444444444444445,Low
CUST07878,12,74513.88,6209.490000000001,1,10,2.5,Low
CUST07879,19,42653.880000000005,2244.941052631579,0,10,1.0526315789473684,Low
CUST07880,8,2607.65,325.95625,0,10,3.75,Low
CUST07881,12,28993.58,2416.1316666666667,0,10,2.5,Low
CUST07882,9,19619.86,2179.9844444444443,0,10,1.1111111111111112,Low
CUST07883,12,15395.34,1282.945,1,20,2.5,Low
CUST07884,24,11811.11,492.12958333333336,0,10,2.0833333333333335,Low
CUST07885,12,22707.83,1892.319166666667,0,10,2.5,Low
CUST07886,8,20341.69,2542.71125,1,10,1.25,Low
CUST07887,5,23979.15,4795.83,0,0,0.0,Low
CUST07888,11,48442.33,4403.848181818182,0,10,0.9090909090909091,Low
CUST07889,10,24303.64,2430.364,1,10,4.0,Low
CUST07890,6,25764.24,4294.04,0,10,3.3333333333333335,Low
CUST07891,9,8380.55,931.1722222222221,0,10,1.1111111111111112,Low
CUST07892,5,3118.6299999999997,623.7259999999999,0,10,4.0,Low
CUST07893,11,88487.51,8044.319090909091,0,10,2.727272727272727,Low
CUST07894,4,44387.81,11096.9525,0,10,2.5,Low
CUST07895,16,72157.34,4509.83375,2,30,3.75,Low
CUST07896,7,14927.51,2132.5014285714287,0,10,4.285714285714286,Low
CUST07897,7,1358.74,194.1057142857143,0,10,1.4285714285714286,Low
CUST07898,10,11929.75,1192.975,0,10,1.0,Low
CUST07899,8,102497.44,12812.18,1,10,2.5,Low
CUST07900,13,108242.38,8326.336923076924,0,10,4.615384615384615,Low
CUST07901,14,13493.98,963.8557142857143,1,20,6.428571428571429,Low
CUST07902,12,117441.1,9786.758333333333,0,10,2.5,Low
CUST07903,7,65737.7,9391.1,0,10,2.857142857142857,Low
CUST07904,7,30080.89,4297.2699999999995,0,10,4.285714285714286,Low
CUST07905,11,18777.75,1707.0681818181818,1,20,2.727272727272727,Low
CUST07906,11,7343.06,667.5509090909092,0,10,4.545454545454546,Low
CUST07907,11,2070.35,188.21363636363637,0,10,0.9090909090909091,Low
CUST07908,14,190163.49,13583.106428571427,0,10,3.5714285714285716,Low
CUST07909,6,8000.8099999999995,1333.4683333333332,0,10,3.3333333333333335,Low
CUST07910,9,63856.52,7095.168888888888,1,10,1.1111111111111112,Low
CUST07911,11,27960.05,2541.822727272727,0,10,2.727272727272727,Low
CUST07912,12,12159.8,1013.3166666666666,0,10,1.6666666666666667,Low
CUST07913,10,255916.35,25591.635000000002,0,10,3.0,Low
CUST07914,12,276844.78,23070.398333333334,1,10,2.5,Low
CUST07915,12,69537.52,5794.793333333334,1,10,1.6666666666666667,Low
CUST07916,11,3462.32,314.75636363636363,0,10,0.9090909090909091,Low
CUST07917,11,93709.76,8519.06909090909,0,10,4.545454545454546,Low
CUST07918,15,15491.19,1032.746,0,10,2.6666666666666665,Low
CUST07919,8,61518.91,7689.86375,0,10,1.25,Low
CUST07920,10,556954.62,55695.462,0,20,2.0,Low
CUST07921,8,5434.17,679.27125,0,10,1.25,Low
CUST07922,8,3017.76,377.22,0,10,3.75,Low
CUST07923,10,23620.12,2362.0119999999997,0,10,4.0,Low
CUST07924,10,15383.45,1538.345,0,10,3.0,Low
CUST07925,16,22270.48,1391.905,1,20,2.5,Low
CUST07926,11,157045.55,14276.868181818181,1,20,1.8181818181818181,Low
CUST07927,11,303086.18,27553.28909090909,0,10,4.545454545454546,Low
CUST07928,8,36495.53999999999,4561.942499999999,0,10,2.5,Low
CUST07929,13,57559.0,4427.615384615385,1,10,2.3076923076923075,Low
CUST07930,13,17632.09,1356.3146153846153,1,20,6.153846153846154,Low
CUST07931,12,8143.79,678.6491666666667,1,20,4.166666666666667,Low
CUST07932,8,20482.84,2560.355,0,10,2.5,Low
CUST07933,12,25906.379999999997,2158.865,0,10,5.0,Low
CUST07934,12,33570.35,2797.5291666666667,0,10,1.6666666666666667,Low
CUST07935,8,11100.85,1387.60625,0,10,3.75,Low
CUST07936,7,6963.16,994.7371428571429,0,10,1.4285714285714286,Low
CUST07937,13,143251.79,11019.368461538463,0,10,3.076923076923077,Low
CUST07938,14,3779.2999999999997,269.95,0,10,4.285714285714286,Low
CUST07939,10,7245.11,724.511,0,10,4.0,Low
CUST07940,13,107214.28,8247.252307692308,0,10,2.3076923076923075,Low
CUST07941,14,488344.57999999996,34881.75571428571,1,30,4.285714285714286,Low
CUST07942,13,14456.130000000001,1112.01,0,10,2.3076923076923075,Low
CUST07943,7,55846.04,7978.005714285714,2,25,6.428571428571429,Low
CUST07944,9,82568.73000000001,9174.303333333335,0,10,2.2222222222222223,Low
CUST07945,15,21470.62,1431.3746666666666,0,10,2.0,Low
CUST07946,12,84491.6,7040.966666666667,1,10,2.5,Low
CUST07947,13,108259.82,8327.678461538462,0,10,2.3076923076923075,Low
CUST07948,10,157019.98,15701.998000000001,1,10,4.0,Low
CUST07949,7,7849.5,1121.357142857143,0,0,0.0,Low
CUST07950,11,34950.44,3177.3127272727274,0,10,2.727272727272727,Low
CUST07951,9,42117.6,4679.733333333334,0,10,3.3333333333333335,Low
CUST07952,7,9144.5,1306.357142857143,0,10,4.285714285714286,Low
CUST07953,6,169310.86000000002,28218.47666666667,0,10,5.0,Low
CUST07954,10,4556.6,455.66,0,10,5.0,Low
CUST07955,6,16124.09,2687.3483333333334,0,10,5.0,Low
CUST07956,4,1602.46,400.615,0,0,0.0,Low
CUST07957,9,1574.6299999999999,174.95888888888888,1,20,4.444444444444445,Low
CUST07958,10,300776.88,30077.688000000002,1,20,3.0,Low
CUST07959,12,4272.82,356.0683333333333,1,25,5.416666666666667,Low
CUST07960,5,6280.43,1256.086,0,10,6.0,Low
CUST07961,4,11180.390000000001,2795.0975000000003,0,10,2.5,Low
CUST07962,9,16113.36,1790.3733333333334,0,10,4.444444444444445,Low
CUST07963,3,1401.1,467.0333333333333,0,10,3.3333333333333335,Low
CUST07964,11,22765.38,2069.58,0,10,5.454545454545454,Low
CUST07965,11,136333.63999999998,12393.967272727272,0,10,3.6363636363636362,Low
CUST07966,11,16930.04,1539.0945454545456,0,10,2.727272727272727,Low
CUST07967,11,26756.92,2432.447272727273,0,10,4.545454545454546,Low
CUST07968,13,105810.8,8139.292307692308,1,10,1.5384615384615385,Low
CUST07969,8,8653.05,1081.63125,0,10,2.5,Low
CUST07970,7,21575.38,3082.197142857143,1,10,1.4285714285714286,Low
CUST07971,14,19327.739999999998,1380.552857142857,0,10,2.142857142857143,Low
CUST07972,8,15354.18,1919.2725,0,10,2.5,Low
CUST07973,9,44983.18,4998.131111111111,1,10,3.3333333333333335,Low
CUST07974,11,14836.92,1348.810909090909,1,20,2.727272727272727,Low
CUST07975,14,6855.87,489.705,0,10,2.142857142857143,Low
CUST07976,6,12241.0,2040.1666666666667,0,10,1.6666666666666667,Low
CUST07977,5,118422.19,23684.438000000002,0,10,2.0,Low
CUST07978,7,47907.56,6843.937142857142,0,10,2.857142857142857,Low
CUST07979,13,20103.07,1546.3899999999999,1,15,1.1538461538461537,Low
CUST07980,9,11102.01,1233.5566666666666,0,10,1.1111111111111112,Low
CUST07981,14,225188.46,16084.89,0,10,5.714285714285714,Low
CUST07982,5,955.78,191.156,0,10,6.0,Low
CUST07983,7,10710.86,1530.1228571428571,0,10,2.857142857142857,Low
CUST07984,8,61583.09,7697.88625,0,10,5.0,Low
CUST07985,9,34764.86,3862.762222222222,0,10,3.3333333333333335,Low
CUST07986,15,30271.94,2018.1293333333333,0,10,1.3333333333333333,Low
CUST07987,4,1454.04,363.51,0,10,2.5,Low
CUST07988,8,5653.03,706.62875,0,10,2.5,Low
CUST07989,7,4563.49,651.9271428571428,0,10,4.285714285714286,Low
CUST07990,9,15655.95,1739.5500000000002,0,0,0.0,Low
CUST07991,5,42686.78,8537.356,0,10,6.0,Low
CUST07992,7,1860.41,265.77285714285716,0,10,1.4285714285714286,Low
CUST07993,5,2057.9,411.58000000000004,1,20,6.0,Low
CUST07994,10,75404.22,7540.4220000000005,0,10,2.0,Low
CUST07995,6,2093.76,348.96000000000004,0,10,3.3333333333333335,Low
CUST07996,10,3313.41,331.341,0,10,4.0,Low
CUST07997,11,5402.29,491.11727272727273,0,10,1.8181818181818181,Low
CUST07998,11,26965.71,2451.4281818181817,0,10,1.8181818181818181,Low
CUST07999,10,249238.33,24923.833,0,10,2.0,Low
CUST08000,8,9863.86,1232.9825,1,30,10.0,Low
CUST08001,8,203706.47,25463.30875,0,10,1.25,Low
CUST08002,11,18132.83,1648.439090909091,0,10,1.8181818181818181,Low
CUST08003,8,2688.2700000000004,336.03375000000005,4,75,20.625,High
CUST08004,7,3560.3199999999997,508.6171428571428,0,10,1.4285714285714286,Low
CUST08005,11,249070.0,22642.727272727272,1,10,1.8181818181818181,Low
CUST08006,8,9954.86,1244.3575,0,10,2.5,Low
CUST08007,11,26672.87,2424.8063636363636,0,10,3.6363636363636362,Low
CUST08008,11,274466.82,24951.52909090909,0,10,4.545454545454546,Low
CUST08009,5,10692.35,2138.4700000000003,0,0,0.0,Low
CUST08010,10,53198.76,5319.876,1,10,3.0,Low
CUST08011,4,8214.05,2053.5125,0,10,2.5,Low
CUST08012,5,2294.08,458.816,0,10,2.0,Low
CUST08013,8,17737.09,2217.13625,3,75,14.375,High
CUST08014,11,67828.58,6166.234545454546,0,10,2.727272727272727,Low
CUST08015,6,61596.6,10266.1,0,10,3.3333333333333335,Low
CUST08016,10,60904.409999999996,6090.441,1,10,1.0,Low
CUST08017,9,44486.36,4942.928888888889,0,10,3.3333333333333335,Low
CUST08018,7,20657.68,2951.097142857143,0,10,2.857142857142857,Low
CUST08019,10,16166.89,1616.6889999999999,0,10,4.0,Low
CUST08020,9,10987.06,1220.7844444444445,0,10,1.1111111111111112,Low
CUST08021,12,557244.07,46437.00583333333,0,20,3.3333333333333335,Low
CUST08022,11,39962.22,3632.929090909091,0,10,0.9090909090909091,Low
CUST08023,14,20705.16,1478.94,1,20,2.857142857142857,Low
CUST08024,15,6936.52,462.4346666666667,1,10,2.6666666666666665,Low
CUST08025,9,6836.2300000000005,759.5811111111111,1,10,2.2222222222222223,Low
CUST08026,11,28282.91,2571.1736363636364,0,10,0.9090909090909091,Low
CUST08027,16,7657.51,478.594375,0,10,1.25,Low
CUST08028,10,159754.0,15975.4,0,10,2.0,Low
CUST08029,14,13824.26,987.4471428571429,3,75,11.071428571428571,High
CUST08030,9,13101.09,1455.6766666666667,0,10,2.2222222222222223,Low
CUST08031,12,6047.82,503.98499999999996,0,10,1.6666666666666667,Low
CUST08032,13,21893.39,1684.106923076923,0,10,1.5384615384615385,Low
CUST08033,13,200434.56,15418.043076923077,0,10,1.5384615384615385,Low
CUST08034,7,17585.59,2512.227142857143,0,10,4.285714285714286,Low
CUST08035,12,7711.46,642.6216666666667,0,10,2.5,Low
CUST08036,7,20017.02,2859.574285714286,0,10,4.285714285714286,Low
CUST08037,8,48985.68,6123.21,1,10,3.75,Low
CUST08038,15,26446.37,1763.0913333333333,0,10,2.0,Low
CUST08039,10,33012.51,3301.251,0,10,5.0,Low
CUST08040,11,7889.7,717.2454545454545,0,0,0.0,Low
CUST08041,10,36977.8,3697.78,0,0,0.0,Low
CUST08042,11,4015.74,365.0672727272727,0,10,1.8181818181818181,Low
CUST08043,10,334136.83,33413.683000000005,1,20,4.0,Low
CUST08044,11,36453.03,3313.911818181818,0,10,2.727272727272727,Low
CUST08045,6,1017.0,169.5,0,0,0.0,Low
CUST08046,6,37486.0,6247.666666666667,0,10,1.6666666666666667,Low
CUST08047,3,6346.66,2115.5533333333333,0,0,0.0,Low
CUST08048,8,210625.25,26328.15625,0,10,5.0,Low
CUST08049,11,3337.7599999999998,303.4327272727273,0,10,4.545454545454546,Low
CUST08050,16,25263.95,1578.996875,0,0,0.0,Low
CUST08051,9,446935.84,49659.53777777778,0,30,5.555555555555555,Low
CUST08052,5,4364.65,872.93,0,10,2.0,Low
CUST08053,7,6762.69,966.0985714285714,0,10,2.857142857142857,Low
CUST08054,10,79466.73999999999,7946.673999999999,0,10,1.0,Low
CUST08055,11,119126.0,10829.636363636364,0,10,2.727272727272727,Low
CUST08056,11,288448.99,26222.635454545452,0,10,1.8181818181818181,Low
CUST08057,11,95160.78,8650.98,0,10,4.545454545454546,Low
CUST08058,8,52020.13,6502.51625,0,10,1.25,Low
CUST08059,6,6912.14,1152.0233333333333,1,10,5.0,Low
CUST08060,11,9709.15,882.65,0,10,7.2727272727272725,Low
CUST08061,5,7209.59,1441.9180000000001,0,10,2.0,Low
CUST08062,7,57343.93,8191.99,1,20,5.714285714285714,Low
CUST08063,13,56148.67,4319.128461538461,0,10,1.5384615384615385,Low
CUST08064,4,66534.63,16633.6575,1,10,7.5,Low
CUST08065,11,4819.87,438.17,0,10,4.545454545454546,Low
CUST08066,9,9054.5,1006.0555555555555,0,10,2.2222222222222223,Low
CUST08067,10,17165.6,1716.56,0,10,1.0,Low
CUST08068,12,17391.51,1449.2924999999998,0,10,1.6666666666666667,Low
CUST08069,11,60580.0,5507.272727272727,1,10,3.6363636363636362,Low
CUST08070,12,23671.95,1972.6625000000001,0,10,2.5,Low
CUST08071,7,11919.83,1702.8328571428572,0,10,5.714285714285714,Low
CUST08072,4,9545.02,2386.255,0,10,2.5,Low
CUST08073,11,8150.65,740.9681818181817,0,10,3.6363636363636362,Low
CUST08074,11,18916.37,1719.6699999999998,0,10,1.8181818181818181,Low
CUST08075,13,44263.2,3404.861538461538,0,10,0.7692307692307693,Low
CUST08076,13,37100.12,2853.855384615385,0,10,3.076923076923077,Low
CUST08077,15,94791.27,6319.418000000001,0,10,2.6666666666666665,Low
CUST08078,6,111305.41,18550.90166666667,3,75,20.833333333333332,High
CUST08079,15,42310.61,2820.7073333333333,0,10,2.6666666666666665,Low
CUST08080,11,7816.14,710.5581818181819,0,10,2.727272727272727,Low
CUST08081,14,336567.2,24040.514285714286,0,10,0.7142857142857143,Low
CUST08082,6,6030.320000000001,1005.0533333333334,0,10,1.6666666666666667,Low
CUST08083,13,21805.19,1677.3223076923075,0,10,4.615384615384615,Low
CUST08084,8,1201.96,150.245,0,10,1.25,Low
CUST08085,9,10607.449999999999,1178.6055555555554,0,10,3.3333333333333335,Low
CUST08086,8,45941.54,5742.6925,1,30,5.0,Low
CUST08087,7,4655.37,665.0528571428571,0,0,0.0,Low
CUST08088,11,12709.05,1155.3681818181817,0,10,1.8181818181818181,Low
CUST08089,16,24091.88,1505.7425,0,10,3.75,Low
CUST08090,11,13055.44,1186.858181818182,0,10,2.727272727272727,Low
CUST08091,8,43549.25,5443.65625,0,10,1.25,Low
CUST08092,7,10112.99,1444.712857142857,0,10,1.4285714285714286,Low
CUST08093,13,6079.75,467.6730769230769,0,10,3.8461538461538463,Low
CUST08094,16,11614.720000000001,725.9200000000001,0,10,3.125,Low
CUST08095,7,25899.059999999998,3699.865714285714,0,10,1.4285714285714286,Low
CUST08096,5,21740.95,4348.1900000000005,0,0,0.0,Low
CUST08097,10,14877.1,1487.71,0,10,2.0,Low
CUST08098,16,23812.3,1488.26875,0,10,1.875,Low
CUST08099,10,9397.75,939.775,1,10,2.0,Low
CUST08100,8,4606.87,575.85875,0,10,3.75,Low
CUST08101,10,17655.56,1765.556,0,10,2.0,Low
CUST08102,7,9501.98,1357.4257142857143,0,0,0.0,Low
CUST08103,16,21805.03,1362.814375,0,10,1.875,Low
CUST08104,10,20308.27,2030.827,1,15,3.5,Low
CUST08105,9,10157.130000000001,1128.5700000000002,0,10,1.1111111111111112,Low
CUST08106,11,10991.42,999.22,0,10,2.727272727272727,Low
CUST08107,8,4886.889999999999,610.8612499999999,0,10,5.0,Low
CUST08108,11,16991.7,1544.7,0,10,0.9090909090909091,Low
CUST08109,14,48114.84,3436.7742857142853,0,10,4.285714285714286,Low
CUST08110,11,3971.44,361.04,1,10,1.8181818181818181,Low
CUST08111,12,1819.07,151.58916666666667,0,10,1.6666666666666667,Low
CUST08112,7,90689.68,12955.66857142857,0,10,5.714285714285714,Low
CUST08113,19,35648.08,1876.2147368421054,0,10,1.5789473684210527,Low
CUST08114,8,7324.42,915.5525,1,20,7.5,Low
CUST08115,5,99745.68,19949.136,0,10,4.0,Low
CUST08116,6,1825.31,304.2183333333333,0,10,1.6666666666666667,Low
CUST08117,9,1262.13,140.23666666666668,0,10,1.1111111111111112,Low
CUST08118,12,26046.030000000002,2170.5025,0,10,2.5,Low
CUST08119,13,9662.84,743.2953846153846,1,15,2.6923076923076925,Low
CUST08120,6,1279.92,213.32000000000002,0,10,5.0,Low
CUST08121,14,69428.22,4959.158571428571,2,20,3.5714285714285716,Low
CUST08122,5,12759.94,2551.9880000000003,0,10,2.0,Low
CUST08123,12,60336.53,5028.044166666667,2,30,4.166666666666667,Low
CUST08124,11,25688.07,2335.279090909091,0,0,0.0,Low
CUST08125,13,2737.95,210.61153846153846,0,10,1.5384615384615385,Low
CUST08126,13,228211.76,17554.75076923077,0,10,3.076923076923077,Low
CUST08127,13,79048.2,6080.630769230769,0,10,3.076923076923077,Low
CUST08128,16,7843.4400000000005,490.21500000000003,1,20,4.375,Low
CUST08129,10,1967.96,196.796,0,10,2.0,Low
CUST08130,8,5104.16,638.02,0,10,2.5,Low
CUST08131,6,108335.96,18055.993333333336,0,10,3.3333333333333335,Low
CUST08132,12,21127.1,1760.5916666666665,0,10,2.5,Low
CUST08133,6,58371.02,9728.503333333332,0,0,0.0,Low
CUST08134,17,9635.37,566.7864705882354,3,85,9.117647058823529,High
CUST08135,8,15941.52,1992.69,0,10,2.5,Low
CUST08136,11,21619.7,1965.4272727272728,0,10,0.9090909090909091,Low
CUST08137,13,72435.24,5571.941538461539,0,10,0.7692307692307693,Low
CUST08138,8,64287.07,8035.88375,0,10,1.25,Low
CUST08139,9,133550.93,14838.992222222221,0,10,2.2222222222222223,Low
CUST08140,12,64827.96,5402.33,1,10,2.5,Low
CUST08141,7,2668.57,381.2242857142857,0,0,0.0,Low
CUST08142,14,302100.28,21578.59142857143,1,20,2.857142857142857,Low
CUST08143,11,3016.42,274.22,0,10,3.6363636363636362,Low
CUST08144,7,57588.82,8226.974285714286,0,10,4.285714285714286,Low
CUST08145,13,3138.91,241.45461538461538,1,15,3.4615384615384617,Low
CUST08146,12,33153.14,2762.7616666666668,0,10,1.6666666666666667,Low
CUST08147,5,31848.36,6369.6720000000005,0,10,4.0,Low
CUST08148,7,8370.48,1195.782857142857,0,10,1.4285714285714286,Low
CUST08149,9,10476.300000000001,1164.0333333333335,0,10,3.3333333333333335,Low
CUST08150,12,15931.53,1327.6275,0,10,1.6666666666666667,Low
CUST08151,9,65763.98,7307.108888888888,1,10,1.1111111111111112,Low
CUST08152,10,11601.439999999999,1160.1439999999998,0,10,1.0,Low
CUST08153,10,492783.03,49278.303,0,20,4.0,Low
CUST08154,8,5258.99,657.37375,0,0,0.0,Low
CUST08155,7,51534.17,7362.024285714286,0,10,2.857142857142857,Low
CUST08156,7,36758.21,5251.172857142857,0,10,2.857142857142857,Low
CUST08157,8,2691.19,336.39875,0,0,0.0,Low
CUST08158,8,14600.18,1825.0225,0,10,1.25,Low
CUST08159,12,4918.639999999999,409.8866666666666,0,10,2.5,Low
CUST08160,12,6077.2300000000005,506.4358333333334,0,10,2.5,Low
CUST08161,9,7950.900000000001,883.4333333333334,0,10,3.3333333333333335,Low
CUST08162,7,32592.47,4656.067142857143,0,10,1.4285714285714286,Low
CUST08163,10,9495.42,949.542,0,10,1.0,Low
CUST08164,12,17772.41,1481.0341666666666,0,10,3.3333333333333335,Low
CUST08165,6,13422.62,2237.1033333333335,0,10,3.3333333333333335,Low
CUST08166,9,2292.04,254.67111111111112,0,10,3.3333333333333335,Low
CUST08167,7,79295.89,11327.984285714285,0,10,2.857142857142857,Low
CUST08168,10,17769.44,1776.944,0,10,2.0,Low
CUST08169,12,15279.94,1273.3283333333334,1,20,4.166666666666667,Low
CUST08170,18,23432.23,1301.7905555555556,4,75,10.277777777777779,High
CUST08171,7,40332.03,5761.7185714285715,0,0,0.0,Low
CUST08172,13,66588.61,5122.200769230769,0,10,2.3076923076923075,Low
CUST08173,10,2196.96,219.696,0,10,4.0,Low
CUST08174,8,3273.74,409.2175,0,10,2.5,Low
CUST08175,4,2408.54,602.135,0,10,2.5,Low
CUST08176,14,145136.61,10366.900714285714,0,10,2.142857142857143,Low
CUST08177,15,188226.98,12548.465333333334,0,10,5.333333333333333,Low
CUST08178,9,11012.69,1223.6322222222223,0,0,0.0,Low
CUST08179,12,44787.16,3732.263333333334,0,10,1.6666666666666667,Low
CUST08180,7,54557.6,7793.942857142857,0,10,4.285714285714286,Low
CUST08181,8,7396.65,924.58125,1,15,6.875,Low
CUST08182,11,13899.17,1263.560909090909,1,10,4.545454545454546,Low
CUST08183,12,4906.4400000000005,408.87000000000006,0,10,0.8333333333333334,Low
CUST08184,10,22584.8,2258.48,0,10,3.0,Low
CUST08185,8,76535.43000000001,9566.928750000001,1,10,3.75,Low
CUST08186,14,92688.68,6620.62,2,20,3.5714285714285716,Low
CUST08187,9,8149.599999999999,905.5111111111111,0,10,2.2222222222222223,Low
CUST08188,8,7345.02,918.1275,0,10,7.5,Low
CUST08189,12,45944.6,3828.7166666666667,0,10,3.3333333333333335,Low
CUST08190,13,123487.98,9499.075384615384,0,10,4.615384615384615,Low
CUST08191,7,11821.82,1688.8314285714284,0,10,4.285714285714286,Low
CUST08192,12,631053.05,52587.75416666667,0,10,3.3333333333333335,Low
CUST08193,8,5018.5,627.3125,0,10,2.5,Low
CUST08194,10,15455.5,1545.55,0,10,4.0,Low
CUST08195,9,5648.95,627.661111111111,0,10,3.3333333333333335,Low
CUST08196,5,7663.219999999999,1532.6439999999998,0,10,4.0,Low
CUST08197,9,36237.35,4026.3722222222223,0,10,4.444444444444445,Low
CUST08198,13,61845.88,4757.375384615384,0,10,3.076923076923077,Low
CUST08199,10,91078.81,9107.881,0,10,1.0,Low
CUST08200,10,154973.84,15497.384,0,10,4.0,Low
CUST08201,9,91574.87,10174.985555555555,0,10,1.1111111111111112,Low
CUST08202,7,12792.800000000001,1827.5428571428572,1,10,2.857142857142857,Low
CUST08203,9,80086.42,8898.49111111111,0,10,5.555555555555555,Low
CUST08204,20,138909.28,6945.464,0,10,2.5,Low
CUST08205,10,7396.29,739.629,0,10,2.0,Low
CUST08206,6,11596.17,1932.695,0,10,3.3333333333333335,Low
CUST08207,12,14413.0,1201.0833333333333,0,10,3.3333333333333335,Low
CUST08208,12,88115.03,7342.919166666667,0,10,2.5,Low
CUST08209,9,75012.69,8334.743333333334,0,10,2.2222222222222223,Low
CUST08210,6,13003.97,2167.3283333333334,0,10,3.3333333333333335,Low
CUST08211,9,7660.38,851.1533333333333,1,10,2.2222222222222223,Low
CUST08212,6,5127.5599999999995,854.5933333333332,0,0,0.0,Low
CUST08213,8,1915.2499999999998,239.40624999999997,1,30,5.0,Low
CUST08214,13,30156.82,2319.7553846153846,0,10,3.076923076923077,Low
CUST08215,11,75756.8,6886.981818181818,0,10,3.6363636363636362,Low
CUST08216,9,2418.24,268.6933333333333,0,10,2.2222222222222223,Low
CUST08217,8,499905.55,62488.19375,0,20,7.5,Low
CUST08218,17,32965.9,1939.1705882352942,0,10,2.9411764705882355,Low
CUST08219,7,15014.52,2144.9314285714286,0,10,2.857142857142857,Low
CUST08220,7,10298.55,1471.2214285714285,0,10,5.714285714285714,Low
CUST08221,3,2545.14,848.38,0,10,3.3333333333333335,Low
CUST08222,9,25451.99,2827.9988888888893,0,10,1.1111111111111112,Low
CUST08223,11,9965.28,905.9345454545455,0,10,2.727272727272727,Low
CUST08224,11,22705.5,2064.1363636363635,0,10,3.6363636363636362,Low
CUST08225,6,17455.1,2909.183333333333,0,10,1.6666666666666667,Low
CUST08226,10,1465.31,146.531,0,10,2.0,Low
CUST08227,12,4840.4,403.3666666666666,2,20,6.25,Low
CUST08228,15,5748.360000000001,383.22400000000005,0,10,3.3333333333333335,Low
CUST08229,14,61729.200000000004,4409.228571428572,0,10,2.857142857142857,Low
CUST08230,12,29227.260000000002,2435.605,0,10,1.6666666666666667,Low
CUST08231,17,36705.55,2159.15,1,10,1.7647058823529411,Low
CUST08232,13,18657.72,1435.2092307692308,0,10,1.5384615384615385,Low
CUST08233,12,15475.57,1289.6308333333334,0,10,4.166666666666667,Low
CUST08234,11,170069.4,15460.854545454546,0,0,0.0,Low
CUST08235,7,9708.86,1386.98,0,10,2.857142857142857,Low
CUST08236,7,19269.59,2752.7985714285714,0,10,2.857142857142857,Low
CUST08237,11,494304.09,44936.73545454546,0,20,5.454545454545454,Low
CUST08238,11,50841.9,4621.99090909091,0,10,3.6363636363636362,Low
CUST08239,6,7058.0,1176.3333333333333,0,10,1.6666666666666667,Low
CUST08240,5,139893.0,27978.6,0,10,4.0,Low
CUST08241,7,22510.25,3215.75,0,0,0.0,Low
CUST08242,7,69928.84,9989.834285714285,1,20,8.571428571428571,Low
CUST08243,12,57766.83,4813.9025,0,10,4.166666666666667,Low
CUST08244,9,31583.82,3509.3133333333335,2,25,5.0,Low
CUST08245,15,18319.82,1221.3213333333333,1,20,2.6666666666666665,Low
CUST08246,9,25043.0,2782.5555555555557,0,10,4.444444444444445,Low
CUST08247,7,2144.4,306.34285714285716,0,0,0.0,Low
CUST08248,13,74218.35,5709.1038461538465,0,10,0.7692307692307693,Low
CUST08249,10,3456.1600000000003,345.61600000000004,0,10,4.0,Low
CUST08250,13,76593.05,5891.7730769230775,0,10,0.7692307692307693,Low
CUST08251,13,193042.57,14849.428461538462,0,10,1.5384615384615385,Low
CUST08252,10,27165.379999999997,2716.5379999999996,0,10,4.0,Low
CUST08253,10,170020.52,17002.052,0,10,3.0,Low
CUST08254,11,46922.01,4265.637272727273,0,10,2.727272727272727,Low
CUST08255,8,139356.2,17419.525,0,10,6.25,Low
CUST08256,7,6792.63,970.3757142857143,0,0,0.0,Low
CUST08257,6,38138.740000000005,6356.456666666668,0,0,0.0,Low
CUST08258,7,21083.420000000002,3011.917142857143,1,20,7.142857142857143,Low
CUST08259,11,534860.83,48623.711818181815,0,30,3.6363636363636362,Low
CUST08260,12,2066.9,172.24166666666667,0,10,3.3333333333333335,Low
CUST08261,8,10256.31,1282.03875,1,10,1.25,Low
CUST08262,9,6965.1900000000005,773.9100000000001,1,10,3.3333333333333335,Low
CUST08263,10,305320.96,30532.096,2,30,6.0,Low
CUST08264,7,2306.04,329.4342857142857,0,10,1.4285714285714286,Low
CUST08265,12,49154.229999999996,4096.185833333333,0,10,2.5,Low
CUST08266,12,14174.71,1181.2258333333332,0,10,0.8333333333333334,Low
CUST08267,8,47581.44,5947.68,0,0,0.0,Low
CUST08268,9,112270.52,12474.502222222223,0,10,3.3333333333333335,Low
CUST08269,16,343527.49,21470.468125,0,10,2.5,Low
CUST08270,9,64815.22,7201.691111111111,1,10,3.3333333333333335,Low
CUST08271,6,12749.88,2124.98,0,10,3.3333333333333335,Low
CUST08272,4,5805.67,1451.4175,0,0,0.0,Low
CUST08273,10,18442.52,1844.252,0,10,2.0,Low
CUST08274,9,116646.89,12960.765555555556,1,0,0.0,Low
CUST08275,10,100585.42,10058.542,0,10,3.0,Low
CUST08276,12,13954.8,1162.8999999999999,1,15,4.583333333333333,Low
CUST08277,7,12951.04,1850.1485714285716,0,10,1.4285714285714286,Low
CUST08278,9,8711.619999999999,967.9577777777777,0,10,2.2222222222222223,Low
CUST08279,11,8839.35,803.5772727272728,0,10,2.727272727272727,Low
CUST08280,7,10187.14,1455.3057142857142,0,10,4.285714285714286,Low
CUST08281,11,6319.8,574.5272727272727,0,10,3.6363636363636362,Low
CUST08282,8,55237.380000000005,6904.672500000001,0,0,0.0,Low
CUST08283,3,2058.08,686.0266666666666,0,0,0.0,Low
CUST08284,10,201719.16,20171.916,0,10,4.0,Low
CUST08285,9,53079.47,5897.718888888889,0,10,4.444444444444445,Low
CUST08286,11,20555.309999999998,1868.6645454545453,1,10,0.9090909090909091,Low
CUST08287,12,19078.9,1589.9083333333335,0,10,1.6666666666666667,Low
CUST08288,9,10766.529999999999,1196.281111111111,0,10,1.1111111111111112,Low
CUST08289,10,251237.87,25123.787,0,10,5.0,Low
CUST08290,9,52378.25,5819.805555555556,0,10,1.1111111111111112,Low
CUST08291,16,152797.04,9549.815,0,10,2.5,Low
CUST08292,5,59457.46000000001,11891.492000000002,1,10,6.0,Low
CUST08293,7,13898.73,1985.532857142857,2,20,8.571428571428571,Low
CUST08294,10,80761.86,8076.186,0,10,2.0,Low
CUST08295,12,55551.55,4629.295833333334,0,10,1.6666666666666667,Low
CUST08296,8,93429.59,11678.69875,0,0,0.0,Low
CUST08297,7,144442.22,20634.602857142858,1,0,0.0,Low
CUST08298,8,13844.960000000001,1730.6200000000001,0,10,1.25,Low
CUST08299,7,30999.68,4428.5257142857145,0,10,2.857142857142857,Low
CUST08300,9,26202.66,2911.4066666666668,1,20,3.3333333333333335,Low
CUST08301,12,34176.240000000005,2848.0200000000004,0,10,0.8333333333333334,Low
CUST08302,10,68866.81,6886.681,0,10,2.0,Low
CUST08303,10,10461.64,1046.164,0,10,2.0,Low
CUST08304,12,10602.6,883.5500000000001,0,10,0.8333333333333334,Low
CUST08305,14,42125.19,3008.942142857143,0,10,2.857142857142857,Low
CUST08306,5,9727.98,1945.596,0,10,4.0,Low
CUST08307,15,6321.05,421.40333333333336,0,10,2.6666666666666665,Low
CUST08308,10,8006.09,800.609,1,10,2.0,Low
CUST08309,13,87996.56,6768.966153846153,1,10,3.076923076923077,Low
CUST08310,7,51368.840000000004,7338.405714285715,0,0,0.0,Low
CUST08311,11,5294.92,481.35636363636365,0,10,2.727272727272727,Low
CUST08312,8,13579.87,1697.48375,0,10,1.25,Low
CUST08313,9,54945.54,6105.06,2,20,4.444444444444445,Low
CUST08314,11,82576.15,7506.922727272727,0,10,3.6363636363636362,Low
CUST08315,7,9300.74,1328.6771428571428,0,10,2.857142857142857,Low
CUST08316,19,916555.49,48239.762631578946,0,20,4.7368421052631575,Low
CUST08317,14,395021.67,28215.83357142857,0,20,2.857142857142857,Low
CUST08318,11,100430.31,9130.028181818181,0,10,1.8181818181818181,Low
CUST08319,3,10459.52,3486.5066666666667,0,10,3.3333333333333335,Low
CUST08320,7,424195.66000000003,60599.380000000005,0,20,4.285714285714286,Low
CUST08321,13,24078.23,1852.1715384615384,0,10,1.5384615384615385,Low
CUST08322,16,7941.48,496.3425,1,20,3.75,Low
CUST08323,7,50309.35,7187.05,0,0,0.0,Low
CUST08324,7,11824.650000000001,1689.2357142857145,0,10,2.857142857142857,Low
CUST08325,10,12956.55,1295.655,0,10,2.0,Low
CUST08326,14,10491.92,749.4228571428572,0,10,2.142857142857143,Low
CUST08327,7,946.6700000000001,135.23857142857145,0,0,0.0,Low
CUST08328,13,231469.13,17805.317692307694,1,10,1.5384615384615385,Low
CUST08329,15,60791.35,4052.7566666666667,1,10,2.6666666666666665,Low
CUST08330,9,5983.610000000001,664.8455555555556,0,10,2.2222222222222223,Low
CUST08331,9,260934.52000000002,28992.724444444448,0,20,4.444444444444445,Low
CUST08332,10,6089.53,608.953,0,10,3.0,Low
CUST08333,6,29827.699999999997,4971.283333333333,0,10,3.3333333333333335,Low
CUST08334,13,1710.65,131.58846153846156,0,10,3.8461538461538463,Low
CUST08335,10,79734.57,7973.457,1,0,0.0,Low
CUST08336,11,125331.15,11393.740909090908,2,20,3.6363636363636362,Low
CUST08337,13,5544.719999999999,426.51692307692304,0,10,2.3076923076923075,Low
CUST08338,9,56816.86,6312.984444444444,0,10,2.2222222222222223,Low
CUST08339,8,382818.50999999995,47852.313749999994,0,10,5.0,Low
CUST08340,10,277529.01999999996,27752.901999999995,1,20,3.0,Low
CUST08341,10,29602.86,2960.286,0,10,3.0,Low
CUST08342,7,55253.5,7893.357142857143,0,10,1.4285714285714286,Low
CUST08343,9,181481.49,20164.61,1,20,3.3333333333333335,Low
CUST08344,13,32342.25,2487.8653846153848,0,10,1.5384615384615385,Low
CUST08345,10,11584.78,1158.478,0,10,3.0,Low
CUST08346,16,18379.17,1148.698125,0,10,3.125,Low
CUST08347,6,5614.23,935.7049999999999,0,10,3.3333333333333335,Low
CUST08348,11,6565.74,596.8854545454545,0,10,1.8181818181818181,Low
CUST08349,13,13211.69,1016.2838461538462,1,20,6.153846153846154,Low
CUST08350,16,51576.12,3223.5075,0,10,1.875,Low
CUST08351,8,4839.71,604.96375,0,10,7.5,Low
CUST08352,11,147342.55,13394.777272727271,0,10,1.8181818181818181,Low
CUST08353,11,7095.57,645.0518181818181,1,20,5.454545454545454,Low
CUST08354,10,17429.8,1742.98,0,10,4.0,Low
CUST08355,11,6011.4,546.4909090909091,0,10,3.6363636363636362,Low
CUST08356,8,10962.25,1370.28125,0,10,2.5,Low
CUST08357,15,53024.44,3534.962666666667,0,10,3.3333333333333335,Low
CUST08358,8,39669.59,4958.69875,0,10,1.25,Low
CUST08359,10,15356.2,1535.6200000000001,0,10,3.0,Low
CUST08360,11,45232.58,4112.052727272728,0,10,2.727272727272727,Low
CUST08361,8,4041.23,505.15375,0,10,1.25,Low
CUST08362,9,23551.29,2616.81,0,10,2.2222222222222223,Low
CUST08363,11,73906.45,6718.768181818182,0,10,4.545454545454546,Low
CUST08364,12,7717.1900000000005,643.0991666666667,0,10,0.8333333333333334,Low
CUST08365,17,321588.25,18916.95588235294,1,20,3.5294117647058822,Low
CUST08366,6,49820.28,8303.38,0,10,1.6666666666666667,Low
CUST08367,13,394536.31,30348.946923076925,0,10,1.5384615384615385,Low
CUST08368,12,3206.59,267.21583333333336,0,10,1.6666666666666667,Low
CUST08369,12,428473.67,35706.13916666667,1,20,5.0,Low
CUST08370,12,7653.17,637.7641666666667,0,10,0.8333333333333334,Low
CUST08371,11,138195.72,12563.247272727273,0,10,0.9090909090909091,Low
CUST08372,11,9731.85,884.7136363636364,0,10,4.545454545454546,Low
CUST08373,17,127119.41,7477.612352941177,0,10,2.3529411764705883,Low
CUST08374,13,36362.16,2797.089230769231,0,10,3.8461538461538463,Low
CUST08375,9,59586.369999999995,6620.707777777778,2,10,5.555555555555555,Low
CUST08376,9,21879.11,2431.012222222222,1,15,2.7777777777777777,Low
CUST08377,6,10982.53,1830.4216666666669,0,10,1.6666666666666667,Low
CUST08378,11,83572.97,7597.5427272727275,0,10,1.8181818181818181,Low
CUST08379,12,320037.41,26669.784166666665,0,30,5.833333333333333,Low
CUST08380,15,102412.36,6827.490666666667,0,10,2.0,Low
CUST08381,7,6208.1900000000005,886.8842857142857,0,10,2.857142857142857,Low
CUST08382,14,526146.83,37581.91642857143,4,75,10.357142857142858,High
CUST08383,9,57976.75,6441.861111111111,1,0,0.0,Low
CUST08384,7,17218.28,2459.7542857142857,0,10,4.285714285714286,Low
CUST08385,8,8141.82,1017.7275,0,0,0.0,Low
CUST08386,6,23059.96,3843.3266666666664,0,0,0.0,Low
CUST08387,13,56215.01,4324.231538461539,0,10,3.076923076923077,Low
CUST08388,14,17961.38,1282.9557142857143,1,25,3.2142857142857144,Low
CUST08389,6,2733.37,455.56166666666667,0,10,5.0,Low
CUST08390,7,3192.27,456.0385714285714,0,10,4.285714285714286,Low
CUST08391,11,298932.05,27175.640909090907,0,10,0.9090909090909091,Low
CUST08392,6,1233.49,205.58166666666668,0,10,1.6666666666666667,Low
CUST08393,6,13449.24,2241.54,0,10,3.3333333333333335,Low
CUST08394,12,19071.59,1589.2991666666667,0,10,2.5,Low
CUST08395,3,2980.28,993.4266666666667,0,0,0.0,Low
CUST08396,9,12314.93,1368.3255555555556,0,10,2.2222222222222223,Low
CUST08397,11,16284.3,1480.390909090909,0,10,3.6363636363636362,Low
CUST08398,13,70947.02,5457.463076923077,1,20,3.8461538461538463,Low
CUST08399,7,4380.63,625.8042857142857,0,10,2.857142857142857,Low
CUST08400,7,40264.61,5752.087142857143,0,10,4.285714285714286,Low
CUST08401,11,213688.88,19426.261818181818,0,10,3.6363636363636362,Low
CUST08402,10,101059.74,10105.974,0,10,4.0,Low
CUST08403,11,7982.62,725.6927272727272,0,10,2.727272727272727,Low
CUST08404,12,61433.2,5119.433333333333,0,0,0.0,Low
CUST08405,11,178739.82,16249.074545454547,0,0,0.0,Low
CUST08406,15,200068.98,13337.932,0,10,4.0,Low
CUST08407,11,23243.98,2113.089090909091,0,10,3.6363636363636362,Low
CUST08408,9,296517.95999999996,32946.439999999995,0,10,2.2222222222222223,Low
CUST08409,11,4375.85,397.80454545454546,0,10,0.9090909090909091,Low
CUST08410,18,119030.97,6612.831666666667,0,10,2.7777777777777777,Low
CUST08411,14,278822.18,19915.87,0,10,3.5714285714285716,Low
CUST08412,11,12822.71,1165.700909090909,0,10,3.6363636363636362,Low
CUST08413,11,4663.85,423.98636363636365,0,10,5.454545454545454,Low
CUST08414,11,16558.3,1505.3,0,10,4.545454545454546,Low
CUST08415,6,3879.1400000000003,646.5233333333334,0,10,1.6666666666666667,Low
CUST08416,6,54078.08,9013.013333333334,0,10,1.6666666666666667,Low
CUST08417,12,8380.77,698.3975,0,10,2.5,Low
CUST08418,4,1485.03,371.2575,0,10,2.5,Low
CUST08419,15,30523.57,2034.9046666666666,0,10,1.3333333333333333,Low
CUST08420,15,8958.54,597.2360000000001,1,20,3.3333333333333335,Low
CUST08421,6,3384.66,564.11,0,10,3.3333333333333335,Low
CUST08422,7,31827.72,4546.817142857143,0,10,1.4285714285714286,Low
CUST08423,7,3926.05,560.8642857142858,0,10,4.285714285714286,Low
CUST08424,8,13158.140000000001,1644.7675000000002,1,10,1.25,Low
CUST08425,13,1872.49,144.0376923076923,0,10,0.7692307692307693,Low
CUST08426,10,93368.84999999999,9336.884999999998,1,10,1.0,Low
CUST08427,12,176968.32,14747.36,0,10,3.3333333333333335,Low
CUST08428,6,8184.16,1364.0266666666666,0,10,1.6666666666666667,Low
CUST08429,10,56440.72,5644.072,0,10,1.0,Low
CUST08430,15,16483.510000000002,1098.900666666667,3,75,9.0,High
CUST08431,8,14680.449999999999,1835.0562499999999,0,10,2.5,Low
CUST08432,10,4853.46,485.346,0,10,6.0,Low
CUST08433,14,687924.76,49137.48285714286,0,20,5.714285714285714,Low
CUST08434,9,162517.21,18057.467777777776,0,10,1.1111111111111112,Low
CUST08435,11,95665.76,8696.887272727272,0,10,2.727272727272727,Low
CUST08436,13,35919.92,2763.070769230769,1,30,7.6923076923076925,Low
CUST08437,11,35938.1,3267.1,1,10,1.8181818181818181,Low
CUST08438,6,3072.36,512.0600000000001,1,20,6.666666666666667,Low
CUST08439,14,127624.53,9116.037857142857,1,10,2.857142857142857,Low
CUST08440,13,10802.45,830.9576923076924,1,30,6.923076923076923,Low
CUST08441,10,69680.25,6968.025,0,10,3.0,Low
CUST08442,13,561594.97,43199.61307692307,0,10,0.7692307692307693,Low
CUST08443,4,6579.88,1644.97,0,0,0.0,Low
CUST08444,15,28815.899999999998,1921.06,0,10,2.6666666666666665,Low
CUST08445,10,20027.35,2002.735,1,10,2.0,Low
CUST08446,4,4339.08,1084.77,0,10,2.5,Low
CUST08447,9,20575.79,2286.198888888889,1,10,5.555555555555555,Low
CUST08448,5,89769.68,17953.935999999998,0,0,0.0,Low
CUST08449,6,9426.58,1571.0966666666666,1,20,5.0,Low
CUST08450,10,204528.56,20452.856,0,10,4.0,Low
CUST08451,11,170908.97,15537.17909090909,1,30,4.545454545454546,Low
CUST08452,8,3645.6800000000003,455.71000000000004,0,10,2.5,Low
CUST08453,10,68511.03,6851.103,0,10,4.0,Low
CUST08454,8,5708.6900000000005,713.5862500000001,0,10,1.25,Low
CUST08455,5,1639.85,327.96999999999997,0,10,6.0,Low
CUST08456,9,151506.44,16834.04888888889,1,10,1.1111111111111112,Low
CUST08457,13,35095.81,2699.6776923076923,1,20,4.615384615384615,Low
CUST08458,10,34733.369999999995,3473.3369999999995,1,20,3.0,Low
CUST08459,12,6265.11,522.0925,0,10,2.5,Low
CUST08460,6,15236.0,2539.3333333333335,0,10,5.0,Low
CUST08461,10,24972.95,2497.295,0,10,3.0,Low
CUST08462,8,14482.32,1810.29,0,10,1.25,Low
CUST08463,10,21466.01,2146.6009999999997,1,15,5.5,Low
CUST08464,17,7441.55,437.73823529411766,0,10,1.1764705882352942,Low
CUST08465,9,139194.56,15466.062222222223,0,0,0.0,Low
CUST08466,8,14687.77,1835.97125,0,10,3.75,Low
CUST08467,3,3175.5,1058.5,0,10,3.3333333333333335,Low
CUST08468,6,210914.64,35152.44,2,30,9.166666666666666,Low
CUST08469,11,241957.58000000002,21996.14363636364,1,10,2.727272727272727,Low
CUST08470,13,53121.65,4086.2807692307692,0,10,3.8461538461538463,Low
CUST08471,12,23823.52,1985.2933333333333,0,10,3.3333333333333335,Low
CUST08472,10,1702.97,170.297,0,10,2.0,Low
CUST08473,9,4315.5,479.5,1,10,1.1111111111111112,Low
CUST08474,14,48609.590000000004,3472.1135714285715,0,10,2.142857142857143,Low
CUST08475,8,35403.82,4425.4775,0,10,1.25,Low
CUST08476,8,454862.79,56857.84875,0,20,5.0,Low
CUST08477,11,4628.39,420.7627272727273,0,10,3.6363636363636362,Low
CUST08478,8,3430.35,428.79375,2,30,6.25,Low
CUST08479,8,19180.18,2397.5225,0,10,1.25,Low
CUST08480,14,73696.58,5264.041428571429,1,10,2.857142857142857,Low
CUST08481,14,30691.829999999998,2192.2735714285714,0,10,2.857142857142857,Low
CUST08482,11,12794.04,1163.0945454545456,0,10,1.8181818181818181,Low
CUST08483,12,58929.87,4910.8225,1,20,5.833333333333333,Low
CUST08484,14,755635.66,53973.97571428572,1,20,2.142857142857143,Low
CUST08485,7,123921.28,17703.04,0,10,1.4285714285714286,Low
CUST08486,14,66002.67,4714.476428571428,0,10,2.857142857142857,Low
CUST08487,7,13812.0,1973.142857142857,0,10,1.4285714285714286,Low
CUST08488,13,16322.259999999998,1255.5584615384614,0,10,2.3076923076923075,Low
CUST08489,9,2488.39,276.48777777777775,0,10,1.1111111111111112,Low
CUST08490,9,728.36,80.92888888888889,1,0,0.0,Low
CUST08491,13,18844.52,1449.5784615384616,0,10,0.7692307692307693,Low
CUST08492,7,44918.2,6416.885714285714,1,10,4.285714285714286,Low
CUST08493,11,7743.22,703.929090909091,0,10,2.727272727272727,Low
CUST08494,10,68757.42,6875.742,1,10,2.0,Low
CUST08495,10,43349.659999999996,4334.965999999999,0,10,4.0,Low
CUST08496,7,4938.12,705.4457142857143,0,10,1.4285714285714286,Low
CUST08497,9,40593.67,4510.4077777777775,0,10,2.2222222222222223,Low
CUST08498,5,13636.369999999999,2727.274,0,10,4.0,Low
CUST08499,8,1829.04,228.63,1,15,4.375,Low
CUST08500,17,3956.04,232.70823529411766,0,10,2.3529411764705883,Low
CUST08501,7,2513.3199999999997,359.04571428571427,0,10,2.857142857142857,Low
CUST08502,15,10888.28,725.8853333333334,0,10,1.3333333333333333,Low
CUST08503,4,1330.1599999999999,332.53999999999996,0,0,0.0,Low
CUST08504,7,1644.79,234.97,0,10,2.857142857142857,Low
CUST08505,7,2110.26,301.46571428571434,0,0,0.0,Low
CUST08506,9,215875.13,23986.125555555554,1,10,3.3333333333333335,Low
CUST08507,10,10087.039999999999,1008.704,0,10,4.0,Low
CUST08508,11,14981.05,1361.9136363636362,0,10,3.6363636363636362,Low
CUST08509,11,2840.13,258.19363636363636,0,10,1.8181818181818181,Low
CUST08510,13,8278.23,636.786923076923,1,30,5.384615384615385,Low
CUST08511,10,412896.42,41289.642,0,10,4.0,Low
CUST08512,10,2512.56,251.256,1,10,3.0,Low
CUST08513,16,333534.77,20845.923125,0,10,1.25,Low
CUST08514,14,126742.1,9053.007142857143,0,10,2.142857142857143,Low
CUST08515,8,2978.0,372.25,0,10,2.5,Low
CUST08516,12,6526.09,543.8408333333333,0,10,2.5,Low
CUST08517,17,62259.82,3662.3423529411766,1,10,3.5294117647058822,Low
CUST08518,13,14701.849999999999,1130.9115384615384,0,10,0.7692307692307693,Low
CUST08519,12,123210.13,10267.510833333334,0,10,2.5,Low
CUST08520,14,146060.22,10432.872857142856,0,10,3.5714285714285716,Low
CUST08521,9,12173.21,1352.5788888888887,0,10,4.444444444444445,Low
CUST08522,9,7943.98,882.6644444444444,0,10,3.3333333333333335,Low
CUST08523,11,23437.19,2130.6536363636365,0,10,0.9090909090909091,Low
CUST08524,9,47588.02,5287.557777777777,2,20,5.555555555555555,Low
CUST08525,11,30395.31,2763.21,0,10,1.8181818181818181,Low
CUST08526,9,76466.36,8496.262222222222,1,10,1.1111111111111112,Low
CUST08527,7,17364.3,2480.6142857142854,0,10,4.285714285714286,Low
CUST08528,7,104287.13,14898.16142857143,0,0,0.0,Low
CUST08529,14,10613.85,758.1321428571429,0,10,2.857142857142857,Low
CUST08530,11,81747.11,7431.555454545454,0,10,0.9090909090909091,Low
CUST08531,3,18667.51,6222.503333333333,0,10,3.3333333333333335,Low
CUST08532,9,11687.99,1298.6655555555556,1,30,5.555555555555555,Low
CUST08533,9,29281.17,3253.463333333333,0,10,1.1111111111111112,Low
CUST08534,15,90307.0,6020.466666666666,0,10,4.0,Low
CUST08535,5,6515.21,1303.042,0,10,2.0,Low
CUST08536,12,217453.81,18121.150833333333,0,10,3.3333333333333335,Low
CUST08537,7,22267.61,3181.087142857143,1,10,1.4285714285714286,Low
CUST08538,8,140451.38,17556.4225,0,10,1.25,Low
CUST08539,11,61098.49,5554.408181818181,0,10,4.545454545454546,Low
CUST08540,15,86887.34,5792.489333333333,2,15,5.666666666666667,Low
CUST08541,9,5829.900000000001,647.7666666666668,0,10,2.2222222222222223,Low
CUST08542,9,41074.009999999995,4563.778888888888,1,20,2.2222222222222223,Low
CUST08543,8,107650.53,13456.31625,0,10,2.5,Low
CUST08544,6,2090.93,348.4883333333333,0,10,5.0,Low
CUST08545,5,18853.93,3770.786,0,10,6.0,Low
CUST08546,11,118626.55,10784.23181818182,0,10,0.9090909090909091,Low
CUST08547,8,10719.41,1339.92625,0,10,2.5,Low
CUST08548,17,32975.32,1939.724705882353,0,10,4.117647058823529,Low
CUST08549,5,1961.18,392.236,0,10,4.0,Low
CUST08550,9,8134.75,903.8611111111111,0,10,4.444444444444445,Low
CUST08551,14,29952.09,2139.435,3,75,8.928571428571429,High
CUST08552,9,94648.88,10516.542222222222,0,10,1.1111111111111112,Low
CUST08553,13,12169.31,936.1007692307692,1,20,3.8461538461538463,Low
CUST08554,7,40256.45,5750.921428571428,0,10,4.285714285714286,Low
CUST08555,9,23008.420000000002,2556.4911111111114,0,10,2.2222222222222223,Low
CUST08556,11,631850.92,57440.99272727273,0,20,5.454545454545454,Low
CUST08557,7,163386.86,23340.98,0,10,1.4285714285714286,Low
CUST08558,5,63476.56999999999,12695.313999999998,1,10,2.0,Low
CUST08559,6,42980.96,7163.493333333333,0,10,3.3333333333333335,Low
CUST08560,13,15363.29,1181.7915384615385,0,10,3.8461538461538463,Low
CUST08561,5,14460.07,2892.014,0,10,2.0,Low
CUST08562,11,75236.6,6839.690909090909,0,10,1.8181818181818181,Low
CUST08563,10,11136.29,1113.6290000000001,0,10,2.0,Low
CUST08564,5,2392.5,478.5,0,10,4.0,Low
CUST08565,8,25148.03,3143.50375,0,10,1.25,Low
CUST08566,7,9650.470000000001,1378.6385714285716,0,0,0.0,Low
CUST08567,15,30104.08,2006.9386666666667,0,10,2.0,Low
CUST08568,7,51312.020000000004,7330.288571428572,0,10,1.4285714285714286,Low
CUST08569,10,160671.91999999998,16067.192,0,10,3.0,Low
CUST08570,7,4197.6,599.657142857143,0,10,2.857142857142857,Low
CUST08571,10,21905.12,2190.5119999999997,0,10,1.0,Low
CUST08572,11,3329.45,302.67727272727274,0,10,3.6363636363636362,Low
CUST08573,12,10027.17,835.5975,0,10,0.8333333333333334,Low
CUST08574,13,92885.3,7145.0230769230775,1,25,4.230769230769231,Low
CUST08575,11,7766.45,706.040909090909,1,20,4.545454545454546,Low
CUST08576,14,1815.93,129.70928571428573,0,10,2.857142857142857,Low
CUST08577,11,271314.19,24664.926363636365,1,20,8.181818181818182,Low
CUST08578,12,7930.92,660.91,0,10,4.166666666666667,Low
CUST08579,11,68705.01,6245.91,3,55,11.363636363636363,Medium
CUST08580,7,69345.93,9906.561428571427,0,10,1.4285714285714286,Low
CUST08581,8,6653.29,831.66125,0,10,1.25,Low
CUST08582,8,5141.360000000001,642.6700000000001,0,10,1.25,Low
CUST08583,17,560395.12,32964.41882352941,2,30,4.117647058823529,Low
CUST08584,12,22098.39,1841.5325,1,30,5.0,Low
CUST08585,7,24151.97,3450.281428571429,0,0,0.0,Low
CUST08586,15,16827.08,1121.8053333333335,0,10,3.3333333333333335,Low
CUST08587,4,4650.04,1162.51,0,0,0.0,Low
CUST08588,8,148009.2,18501.15,0,10,1.25,Low
CUST08589,10,79444.43000000001,7944.443000000001,0,10,3.0,Low
CUST08590,9,126976.02,14108.446666666667,1,20,3.3333333333333335,Low
CUST08591,12,42088.04,3507.3366666666666,0,10,0.8333333333333334,Low
CUST08592,11,17998.82,1636.2563636363636,0,10,1.8181818181818181,Low
CUST08593,11,14786.539999999999,1344.230909090909,0,10,1.8181818181818181,Low
CUST08594,5,10228.32,2045.664,0,0,0.0,Low
CUST08595,8,4061.44,507.68,0,10,3.75,Low
CUST08596,15,177741.94,11849.462666666666,1,15,3.0,Low
CUST08597,7,62321.54,8903.077142857142,0,10,1.4285714285714286,Low
CUST08598,9,9817.98,1090.8866666666665,0,10,4.444444444444445,Low
CUST08599,11,60870.05,5533.640909090909,1,10,0.9090909090909091,Low
CUST08600,9,40540.409999999996,4504.49,1,10,1.1111111111111112,Low
CUST08601,13,69279.85,5329.219230769231,0,10,3.8461538461538463,Low
CUST08602,11,18474.85,1679.5318181818182,0,10,1.8181818181818181,Low
CUST08603,10,5908.57,590.857,0,10,2.0,Low
CUST08604,9,2304.71,256.0788888888889,0,10,2.2222222222222223,Low
CUST08605,16,4905.91,306.619375,0,10,2.5,Low
CUST08606,9,31170.96,3463.44,0,10,2.2222222222222223,Low
CUST08607,14,23149.03,1653.5021428571429,0,10,4.285714285714286,Low
CUST08608,14,21750.62,1553.6157142857141,0,10,3.5714285714285716,Low
CUST08609,9,12688.769999999999,1409.8633333333332,1,20,5.555555555555555,Low
CUST08610,14,132227.85,9444.846428571429,1,10,2.142857142857143,Low
CUST08611,11,38349.799999999996,3486.3454545454542,1,25,6.818181818181818,Low
CUST08612,11,3055.83,277.8027272727273,0,10,4.545454545454546,Low
CUST08613,13,61441.950000000004,4726.303846153846,0,10,1.5384615384615385,Low
CUST08614,16,232220.92,14513.8075,1,10,2.5,Low
CUST08615,10,65177.23,6517.723,0,10,3.0,Low
CUST08616,13,13369.06,1028.3892307692308,1,20,3.8461538461538463,Low
CUST08617,8,232687.85,29085.98125,0,10,2.5,Low
CUST08618,13,280124.08,21548.006153846156,0,10,3.076923076923077,Low
CUST08619,16,12846.61,802.913125,3,55,7.1875,Medium
CUST08620,16,3336.41,208.525625,0,10,3.125,Low
CUST08621,10,11929.54,1192.9540000000002,0,10,3.0,Low
CUST08622,7,2197.28,313.8971428571429,0,10,1.4285714285714286,Low
CUST08623,13,28294.43,2176.4946153846154,2,20,7.6923076923076925,Low
CUST08624,10,56623.78,5662.378,1,10,3.0,Low
CUST08625,10,10223.65,1022.365,0,10,3.0,Low
CUST08626,10,14714.16,1471.416,0,10,3.0,Low
CUST08627,15,299378.09,19958.539333333334,1,20,2.0,Low
CUST08628,8,23554.170000000002,2944.2712500000002,0,10,2.5,Low
CUST08629,9,51482.31,5720.256666666666,0,10,3.3333333333333335,Low
CUST08630,12,23532.66,1961.055,0,10,1.6666666666666667,Low
CUST08631,9,13891.150000000001,1543.4611111111112,0,10,3.3333333333333335,Low
CUST08632,11,173770.2,15797.29090909091,0,10,2.727272727272727,Low
CUST08633,4,8066.75,2016.6875,0,0,0.0,Low
CUST08634,5,52172.45,10434.49,1,10,4.0,Low
CUST08635,11,23586.79,2144.2536363636364,0,10,3.6363636363636362,Low
CUST08636,12,10066.66,838.8883333333333,0,10,0.8333333333333334,Low
CUST08637,15,9486.11,632.4073333333333,1,10,4.0,Low
CUST08638,14,6208.9,443.49285714285713,0,10,3.5714285714285716,Low
CUST08639,9,127914.55,14212.727777777778,2,15,6.111111111111111,Low
CUST08640,11,55647.130000000005,5058.830000000001,0,10,3.6363636363636362,Low
CUST08641,11,10820.61,983.6918181818182,0,10,2.727272727272727,Low
CUST08642,5,4614.78,922.9559999999999,1,20,8.0,Low
CUST08643,10,21034.91,2103.491,0,10,3.0,Low
CUST08644,11,7611.8099999999995,691.9827272727272,0,10,2.727272727272727,Low
CUST08645,5,6577.83,1315.566,0,0,0.0,Low
CUST08646,9,24636.56,2737.395555555556,0,10,2.2222222222222223,Low
CUST08647,13,27822.8,2140.2153846153847,1,25,5.769230769230769,Low
CUST08648,8,26653.15,3331.64375,0,10,3.75,Low
CUST08649,15,305606.06,20373.737333333334,3,75,10.333333333333334,High
CUST08650,11,162760.32,14796.392727272729,0,0,0.0,Low
CUST08651,17,10230.210000000001,601.7770588235295,0,10,1.7647058823529411,Low
CUST08652,10,7256.32,725.632,0,10,2.0,Low
CUST08653,11,48512.6,4410.236363636363,4,75,11.363636363636363,High
CUST08654,13,65304.85,5023.45,0,10,2.3076923076923075,Low
CUST08655,12,51758.07,4313.1725,0,10,1.6666666666666667,Low
CUST08656,9,75334.24,8370.471111111112,0,0,0.0,Low
CUST08657,7,4485.24,640.7485714285714,0,0,0.0,Low
CUST08658,6,1506.79,251.13166666666666,0,0,0.0,Low
CUST08659,10,3580.77,358.077,0,10,2.0,Low
CUST08660,5,53070.6,10614.119999999999,1,0,0.0,Low
CUST08661,10,57420.1,5742.01,1,10,4.0,Low
CUST08662,8,19423.06,2427.8825,0,10,1.25,Low
CUST08663,9,3298.67,366.5188888888889,1,10,1.1111111111111112,Low
CUST08664,6,178636.26,29772.710000000003,1,15,2.5,Low
CUST08665,9,6700.219999999999,744.4688888888888,0,10,4.444444444444445,Low
CUST08666,11,195098.8,17736.254545454543,0,10,1.8181818181818181,Low
CUST08667,8,63193.68,7899.21,1,10,6.25,Low
CUST08668,12,39567.88,3297.3233333333333,0,10,5.0,Low
CUST08669,12,13586.76,1132.23,1,10,2.5,Low
CUST08670,7,7744.21,1106.3157142857142,2,20,7.142857142857143,Low
CUST08671,12,9610.42,800.8683333333333,0,10,2.5,Low
CUST08672,6,27863.95,4643.991666666667,0,10,3.3333333333333335,Low
CUST08673,10,231084.1,23108.41,1,20,2.0,Low
CUST08674,8,51023.05,6377.88125,0,10,3.75,Low
CUST08675,12,110480.04,9206.67,0,0,0.0,Low
CUST08676,12,26033.34,2169.445,0,10,3.3333333333333335,Low
CUST08677,8,1011.1,126.3875,0,0,0.0,Low
CUST08678,8,47051.759999999995,5881.469999999999,1,25,3.125,Low
CUST08679,9,2850.34,316.70444444444445,0,10,3.3333333333333335,Low
CUST08680,8,7124.599999999999,890.5749999999999,0,10,1.25,Low
CUST08681,18,96566.18,5364.787777777778,0,10,2.7777777777777777,Low
CUST08682,11,174787.75,15889.795454545454,2,20,4.545454545454546,Low
CUST08683,19,44290.17,2331.061578947368,2,10,2.1052631578947367,Low
CUST08684,12,32549.11,2712.4258333333332,1,30,5.0,Low
CUST08685,6,74453.79,12408.964999999998,2,20,5.0,Low
CUST08686,13,505765.35,38905.02692307692,0,20,3.8461538461538463,Low
CUST08687,5,2310.33,462.066,0,10,2.0,Low
CUST08688,13,210237.58,16172.121538461537,3,85,12.692307692307692,High
CUST08689,8,8883.86,1110.4825,0,10,1.25,Low
CUST08690,11,90165.38,8196.852727272728,0,10,4.545454545454546,Low
CUST08691,9,285876.44,31764.04888888889,0,20,3.3333333333333335,Low
CUST08692,7,8527.32,1218.1885714285713,0,10,1.4285714285714286,Low
CUST08693,7,19318.17,2759.738571428571,0,10,1.4285714285714286,Low
CUST08694,15,296556.85,19770.456666666665,0,10,2.6666666666666665,Low
CUST08695,13,2539.0699999999997,195.3130769230769,0,10,2.3076923076923075,Low
CUST08696,10,25473.55,2547.355,3,20,7.0,Low
CUST08697,4,4169.75,1042.4375,0,10,5.0,Low
CUST08698,10,18167.09,1816.709,0,10,2.0,Low
CUST08699,10,59221.78,5922.178,0,10,1.0,Low
CUST08700,4,3080.54,770.135,0,0,0.0,Low
CUST08701,12,9915.7,826.3083333333334,1,20,4.166666666666667,Low
CUST08702,9,11890.16,1321.128888888889,0,10,2.2222222222222223,Low
CUST08703,11,84684.26999999999,7698.569999999999,0,10,3.6363636363636362,Low
CUST08704,12,493429.89,41119.1575,4,75,12.5,High
CUST08705,14,368991.53,26356.53785714286,0,10,2.142857142857143,Low
CUST08706,5,16500.43,3300.0860000000002,0,0,0.0,Low
CUST08707,12,5319.13,443.2608333333333,0,10,3.3333333333333335,Low
CUST08708,17,9981.11,587.1241176470588,1,20,2.9411764705882355,Low
CUST08709,13,22352.04,1719.3876923076923,1,10,1.5384615384615385,Low
CUST08710,10,52687.65,5268.765,3,75,11.5,High
CUST08711,12,57173.43,4764.4525,1,30,5.0,Low
CUST08712,3,2210.69,736.8966666666666,0,0,0.0,Low
CUST08713,7,5149.84,735.6914285714286,0,10,1.4285714285714286,Low
CUST08714,16,98270.48999999999,6141.905624999999,1,20,5.0,Low
CUST08715,13,237530.28,18271.56,0,10,2.3076923076923075,Low
CUST08716,12,188928.39,15744.032500000001,0,10,0.8333333333333334,Low
CUST08717,6,27703.329999999998,4617.221666666666,0,10,3.3333333333333335,Low
CUST08718,8,6592.1900000000005,824.0237500000001,0,10,2.5,Low
CUST08719,12,18788.22,1565.6850000000002,0,10,2.5,Low
CUST08720,16,45478.16,2842.385,1,10,2.5,Low
CUST08721,6,40291.1,6715.183333333333,0,10,1.6666666666666667,Low
CUST08722,11,16676.989999999998,1516.09,0,10,2.727272727272727,Low
CUST08723,5,48258.909999999996,9651.782,0,10,6.0,Low
CUST08724,9,16487.09,1831.898888888889,0,0,0.0,Low
CUST08725,10,15618.39,1561.839,2,30,5.0,Low
CUST08726,8,4543.76,567.97,0,10,2.5,Low
CUST08727,15,128276.15000000001,8551.743333333334,3,95,12.333333333333334,High
CUST08728,11,25758.5,2341.681818181818,1,30,2.727272727272727,Low
CUST08729,6,7450.16,1241.6933333333334,0,0,0.0,Low
CUST08730,12,48931.35,4077.6124999999997,1,20,4.166666666666667,Low
CUST08731,4,3414.22,853.555,0,0,0.0,Low
CUST08732,8,233613.81999999998,29201.727499999997,0,10,2.5,Low
CUST08733,14,8746.14,624.7242857142857,0,10,2.857142857142857,Low
CUST08734,8,40413.64,5051.705,0,10,1.25,Low
CUST08735,11,159450.98,14495.543636363638,2,30,4.545454545454546,Low
CUST08736,11,19599.920000000002,1781.8109090909093,0,10,2.727272727272727,Low
CUST08737,8,11369.85,1421.23125,1,30,7.5,Low
CUST08738,11,66412.6,6037.509090909091,1,10,2.727272727272727,Low
CUST08739,9,6353.81,705.978888888889,0,10,2.2222222222222223,Low
CUST08740,8,13414.33,1676.79125,0,10,1.25,Low
CUST08741,10,18068.88,1806.8880000000001,1,20,4.0,Low
CUST08742,8,33332.99,4166.62375,0,10,2.5,Low
CUST08743,11,51983.56,4725.778181818182,0,10,0.9090909090909091,Low
CUST08744,9,524239.94,58248.88222222222,0,20,4.444444444444445,Low
CUST08745,13,73097.24,5622.864615384616,2,10,2.3076923076923075,Low
CUST08746,1,5322.62,5322.62,0,0,0.0,Low
CUST08747,14,143256.3,10232.592857142856,1,10,1.4285714285714286,Low
CUST08748,8,18734.16,2341.77,0,10,5.0,Low
CUST08749,14,44780.61,3198.6150000000002,3,75,9.642857142857142,High
CUST08750,14,49983.65,3570.2607142857146,0,10,1.4285714285714286,Low
CUST08751,8,7295.5599999999995,911.9449999999999,0,10,3.75,Low
CUST08752,7,27960.7,3994.3857142857146,0,10,4.285714285714286,Low
CUST08753,15,67652.22,4510.148,1,10,2.0,Low
CUST08754,8,27644.14,3455.5175,1,30,6.25,Low
CUST08755,4,699.31,174.8275,0,0,0.0,Low
CUST08756,10,15521.5,1552.15,0,10,7.0,Low
CUST08757,8,7995.83,999.47875,0,10,5.0,Low
CUST08758,17,11673.84,686.6964705882353,1,10,1.7647058823529411,Low
CUST08759,4,1935.6299999999999,483.90749999999997,0,10,2.5,Low
CUST08760,16,220950.59,13809.411875,1,10,2.5,Low
CUST08761,10,39498.71,3949.871,3,75,13.5,High
CUST08762,6,7890.83,1315.1383333333333,0,10,5.0,Low
CUST08763,15,348689.53,23245.968666666668,1,20,3.3333333333333335,Low
CUST08764,12,7808.46,650.705,0,10,1.6666666666666667,Low
CUST08765,7,6354.31,907.7585714285715,0,0,0.0,Low
CUST08766,8,123044.06,15380.5075,1,10,5.0,Low
CUST08767,6,48676.7,8112.783333333333,0,10,1.6666666666666667,Low
CUST08768,11,60590.69,5508.244545454546,0,10,1.8181818181818181,Low
CUST08769,9,16971.73,1885.7477777777776,0,10,1.1111111111111112,Low
CUST08770,17,11174.1,657.3000000000001,1,30,5.294117647058823,Low
CUST08771,11,111644.67,10149.515454545455,0,10,3.6363636363636362,Low
CUST08772,10,213170.26,21317.026,0,10,3.0,Low
CUST08773,7,31331.4,4475.914285714286,0,10,1.4285714285714286,Low
CUST08774,12,9321.529999999999,776.7941666666666,0,10,4.166666666666667,Low
CUST08775,2,2167.29,1083.645,0,0,0.0,Low
CUST08776,14,53496.22,3821.1585714285716,1,10,5.0,Low
CUST08777,16,9494.17,593.385625,1,15,4.6875,Low
CUST08778,10,4511.0,451.1,0,10,4.0,Low
CUST08779,7,51313.46,7330.494285714286,0,10,1.4285714285714286,Low
CUST08780,7,56276.8,8039.542857142857,1,10,8.571428571428571,Low
CUST08781,15,53003.7,3533.58,2,20,4.666666666666667,Low
CUST08782,11,117567.39,10687.944545454546,0,10,1.8181818181818181,Low
CUST08783,5,6256.530000000001,1251.306,0,10,6.0,Low
CUST08784,5,84273.45,16854.69,0,10,4.0,Low
CUST08785,10,30516.32,3051.632,0,10,2.0,Low
CUST08786,10,4936.99,493.69899999999996,0,10,5.0,Low
CUST08787,12,74210.34999999999,6184.195833333332,0,10,2.5,Low
CUST08788,10,390863.18999999994,39086.318999999996,0,10,3.0,Low
CUST08789,9,25227.12,2803.0133333333333,1,10,2.2222222222222223,Low
CUST08790,14,92890.84,6635.0599999999995,0,10,4.285714285714286,Low
CUST08791,7,1827.33,261.04714285714283,0,10,1.4285714285714286,Low
CUST08792,4,905.6800000000001,226.42000000000002,0,10,2.5,Low
CUST08793,9,34243.61,3804.8455555555556,1,10,5.555555555555555,Low
CUST08794,12,81051.63,6754.302500000001,1,25,3.75,Low
CUST08795,8,50934.26,6366.7825,0,10,1.25,Low
CUST08796,10,14722.09,1472.209,0,10,3.0,Low
CUST08797,18,6051.88,336.21555555555557,0,10,2.7777777777777777,Low
CUST08798,4,12342.36,3085.59,1,20,5.0,Low
CUST08799,12,6699.6900000000005,558.3075,0,10,2.5,Low
CUST08800,11,90432.97,8221.17909090909,0,10,0.9090909090909091,Low
CUST08801,14,67023.54000000001,4787.395714285715,0,10,1.4285714285714286,Low
CUST08802,7,1494.05,213.43571428571428,0,10,4.285714285714286,Low
CUST08803,14,7276.5599999999995,519.7542857142856,0,10,2.142857142857143,Low
CUST08804,10,22615.730000000003,2261.5730000000003,0,0,0.0,Low
CUST08805,10,205649.09,20564.909,1,30,5.0,Low
CUST08806,8,8565.15,1070.64375,0,0,0.0,Low
CUST08807,11,45219.15,4110.831818181819,0,10,1.8181818181818181,Low
CUST08808,12,9243.28,770.2733333333334,0,10,5.0,Low
CUST08809,6,1903.57,317.26166666666666,0,10,3.3333333333333335,Low
CUST08810,8,24624.97,3078.12125,0,10,3.75,Low
CUST08811,9,4725.43,525.0477777777778,0,10,6.666666666666667,Low
CUST08812,10,21941.66,2194.166,0,10,2.0,Low
CUST08813,7,3911.4,558.7714285714286,0,10,2.857142857142857,Low
CUST08814,8,32106.45,4013.30625,0,10,2.5,Low
CUST08815,11,91171.16,8288.287272727273,1,10,3.6363636363636362,Low
CUST08816,7,45269.869999999995,6467.124285714285,0,10,2.857142857142857,Low
CUST08817,7,7837.110000000001,1119.587142857143,0,10,1.4285714285714286,Low
CUST08818,14,10844.92,774.6371428571429,0,10,0.7142857142857143,Low
CUST08819,13,31987.12,2460.547692307692,0,10,3.076923076923077,Low
CUST08820,9,90508.09,10056.454444444444,0,10,1.1111111111111112,Low
CUST08821,12,36779.37,3064.9475,0,10,3.3333333333333335,Low
CUST08822,4,13495.689999999999,3373.9224999999997,0,0,0.0,Low
CUST08823,11,95422.88,8674.807272727274,0,10,2.727272727272727,Low
CUST08824,9,17896.49,1988.498888888889,0,10,1.1111111111111112,Low
CUST08825,7,59073.07,8439.01,0,10,1.4285714285714286,Low
CUST08826,11,12818.49,1165.3172727272727,0,10,1.8181818181818181,Low
CUST08827,11,22736.73,2066.9754545454543,3,75,13.181818181818182,High
CUST08828,5,8770.45,1754.0900000000001,1,10,4.0,Low
CUST08829,9,24349.190000000002,2705.465555555556,0,10,3.3333333333333335,Low
CUST08830,12,137804.91999999998,11483.743333333332,0,0,0.0,Low
CUST08831,15,442719.02,29514.601333333336,1,10,4.666666666666667,Low
CUST08832,14,52344.189999999995,3738.870714285714,1,10,1.4285714285714286,Low
CUST08833,9,6667.62,740.8466666666667,0,10,2.2222222222222223,Low
CUST08834,12,69574.17,5797.8475,0,10,1.6666666666666667,Low
CUST08835,7,3421.16,488.7371428571428,0,0,0.0,Low
CUST08836,9,4140.110000000001,460.0122222222223,0,10,2.2222222222222223,Low
CUST08837,10,69557.83,6955.783,1,20,5.0,Low
CUST08838,17,12074.08,710.24,0,10,2.9411764705882355,Low
CUST08839,11,11949.42,1086.310909090909,0,10,0.9090909090909091,Low
CUST08840,5,65308.69,13061.738000000001,1,10,4.0,Low
CUST08841,10,6078.32,607.832,0,10,4.0,Low
CUST08842,12,25097.4,2091.4500000000003,0,10,0.8333333333333334,Low
CUST08843,13,25543.31,1964.8700000000001,0,10,2.3076923076923075,Low
CUST08844,9,12255.65,1361.7388888888888,0,10,3.3333333333333335,Low
CUST08845,8,4795.82,599.4775,0,10,2.5,Low
CUST08846,12,39471.270000000004,3289.2725000000005,0,10,3.3333333333333335,Low
CUST08847,12,52518.340000000004,4376.528333333334,0,10,2.5,Low
CUST08848,18,100197.91,5566.550555555556,1,15,3.0555555555555554,Low
CUST08849,10,51543.490000000005,5154.349,0,10,4.0,Low
CUST08850,9,14903.49,1655.9433333333334,0,10,3.3333333333333335,Low
CUST08851,8,77818.16000000002,9727.270000000002,1,10,3.75,Low
CUST08852,10,4470.12,447.012,0,10,2.0,Low
CUST08853,11,18623.97,1693.088181818182,0,10,2.727272727272727,Low
CUST08854,10,57690.08,5769.008,0,10,1.0,Low
CUST08855,10,25374.78,2537.478,1,10,2.0,Low
CUST08856,15,37825.41,2521.6940000000004,0,10,2.0,Low
CUST08857,7,831.6099999999999,118.80142857142856,0,10,1.4285714285714286,Low
CUST08858,10,211789.18,21178.917999999998,1,0,0.0,Low
CUST08859,5,79511.94,15902.388,1,0,0.0,Low
CUST08860,16,11269.08,704.3175,0,10,2.5,Low
CUST08861,7,2722.6,388.9428571428571,0,10,2.857142857142857,Low
CUST08862,8,82465.16,10308.145,0,10,3.75,Low
CUST08863,5,7511.28,1502.2559999999999,0,0,0.0,Low
CUST08864,12,29756.14,2479.6783333333333,0,10,3.3333333333333335,Low
CUST08865,10,10654.46,1065.446,1,15,5.5,Low
CUST08866,12,10043.2,836.9333333333334,0,10,2.5,Low
CUST08867,9,58084.979999999996,6453.886666666666,0,10,1.1111111111111112,Low
CUST08868,13,16128.03,1240.6176923076923,0,10,2.3076923076923075,Low
CUST08869,6,3972.18,662.03,0,10,1.6666666666666667,Low
CUST08870,12,59915.32,4992.943333333334,0,10,4.166666666666667,Low
CUST08871,10,7311.15,731.115,1,20,5.0,Low
CUST08872,4,13053.01,3263.2525,0,10,2.5,Low
CUST08873,7,61480.69,8782.955714285714,0,10,2.857142857142857,Low
CUST08874,10,12732.88,1273.288,1,30,4.0,Low
CUST08875,6,8706.94,1451.1566666666668,1,10,1.6666666666666667,Low
CUST08876,7,9244.0,1320.5714285714287,0,10,2.857142857142857,Low
CUST08877,10,10271.68,1027.1680000000001,0,10,3.0,Low
CUST08878,8,51717.189999999995,6464.648749999999,0,10,2.5,Low
CUST08879,7,2544.42,363.48857142857145,1,25,5.0,Low
CUST08880,8,6027.32,753.415,0,10,2.5,Low
CUST08881,15,28518.29,1901.2193333333335,0,10,3.3333333333333335,Low
CUST08882,11,8343.58,758.5072727272727,0,0,0.0,Low
CUST08883,13,6818.91,524.5315384615385,0,10,1.5384615384615385,Low
CUST08884,7,9449.95,1349.9928571428572,0,10,5.714285714285714,Low
CUST08885,4,53820.12,13455.03,0,10,5.0,Low
CUST08886,14,426420.45,30458.60357142857,0,10,3.5714285714285716,Low
CUST08887,14,121256.53,8661.180714285714,0,10,0.7142857142857143,Low
CUST08888,9,1022.48,113.60888888888888,0,10,4.444444444444445,Low
CUST08889,11,5044.7,458.60909090909087,0,10,4.545454545454546,Low
CUST08890,12,3359.0099999999998,279.91749999999996,0,10,2.5,Low
CUST08891,8,65229.29,8153.66125,1,20,7.5,Low
CUST08892,7,48665.84,6952.262857142857,0,10,2.857142857142857,Low
CUST08893,7,11258.18,1608.3114285714287,0,10,5.714285714285714,Low
CUST08894,13,56828.81,4371.446923076923,0,10,3.076923076923077,Low
CUST08895,8,6830.39,853.79875,0,10,1.25,Low
CUST08896,15,11445.03,763.0020000000001,0,10,2.0,Low
CUST08897,6,58013.53,9668.921666666667,0,10,1.6666666666666667,Low
CUST08898,12,755225.95,62935.49583333333,0,20,5.833333333333333,Low
CUST08899,15,5276.84,351.78933333333333,0,10,3.3333333333333335,Low
CUST08900,7,91514.16,13073.451428571429,1,10,2.857142857142857,Low
CUST08901,7,8409.31,1201.33,0,10,7.142857142857143,Low
CUST08902,8,8523.380000000001,1065.4225000000001,1,20,7.5,Low
CUST08903,6,6003.51,1000.585,1,10,5.0,Low
CUST08904,5,41517.479999999996,8303.496,1,10,2.0,Low
CUST08905,7,3574.08,510.5828571428571,0,10,2.857142857142857,Low
CUST08906,4,12384.53,3096.1325,0,0,0.0,Low
CUST08907,10,18642.79,1864.279,0,10,1.0,Low
CUST08908,14,406791.8,29056.557142857142,0,10,2.142857142857143,Low
CUST08909,10,106389.23000000001,10638.923,0,10,2.0,Low
CUST08910,12,39508.47,3292.3725,0,10,1.6666666666666667,Low
CUST08911,7,18989.36,2712.7657142857142,1,20,4.285714285714286,Low
CUST08912,10,43483.59,4348.3589999999995,0,10,1.0,Low
CUST08913,7,53233.159999999996,7604.737142857142,1,10,5.714285714285714,Low
CUST08914,10,20195.07,2019.507,0,0,0.0,Low
CUST08915,8,56961.94,7120.2425,2,20,3.75,Low
CUST08916,8,125879.96,15734.995,0,10,2.5,Low
CUST08917,12,2922.56,243.54666666666665,0,10,1.6666666666666667,Low
CUST08918,10,60835.770000000004,6083.577,1,10,1.0,Low
CUST08919,7,23583.03,3369.0042857142857,0,10,1.4285714285714286,Low
CUST08920,10,15863.8,1586.3799999999999,0,10,3.0,Low
CUST08921,13,22537.11,1733.6238461538462,0,10,0.7692307692307693,Low
CUST08922,7,45950.94,6564.42,0,10,1.4285714285714286,Low
CUST08923,15,24485.29,1632.3526666666667,1,15,5.0,Low
CUST08924,7,87184.13,12454.875714285716,1,10,2.857142857142857,Low
CUST08925,14,237125.84,16937.56,1,15,2.5,Low
CUST08926,13,32853.09,2527.160769230769,0,10,2.3076923076923075,Low
CUST08927,9,21530.329999999998,2392.2588888888886,0,10,3.3333333333333335,Low
CUST08928,10,21289.64,2128.964,0,10,4.0,Low
CUST08929,9,49267.67,5474.185555555556,1,10,3.3333333333333335,Low
CUST08930,4,824.0799999999999,206.01999999999998,0,10,2.5,Low
CUST08931,6,1072.4,178.73333333333335,0,10,3.3333333333333335,Low
CUST08932,9,3095.07,343.8966666666667,0,10,3.3333333333333335,Low
CUST08933,10,19920.28,1992.0279999999998,1,15,4.5,Low
CUST08934,10,15338.220000000001,1533.8220000000001,0,10,3.0,Low
CUST08935,13,20820.54,1601.5800000000002,2,15,1.1538461538461537,Low
CUST08936,14,166104.03,11864.573571428571,0,10,1.4285714285714286,Low
CUST08937,9,12114.63,1346.07,1,20,4.444444444444445,Low
CUST08938,9,19987.28,2220.8088888888888,0,10,2.2222222222222223,Low
CUST08939,15,22420.76,1494.7173333333333,0,10,2.6666666666666665,Low
CUST08940,12,101457.6,8454.800000000001,0,10,5.833333333333333,Low
CUST08941,17,52343.87,3079.0511764705884,0,10,1.7647058823529411,Low
CUST08942,15,374606.63999999996,24973.775999999998,0,10,1.3333333333333333,Low
CUST08943,13,14382.99,1106.3838461538462,0,10,3.076923076923077,Low
CUST08944,9,90784.39,10087.154444444444,0,0,0.0,Low
CUST08945,8,5192.84,649.105,0,0,0.0,Low
CUST08946,10,3550.66,355.066,0,10,1.0,Low
CUST08947,11,17461.53,1587.411818181818,0,10,3.6363636363636362,Low
CUST08948,8,31384.3,3923.0375,0,10,3.75,Low
CUST08949,7,20919.08,2988.44,0,0,0.0,Low
CUST08950,11,17681.97,1607.4518181818182,0,10,1.8181818181818181,Low
CUST08951,8,119361.35,14920.16875,1,20,6.25,Low
CUST08952,5,14589.380000000001,2917.876,0,10,6.0,Low
CUST08953,12,33639.74,2803.3116666666665,0,10,2.5,Low
CUST08954,7,34908.96,4986.994285714286,0,0,0.0,Low
CUST08955,9,10087.789999999999,1120.8655555555554,0,10,2.2222222222222223,Low
CUST08956,11,400536.9,36412.44545454546,2,30,6.363636363636363,Low
CUST08957,7,13900.7,1985.814285714286,0,10,2.857142857142857,Low
CUST08958,9,5086.8,565.2,1,15,7.222222222222222,Low
CUST08959,9,5169.56,574.3955555555556,0,10,3.3333333333333335,Low
CUST08960,14,306565.59,21897.542142857146,3,75,11.071428571428571,High
CUST08961,8,74309.79000000001,9288.723750000001,1,10,3.75,Low
CUST08962,8,7341.95,917.74375,1,20,6.25,Low
CUST08963,10,87503.38,8750.338,0,10,4.0,Low
CUST08964,9,24060.079999999998,2673.342222222222,0,10,3.3333333333333335,Low
CUST08965,9,2548.02,283.11333333333334,0,10,3.3333333333333335,Low
CUST08966,17,145448.1,8555.770588235295,1,10,2.9411764705882355,Low
CUST08967,11,34078.16,3098.014545454546,0,10,3.6363636363636362,Low
CUST08968,4,5848.76,1462.19,0,10,5.0,Low
CUST08969,8,5840.74,730.0925,0,10,2.5,Low
CUST08970,11,55890.61,5080.964545454545,0,10,0.9090909090909091,Low
CUST08971,8,45739.93,5717.49125,0,10,1.25,Low
CUST08972,11,11719.85,1065.4409090909091,0,0,0.0,Low
CUST08973,3,9446.1,3148.7000000000003,0,0,0.0,Low
CUST08974,3,1027.67,342.5566666666667,0,0,0.0,Low
CUST08975,15,3684.88,245.65866666666668,0,10,2.0,Low
CUST08976,8,935.81,116.97625,0,10,3.75,Low
CUST08977,6,3601.04,600.1733333333333,0,0,0.0,Low
CUST08978,9,15019.98,1668.8866666666665,1,30,4.444444444444445,Low
CUST08979,8,1770.72,221.34,0,10,3.75,Low
CUST08980,11,3167.61,287.9645454545455,1,20,4.545454545454546,Low
CUST08981,15,21099.81,1406.654,3,75,9.0,High
CUST08982,8,5607.53,700.94125,0,10,5.0,Low
CUST08983,8,14464.310000000001,1808.0387500000002,0,10,2.5,Low
CUST08984,10,21589.219999999998,2158.9219999999996,0,10,2.0,Low
CUST08985,11,36596.1,3326.918181818182,0,10,2.727272727272727,Low
CUST08986,8,2105.46,263.1825,1,25,4.375,Low
CUST08987,13,161433.61,12417.97,0,10,3.8461538461538463,Low
CUST08988,11,24749.59,2249.962727272727,0,10,1.8181818181818181,Low
CUST08989,10,36124.5,3612.45,0,10,3.0,Low
CUST08990,9,7151.9,794.6555555555556,0,10,1.1111111111111112,Low
CUST08991,9,2836.15,315.1277777777778,0,10,4.444444444444445,Low
CUST08992,17,40235.84,2366.8141176470585,1,30,2.9411764705882355,Low
CUST08993,8,104565.55,13070.69375,1,15,3.125,Low
CUST08994,3,19010.84,6336.946666666667,0,0,0.0,Low
CUST08995,8,39235.24,4904.405,0,10,3.75,Low
CUST08996,7,15411.89,2201.6985714285715,0,10,2.857142857142857,Low
CUST08997,12,3738.2,311.51666666666665,0,10,2.5,Low
CUST08998,16,6185.95,386.621875,1,20,3.125,Low
CUST08999,6,1757.91,292.985,0,0,0.0,Low
CUST09000,9,107485.04,11942.782222222222,0,10,3.3333333333333335,Low
CUST09001,11,230251.36,20931.94181818182,0,10,0.9090909090909091,Low
CUST09002,13,22123.87,1701.8361538461538,0,10,3.076923076923077,Low
CUST09003,6,103164.07,17194.01166666667,0,10,3.3333333333333335,Low
CUST09004,8,15730.12,1966.265,0,10,3.75,Low
CUST09005,17,48203.35,2835.491176470588,0,10,2.9411764705882355,Low
CUST09006,13,32962.45,2535.5730769230768,0,10,2.3076923076923075,Low
CUST09007,18,139106.43,7728.134999999999,1,10,2.2222222222222223,Low
CUST09008,8,6677.860000000001,834.7325000000001,0,10,1.25,Low
CUST09009,13,13745.01,1057.3084615384616,0,10,0.7692307692307693,Low
CUST09010,10,134995.55,13499.554999999998,0,10,2.0,Low
CUST09011,6,30275.16,5045.86,0,10,1.6666666666666667,Low
CUST09012,10,5601.72,560.172,0,10,2.0,Low
CUST09013,8,53155.72,6644.465,0,10,1.25,Low
CUST09014,8,136845.22,17105.6525,0,10,2.5,Low
CUST09015,5,816.19,163.238,0,10,2.0,Low
CUST09016,12,6372.67,531.0558333333333,0,10,5.0,Low
CUST09017,9,5824.9,647.2111111111111,0,10,2.2222222222222223,Low
CUST09018,12,4838.04,403.17,0,10,1.6666666666666667,Low
CUST09019,14,537575.99,38398.284999999996,0,30,5.0,Low
CUST09020,8,28214.9,3526.8625,0,0,0.0,Low
CUST09021,6,83500.59,13916.765,0,10,1.6666666666666667,Low
CUST09022,8,204463.41,25557.92625,0,10,6.25,Low
CUST09023,8,160777.77,20097.22125,0,10,2.5,Low
CUST09024,15,35275.85,2351.7233333333334,0,10,3.3333333333333335,Low
CUST09025,17,15087.650000000001,887.5088235294119,0,10,1.7647058823529411,Low
CUST09026,9,14562.689999999999,1618.0766666666666,1,10,3.3333333333333335,Low
CUST09027,6,996.21,166.035,0,0,0.0,Low
CUST09028,8,3706.41,463.30125,0,10,3.75,Low
CUST09029,12,44909.53,3742.460833333333,0,10,3.3333333333333335,Low
CUST09030,5,8581.95,1716.39,0,10,2.0,Low
CUST09031,12,60072.259999999995,5006.0216666666665,1,10,5.0,Low
CUST09032,7,4699.1900000000005,671.3128571428572,0,10,2.857142857142857,Low
CUST09033,14,46413.51,3315.2507142857144,0,10,3.5714285714285716,Low
CUST09034,14,26646.23,1903.3021428571428,0,10,3.5714285714285716,Low
CUST09035,8,19882.65,2485.33125,0,10,2.5,Low
CUST09036,13,5409.66,416.1276923076923,0,10,3.076923076923077,Low
CUST09037,12,15624.8,1302.0666666666666,0,10,0.8333333333333334,Low
CUST09038,10,376276.63,37627.663,0,10,4.0,Low
CUST09039,16,53823.19,3363.949375,0,10,3.75,Low
CUST09040,7,104798.51000000001,14971.215714285716,0,10,1.4285714285714286,Low
CUST09041,10,4502.96,450.296,1,10,2.0,Low
CUST09042,15,287203.86,19146.924,0,10,1.3333333333333333,Low
CUST09043,7,35481.3,5068.757142857144,0,10,1.4285714285714286,Low
CUST09044,8,197677.43,24709.67875,0,10,1.25,Low
CUST09045,10,47595.01,4759.501,0,10,4.0,Low
CUST09046,7,3765.53,537.9328571428572,0,10,2.857142857142857,Low
CUST09047,8,169916.91,21239.61375,0,10,1.25,Low
CUST09048,9,2251.2,250.13333333333333,0,10,1.1111111111111112,Low
CUST09049,8,14762.67,1845.33375,0,10,2.5,Low
CUST09050,15,68983.04,4598.869333333333,0,10,3.3333333333333335,Low
CUST09051,9,24554.170000000002,2728.2411111111114,0,10,1.1111111111111112,Low
CUST09052,11,192670.18,17515.47090909091,1,20,2.727272727272727,Low
CUST09053,7,99167.59,14166.798571428571,0,10,2.857142857142857,Low
CUST09054,10,7483.04,748.304,0,10,4.0,Low
CUST09055,10,61577.17,6157.717,1,20,7.0,Low
CUST09056,11,53803.420000000006,4891.22,1,10,3.6363636363636362,Low
CUST09057,8,15235.289999999999,1904.4112499999999,0,10,1.25,Low
CUST09058,10,6944.55,694.455,0,10,3.0,Low
CUST09059,4,2016.96,504.24,0,10,5.0,Low
CUST09060,5,15387.28,3077.456,0,0,0.0,Low
CUST09061,2,1334.6,667.3,0,0,0.0,Low
CUST09062,12,62933.1,5244.425,1,10,1.6666666666666667,Low
CUST09063,9,5832.21,648.0233333333333,0,10,2.2222222222222223,Low
CUST09064,9,9840.24,1093.36,0,10,2.2222222222222223,Low
CUST09065,14,16095.48,1149.6771428571428,0,10,0.7142857142857143,Low
CUST09066,13,125886.73,9683.594615384614,0,10,3.076923076923077,Low
CUST09067,8,193947.52,24243.44,0,10,2.5,Low
CUST09068,8,2334.71,291.83875,1,10,6.25,Low
CUST09069,13,6974.41,536.493076923077,0,10,2.3076923076923075,Low
CUST09070,4,859.48,214.87,0,0,0.0,Low
CUST09071,11,16030.4,1457.3090909090909,0,0,0.0,Low
CUST09072,19,25913.36,1363.861052631579,1,20,4.7368421052631575,Low
CUST09073,13,4683.8099999999995,360.2930769230769,0,10,2.3076923076923075,Low
CUST09074,8,80597.6,10074.7,1,10,1.25,Low
CUST09075,7,36803.24,5257.605714285714,0,10,5.714285714285714,Low
CUST09076,7,31686.61,4526.658571428571,1,20,4.285714285714286,Low
CUST09077,7,3154.27,450.61,0,10,1.4285714285714286,Low
CUST09078,16,72955.84,4559.74,1,10,2.5,Low
CUST09079,7,15137.3,2162.4714285714285,1,0,0.0,Low
CUST09080,6,12951.22,2158.5366666666664,0,10,1.6666666666666667,Low
CUST09081,12,27089.56,2257.4633333333336,0,10,5.0,Low
CUST09082,16,105483.12999999999,6592.695624999999,0,10,1.25,Low
CUST09083,10,17026.96,1702.696,1,30,4.0,Low
CUST09084,7,2900.33,414.3328571428571,1,10,2.857142857142857,Low
CUST09085,10,29009.29,2900.929,0,10,2.0,Low
CUST09086,6,5472.52,912.0866666666667,0,0,0.0,Low
CUST09087,8,23335.24,2916.905,0,0,0.0,Low
CUST09088,8,572021.97,71502.74625,0,20,5.0,Low
CUST09089,6,59960.78999999999,9993.464999999998,0,0,0.0,Low
CUST09090,11,23866.77,2169.7063636363637,1,20,3.6363636363636362,Low
CUST09091,12,196121.45,16343.454166666668,0,10,3.3333333333333335,Low
CUST09092,14,31016.27,2215.447857142857,1,10,3.5714285714285716,Low
CUST09093,8,22240.18,2780.0225,0,10,1.25,Low
CUST09094,15,22466.46,1497.764,0,10,1.3333333333333333,Low
CUST09095,12,61331.02,5110.918333333333,0,10,0.8333333333333334,Low
CUST09096,10,71775.73,7177.572999999999,0,10,1.0,Low
CUST09097,17,104762.24,6162.484705882353,1,20,2.9411764705882355,Low
CUST09098,10,4410.31,441.03100000000006,0,10,3.0,Low
CUST09099,8,95424.17,11928.02125,0,10,2.5,Low
CUST09100,7,1890.63,270.09000000000003,1,20,5.714285714285714,Low
CUST09101,10,46901.68,4690.168,0,10,3.0,Low
CUST09102,9,40291.4,4476.822222222222,0,10,1.1111111111111112,Low
CUST09103,13,19109.07,1469.9284615384615,0,10,1.5384615384615385,Low
CUST09104,10,21132.620000000003,2113.262,0,10,4.0,Low
CUST09105,11,64780.42,5889.12909090909,0,10,2.727272727272727,Low
CUST09106,11,7502.86,682.0781818181817,0,10,5.454545454545454,Low
CUST09107,9,585306.95,65034.10555555555,0,20,4.444444444444445,Low
CUST09108,8,12139.630000000001,1517.4537500000001,0,0,0.0,Low
CUST09109,8,19934.04,2491.755,0,10,1.25,Low
CUST09110,17,59772.01,3516.0005882352943,1,10,2.9411764705882355,Low
CUST09111,9,49935.32,5548.368888888889,1,20,2.2222222222222223,Low
CUST09112,9,321477.89,35719.765555555554,0,20,4.444444444444445,Low
CUST09113,15,21979.68,1465.3120000000001,0,10,2.6666666666666665,Low
CUST09114,9,21594.63,2399.4033333333336,0,10,4.444444444444445,Low
CUST09115,12,15583.470000000001,1298.6225000000002,0,10,4.166666666666667,Low
CUST09116,12,6192.38,516.0316666666666,2,30,5.833333333333333,Low
CUST09117,11,3446.83,313.3481818181818,0,10,0.9090909090909091,Low
CUST09118,8,4488.47,561.05875,0,10,2.5,Low
CUST09119,10,7169.28,716.928,0,10,3.0,Low
CUST09120,4,47503.909999999996,11875.977499999999,0,10,7.5,Low
CUST09121,7,36462.42,5208.917142857143,0,10,7.142857142857143,Low
CUST09122,9,55914.14,6212.682222222222,2,20,6.666666666666667,Low
CUST09123,6,7730.45,1288.4083333333333,0,0,0.0,Low
CUST09124,10,43400.67,4340.067,0,10,3.0,Low
CUST09125,7,4679.55,668.5071428571429,0,10,2.857142857142857,Low
CUST09126,6,79771.20000000001,13295.200000000003,0,0,0.0,Low
CUST09127,13,22716.07,1747.3899999999999,1,30,6.153846153846154,Low
CUST09128,12,4540.71,378.3925,0,10,4.166666666666667,Low
CUST09129,6,23840.81,3973.4683333333337,0,10,1.6666666666666667,Low
CUST09130,13,214171.99,16474.76846153846,0,10,2.3076923076923075,Low
CUST09131,9,42813.1,4757.011111111111,0,10,4.444444444444445,Low
CUST09132,8,2940.48,367.56,0,10,1.25,Low
CUST09133,11,25184.760000000002,2289.5236363636363,0,10,1.8181818181818181,Low
CUST09134,14,223242.18,15945.869999999999,1,20,5.0,Low
CUST09135,10,12376.210000000001,1237.621,0,10,2.0,Low
CUST09136,8,10624.48,1328.06,0,10,2.5,Low
CUST09137,10,23978.79,2397.879,0,10,2.0,Low
CUST09138,4,1538.14,384.535,0,10,5.0,Low
CUST09139,10,37341.83,3734.183,1,20,3.0,Low
CUST09140,13,21314.350000000002,1639.5653846153848,0,10,0.7692307692307693,Low
CUST09141,2,4850.79,2425.395,0,10,5.0,Low
CUST09142,10,4429.21,442.921,1,15,5.5,Low
CUST09143,9,16172.199999999999,1796.911111111111,0,10,3.3333333333333335,Low
CUST09144,11,33085.74,3007.794545454545,0,10,2.727272727272727,Low
CUST09145,10,30918.02,3091.802,0,10,6.0,Low
CUST09146,9,46632.63,5181.403333333333,2,10,1.1111111111111112,Low
CUST09147,11,93039.97,8458.17909090909,1,10,1.8181818181818181,Low
CUST09148,10,14875.699999999999,1487.57,0,10,3.0,Low
CUST09149,13,59668.17,4589.859230769231,0,10,0.7692307692307693,Low
CUST09150,16,33999.520000000004,2124.9700000000003,3,75,9.0625,High
CUST09151,6,19606.539999999997,3267.756666666666,0,0,0.0,Low
CUST09152,10,11728.279999999999,1172.828,0,10,3.0,Low
CUST09153,7,32379.739999999998,4625.677142857143,0,10,2.857142857142857,Low
CUST09154,13,33851.08,2603.929230769231,0,10,2.3076923076923075,Low
CUST09155,7,6855.719999999999,979.3885714285714,0,10,7.142857142857143,Low
CUST09156,8,2817.93,352.24125,1,10,1.25,Low
CUST09157,7,22157.89,3165.412857142857,0,10,2.857142857142857,Low
CUST09158,8,60306.25,7538.28125,0,10,2.5,Low
CUST09159,16,3630.38,226.89875,0,10,4.375,Low
CUST09160,12,101577.64,8464.803333333333,1,25,3.75,Low
CUST09161,11,6398.0,581.6363636363636,1,30,4.545454545454546,Low
CUST09162,10,102390.64,10239.064,0,10,2.0,Low
CUST09163,12,60428.46,5035.705,1,10,3.3333333333333335,Low
CUST09164,13,264786.95999999996,20368.22769230769,0,10,0.7692307692307693,Low
CUST09165,17,27746.49,1632.1464705882354,0,10,4.117647058823529,Low
CUST09166,12,5804.32,483.6933333333333,1,20,3.3333333333333335,Low
CUST09167,13,35822.51,2755.5776923076924,0,10,2.3076923076923075,Low
CUST09168,11,23872.81,2170.2554545454545,0,10,3.6363636363636362,Low
CUST09169,10,4661.47,466.14700000000005,0,10,1.0,Low
CUST09170,13,4054.6899999999996,311.8992307692307,1,25,3.4615384615384617,Low
CUST09171,14,126587.72,9041.98,2,0,0.0,Low
CUST09172,8,181993.44,22749.18,0,10,3.75,Low
CUST09173,11,16315.94,1483.2672727272727,0,10,2.727272727272727,Low
CUST09174,6,6399.91,1066.6516666666666,0,10,8.333333333333334,Low
CUST09175,8,463981.37,57997.67125,0,20,5.0,Low
CUST09176,9,3577.1299999999997,397.45888888888885,0,0,0.0,Low
CUST09177,11,25136.949999999997,2285.1772727272723,0,10,3.6363636363636362,Low
CUST09178,11,21289.18,1935.38,0,10,1.8181818181818181,Low
CUST09179,12,19804.2,1650.3500000000001,0,10,5.0,Low
CUST09180,11,48894.0,4444.909090909091,0,10,2.727272727272727,Low
CUST09181,9,12802.83,1422.5366666666666,0,0,0.0,Low
CUST09182,7,6737.25,962.4642857142857,0,10,2.857142857142857,Low
CUST09183,12,26746.3,2228.858333333333,0,10,0.8333333333333334,Low
CUST09184,9,4278.3,475.3666666666667,0,10,2.2222222222222223,Low
CUST09185,13,36493.340000000004,2807.1800000000003,0,10,3.8461538461538463,Low
CUST09186,16,12138.26,758.64125,0,10,4.375,Low
CUST09187,7,124123.08,17731.86857142857,0,10,1.4285714285714286,Low
CUST09188,7,1299.71,185.67285714285714,0,10,2.857142857142857,Low
CUST09189,14,10008.07,714.8621428571429,0,10,1.4285714285714286,Low
CUST09190,11,11987.810000000001,1089.8009090909093,0,0,0.0,Low
CUST09191,16,7761.0,485.0625,1,15,4.6875,Low
CUST09192,11,106253.34,9659.394545454545,0,10,3.6363636363636362,Low
CUST09193,11,11642.54,1058.4127272727274,0,10,5.454545454545454,Low
CUST09194,11,95108.13,8646.193636363636,1,10,2.727272727272727,Low
CUST09195,10,14419.74,1441.974,0,10,1.0,Low
CUST09196,8,3309.76,413.72,0,10,2.5,Low
CUST09197,8,52684.090000000004,6585.5112500000005,1,10,2.5,Low
CUST09198,13,142161.26,10935.48153846154,0,10,0.7692307692307693,Low
CUST09199,8,4419.48,552.435,0,10,1.25,Low
CUST09200,10,7912.83,791.283,0,10,4.0,Low
CUST09201,9,13747.779999999999,1527.531111111111,1,20,4.444444444444445,Low
CUST09202,9,2827.31,314.1455555555556,0,10,1.1111111111111112,Low
CUST09203,10,30974.88,3097.4880000000003,3,75,12.5,High
CUST09204,15,13138.87,875.9246666666667,0,10,2.0,Low
CUST09205,19,34102.08,1794.8463157894737,1,20,2.1052631578947367,Low
CUST09206,3,5067.82,1689.2733333333333,0,10,6.666666666666667,Low
CUST09207,7,8337.51,1191.0728571428572,1,20,2.857142857142857,Low
CUST09208,9,42365.159999999996,4707.24,0,10,2.2222222222222223,Low
CUST09209,10,69786.46,6978.646000000001,0,10,2.0,Low
CUST09210,8,11560.24,1445.03,0,10,1.25,Low
CUST09211,9,255816.91,28424.10111111111,1,10,4.444444444444445,Low
CUST09212,14,125334.92,8952.494285714285,0,10,2.142857142857143,Low
CUST09213,4,2262.12,565.53,0,0,0.0,Low
CUST09214,9,11128.24,1236.471111111111,1,10,2.2222222222222223,Low
CUST09215,11,3322.1,302.0090909090909,0,10,2.727272727272727,Low
CUST09216,15,59096.64,3939.776,0,10,4.666666666666667,Low
CUST09217,14,96878.02,6919.858571428572,0,10,1.4285714285714286,Low
CUST09218,8,359190.65,44898.83125,0,10,1.25,Low
CUST09219,4,7975.55,1993.8875,0,10,5.0,Low
CUST09220,8,12037.300000000001,1504.6625000000001,0,10,2.5,Low
CUST09221,7,5636.48,805.2114285714285,0,10,2.857142857142857,Low
CUST09222,8,73351.85,9168.98125,0,10,1.25,Low
CUST09223,15,10509.710000000001,700.6473333333334,1,10,1.3333333333333333,Low
CUST09224,13,10954.41,842.646923076923,0,10,3.8461538461538463,Low
CUST09225,13,42461.42,3266.263076923077,1,10,3.076923076923077,Low
CUST09226,13,8405.39,646.5684615384615,1,20,3.8461538461538463,Low
CUST09227,13,22211.87,1708.6053846153845,0,10,3.8461538461538463,Low
CUST09228,12,286821.98,23901.831666666665,0,20,3.3333333333333335,Low
CUST09229,13,64232.32,4940.947692307693,1,10,2.3076923076923075,Low
CUST09230,8,36874.06,4609.2575,0,10,2.5,Low
CUST09231,5,5867.66,1173.532,0,0,0.0,Low
CUST09232,8,14079.599999999999,1759.9499999999998,0,10,2.5,Low
CUST09233,13,122064.08,9389.544615384615,0,10,5.384615384615385,Low
CUST09234,14,23918.559999999998,1708.4685714285713,1,10,2.857142857142857,Low
CUST09235,3,2027.7399999999998,675.9133333333333,0,0,0.0,Low
CUST09236,10,8409.42,840.942,0,10,3.0,Low
CUST09237,15,4840.78,322.71866666666665,0,10,2.0,Low
CUST09238,8,35167.99,4395.99875,0,10,3.75,Low
CUST09239,6,30247.11,5041.185,0,10,3.3333333333333335,Low
CUST09240,5,7712.31,1542.462,0,10,2.0,Low
CUST09241,11,251689.29,22880.844545454547,1,20,4.545454545454546,Low
CUST09242,12,7298.02,608.1683333333334,0,10,0.8333333333333334,Low
CUST09243,10,61358.97,6135.897,2,20,5.0,Low
CUST09244,9,108313.56999999999,12034.84111111111,0,10,2.2222222222222223,Low
CUST09245,15,10529.71,701.9806666666666,3,75,9.0,High
CUST09246,8,33006.270000000004,4125.7837500000005,0,10,2.5,Low
CUST09247,8,8056.570000000001,1007.0712500000001,0,10,2.5,Low
CUST09248,8,3011.32,376.415,0,10,1.25,Low
CUST09249,9,57029.59,6336.621111111111,1,10,3.3333333333333335,Low
CUST09250,11,22761.649999999998,2069.240909090909,0,10,2.727272727272727,Low
CUST09251,10,5960.32,596.0319999999999,0,10,4.0,Low
CUST09252,10,8181.08,818.108,0,10,3.0,Low
CUST09253,9,8966.970000000001,996.3300000000002,1,10,1.1111111111111112,Low
CUST09254,4,2963.49,740.8725,0,10,5.0,Low
CUST09255,9,9320.48,1035.608888888889,0,10,3.3333333333333335,Low
CUST09256,7,375514.93,53644.99,1,20,5.714285714285714,Low
CUST09257,5,7173.55,1434.71,0,10,4.0,Low
CUST09258,12,15184.94,1265.4116666666666,0,10,0.8333333333333334,Low
CUST09259,7,8602.06,1228.8657142857141,1,20,5.714285714285714,Low
CUST09260,14,21650.4,1546.457142857143,0,10,2.142857142857143,Low
CUST09261,4,7211.55,1802.8875,0,10,2.5,Low
CUST09262,12,8863.77,738.6475,0,10,2.5,Low
CUST09263,13,70382.97,5414.074615384616,0,10,4.615384615384615,Low
CUST09264,13,12951.96,996.3046153846153,0,10,2.3076923076923075,Low
CUST09265,11,71349.67,6486.333636363636,2,15,2.272727272727273,Low
CUST09266,10,6137.84,613.784,0,10,3.0,Low
CUST09267,4,7070.6900000000005,1767.6725000000001,0,10,5.0,Low
CUST09268,11,18606.2,1691.4727272727273,0,10,0.9090909090909091,Low
CUST09269,12,9894.19,824.5158333333334,0,10,2.5,Low
CUST09270,7,20809.829999999998,2972.832857142857,0,10,1.4285714285714286,Low
CUST09271,8,6437.21,804.65125,1,20,7.5,Low
CUST09272,12,31106.28,2592.19,0,10,3.3333333333333335,Low
CUST09273,8,74400.16,9300.02,1,10,1.25,Low
CUST09274,15,31817.08,2121.1386666666667,3,85,11.666666666666666,High
CUST09275,12,323300.98,26941.748333333333,0,10,5.0,Low
CUST09276,5,53214.05,10642.810000000001,1,10,4.0,Low
CUST09277,17,64300.06,3782.356470588235,2,15,4.411764705882353,Low
CUST09278,7,14937.24,2133.8914285714286,0,0,0.0,Low
CUST09279,13,9900.36,761.5661538461538,0,10,0.7692307692307693,Low
CUST09280,7,16737.78,2391.1114285714284,0,10,5.714285714285714,Low
CUST09281,14,7050.55,503.6107142857143,1,20,2.142857142857143,Low
CUST09282,13,13708.08,1054.4676923076922,2,20,5.384615384615385,Low
CUST09283,7,4117.59,588.2271428571429,0,10,2.857142857142857,Low
CUST09284,13,154885.81,11914.293076923077,1,10,0.7692307692307693,Low
CUST09285,10,8687.97,868.7969999999999,0,10,4.0,Low
CUST09286,5,4517.469999999999,903.4939999999999,0,10,2.0,Low
CUST09287,9,13224.79,1469.4211111111113,0,10,4.444444444444445,Low
CUST09288,7,54777.34,7825.334285714285,0,0,0.0,Low
CUST09289,9,84873.92,9430.435555555556,1,10,1.1111111111111112,Low
CUST09290,10,3209.71,320.971,0,10,2.0,Low
CUST09291,10,13951.41,1395.141,0,10,1.0,Low
CUST09292,12,291216.06,24268.005,0,10,0.8333333333333334,Low
CUST09293,6,7074.15,1179.0249999999999,0,10,3.3333333333333335,Low
CUST09294,6,56358.14,9393.023333333333,0,0,0.0,Low
CUST09295,15,416061.33,27737.422000000002,1,15,1.6666666666666667,Low
CUST09296,12,80745.76,6728.813333333333,0,10,2.5,Low
CUST09297,9,13736.22,1526.2466666666667,0,10,3.3333333333333335,Low
CUST09298,11,53876.93,4897.902727272727,1,10,3.6363636363636362,Low
CUST09299,15,4907.23,327.14866666666666,0,10,2.6666666666666665,Low
CUST09300,10,6555.7,655.5699999999999,0,10,2.0,Low
CUST09301,11,19339.1,1758.1,1,15,2.272727272727273,Low
CUST09302,12,9056.3,754.6916666666666,1,25,4.583333333333333,Low
CUST09303,10,186519.66999999998,18651.966999999997,0,10,2.0,Low
CUST09304,6,6637.4400000000005,1106.24,0,10,1.6666666666666667,Low
CUST09305,15,256678.03,17111.868666666665,0,10,4.0,Low
CUST09306,8,2414.67,301.83375,0,10,1.25,Low
CUST09307,12,38632.08,3219.34,0,10,1.6666666666666667,Low
CUST09308,8,1904.3200000000002,238.04000000000002,0,10,1.25,Low
CUST09309,18,239567.37,13309.298333333332,0,10,2.2222222222222223,Low
CUST09310,10,13078.24,1307.824,0,10,5.0,Low
CUST09311,6,47357.41,7892.901666666668,0,10,3.3333333333333335,Low
CUST09312,5,201719.08000000002,40343.816000000006,0,10,4.0,Low
CUST09313,7,5822.09,831.7271428571429,0,10,2.857142857142857,Low
CUST09314,12,478296.99,39858.0825,1,30,6.666666666666667,Low
CUST09315,11,17588.48,1598.9527272727273,0,10,0.9090909090909091,Low
CUST09316,12,284669.87,23722.489166666666,0,10,2.5,Low
CUST09317,5,4652.38,930.476,0,10,6.0,Low
CUST09318,8,7838.49,979.81125,0,10,5.0,Low
CUST09319,5,2365.46,473.092,0,10,4.0,Low
CUST09320,14,22429.73,1602.1235714285715,0,10,2.142857142857143,Low
CUST09321,9,306010.69,34001.18777777778,0,10,2.2222222222222223,Low
CUST09322,6,11239.69,1873.2816666666668,0,10,1.6666666666666667,Low
CUST09323,8,9299.04,1162.38,0,10,2.5,Low
CUST09324,13,17109.07,1316.0823076923077,0,10,3.8461538461538463,Low
CUST09325,5,55316.74,11063.348,1,10,2.0,Low
CUST09326,13,20982.25,1614.0192307692307,0,10,1.5384615384615385,Low
CUST09327,10,447238.95999999996,44723.89599999999,0,10,3.0,Low
CUST09328,12,16033.119999999999,1336.0933333333332,0,10,0.8333333333333334,Low
CUST09329,7,102900.6,14700.085714285715,0,10,1.4285714285714286,Low
CUST09330,7,213258.11000000002,30465.44428571429,0,10,4.285714285714286,Low
CUST09331,13,38484.43,2960.340769230769,0,10,4.615384615384615,Low
CUST09332,10,2152.71,215.27100000000002,0,10,3.0,Low
CUST09333,6,8901.23,1483.5383333333332,0,10,3.3333333333333335,Low
CUST09334,7,164945.07,23563.58142857143,0,10,4.285714285714286,Low
CUST09335,12,113978.41,9498.200833333334,0,10,1.6666666666666667,Low
CUST09336,12,26159.28,2179.94,0,0,0.0,Low
CUST09337,12,81693.61,6807.800833333334,1,10,1.6666666666666667,Low
CUST09338,11,53349.75,4849.977272727273,1,10,1.8181818181818181,Low
CUST09339,13,312976.39999999997,24075.10769230769,3,75,11.923076923076923,High
CUST09340,15,7168.21,477.8806666666667,0,10,2.0,Low
CUST09341,8,137848.16,17231.02,0,10,3.75,Low
CUST09342,15,184730.6,12315.373333333333,1,20,2.6666666666666665,Low
CUST09343,7,94715.01000000001,13530.715714285716,0,10,2.857142857142857,Low
CUST09344,9,84310.38,9367.82,0,10,3.3333333333333335,Low
CUST09345,9,3576.7400000000002,397.41555555555556,0,10,1.1111111111111112,Low
CUST09346,19,26664.760000000002,1403.4084210526316,0,10,1.5789473684210527,Low
CUST09347,11,7733.58,703.0527272727272,0,10,2.727272727272727,Low
CUST09348,11,32853.450000000004,2986.6772727272732,0,10,1.8181818181818181,Low
CUST09349,9,177212.54,19690.282222222224,2,20,5.555555555555555,Low
CUST09350,9,249204.38999999998,27689.376666666663,0,10,3.3333333333333335,Low
CUST09351,15,21926.22,1461.748,0,10,0.6666666666666666,Low
CUST09352,18,413258.35,22958.79722222222,0,10,0.5555555555555556,Low
CUST09353,8,8640.05,1080.00625,0,10,1.25,Low
CUST09354,12,21921.309999999998,1826.7758333333331,0,10,1.6666666666666667,Low
CUST09355,2,15988.86,7994.43,0,0,0.0,Low
CUST09356,9,162365.11,18040.567777777775,0,10,2.2222222222222223,Low
CUST09357,11,43877.43,3988.8572727272726,1,10,4.545454545454546,Low
CUST09358,14,60408.35,4314.882142857143,1,30,4.285714285714286,Low
CUST09359,7,10443.089999999998,1491.8699999999997,0,10,2.857142857142857,Low
CUST09360,7,236187.53,33741.07571428571,1,10,4.285714285714286,Low
CUST09361,5,2781.18,556.236,0,0,0.0,Low
CUST09362,12,29780.58,2481.715,0,10,2.5,Low
CUST09363,10,3173.95,317.395,1,15,3.5,Low
CUST09364,7,23853.04,3407.577142857143,0,10,2.857142857142857,Low
CUST09365,8,7666.53,958.31625,0,10,5.0,Low
CUST09366,6,15673.04,2612.1733333333336,0,10,1.6666666666666667,Low
CUST09367,12,59922.44,4993.536666666667,0,10,0.8333333333333334,Low
CUST09368,15,64637.28,4309.152,0,10,1.3333333333333333,Low
CUST09369,6,9644.14,1607.3566666666666,0,10,3.3333333333333335,Low
CUST09370,11,17614.07,1601.2790909090909,0,10,2.727272727272727,Low
CUST09371,12,15737.16,1311.43,0,10,1.6666666666666667,Low
CUST09372,9,182086.34,20231.815555555557,0,10,2.2222222222222223,Low
CUST09373,9,147005.61,16333.956666666665,0,10,4.444444444444445,Low
CUST09374,9,47641.93,5293.547777777778,0,10,3.3333333333333335,Low
CUST09375,8,8469.49,1058.68625,0,10,2.5,Low
CUST09376,7,4124.74,589.2485714285714,0,10,1.4285714285714286,Low
CUST09377,14,73899.95999999999,5278.568571428571,0,10,2.142857142857143,Low
CUST09378,15,2786.02,185.73466666666667,0,10,1.3333333333333333,Low
CUST09379,9,75251.04,8361.226666666666,0,10,1.1111111111111112,Low
CUST09380,10,12348.55,1234.855,0,10,2.0,Low
CUST09381,6,63979.729999999996,10663.288333333332,0,10,3.3333333333333335,Low
CUST09382,10,315804.47,31580.446999999996,0,20,5.0,Low
CUST09383,12,121104.68000000001,10092.056666666667,1,10,1.6666666666666667,Low
CUST09384,8,29107.73,3638.46625,0,10,1.25,Low
CUST09385,10,26740.18,2674.018,0,10,2.0,Low
CUST09386,14,394394.71,28171.050714285717,1,10,4.285714285714286,Low
CUST09387,10,21243.6,2124.3599999999997,0,10,2.0,Low
CUST09388,12,78309.38,6525.781666666667,1,10,2.5,Low
CUST09389,13,24289.69,1868.4376923076923,1,20,3.076923076923077,Low
CUST09390,12,64197.99,5349.8324999999995,1,10,4.166666666666667,Low
CUST09391,12,204147.26,17012.271666666667,0,10,1.6666666666666667,Low
CUST09392,9,46185.4,5131.711111111112,1,10,1.1111111111111112,Low
CUST09393,7,11743.92,1677.702857142857,1,15,3.5714285714285716,Low
CUST09394,13,42866.46,3297.42,1,20,2.3076923076923075,Low
CUST09395,17,99592.72,5858.395294117647,1,10,2.3529411764705883,Low
CUST09396,10,6989.88,698.988,0,10,2.0,Low
CUST09397,20,226048.62,11302.431,0,10,1.0,Low
CUST09398,9,4858.86,539.8733333333333,0,10,1.1111111111111112,Low
CUST09399,6,12012.6,2002.1000000000001,0,0,0.0,Low
CUST09400,14,27630.71,1973.6221428571428,0,10,2.857142857142857,Low
CUST09401,9,6724.4,747.1555555555556,0,10,1.1111111111111112,Low
CUST09402,13,27111.65,2085.5115384615387,0,10,2.3076923076923075,Low
CUST09403,4,22769.13,5692.2825,1,20,7.5,Low
CUST09404,11,11159.289999999999,1014.480909090909,0,10,2.727272727272727,Low
CUST09405,16,12702.51,793.906875,0,10,1.875,Low
CUST09406,9,24927.42,2769.713333333333,0,10,2.2222222222222223,Low
CUST09407,12,104931.7,8744.308333333332,0,10,0.8333333333333334,Low
CUST09408,10,13007.63,1300.763,1,10,5.0,Low
CUST09409,12,55892.119999999995,4657.676666666666,0,10,3.3333333333333335,Low
CUST09410,12,248966.25,20747.1875,0,10,0.8333333333333334,Low
CUST09411,8,109125.76,13640.72,0,10,1.25,Low
CUST09412,9,21373.32,2374.8133333333335,0,0,0.0,Low
CUST09413,7,4137.63,591.09,0,10,2.857142857142857,Low
CUST09414,11,23207.95,2109.8136363636363,1,30,5.454545454545454,Low
CUST09415,6,12533.08,2088.846666666667,0,10,1.6666666666666667,Low
CUST09416,7,19730.28,2818.6114285714284,0,10,4.285714285714286,Low
CUST09417,6,18993.97,3165.661666666667,0,10,3.3333333333333335,Low
CUST09418,7,29641.67,4234.524285714286,0,10,2.857142857142857,Low
CUST09419,8,19666.68,2458.335,0,10,1.25,Low
CUST09420,14,70090.16,5006.4400000000005,0,10,3.5714285714285716,Low
CUST09421,9,4287.26,476.3622222222223,0,0,0.0,Low
CUST09422,8,4065.47,508.18375,0,10,5.0,Low
CUST09423,7,14007.01,2001.0014285714285,1,20,4.285714285714286,Low
CUST09424,8,167041.63,20880.20375,0,10,1.25,Low
CUST09425,12,3895.3,324.60833333333335,0,10,2.5,Low
CUST09426,18,445402.05000000005,24744.558333333334,1,20,3.3333333333333335,Low
CUST09427,6,1425.05,237.50833333333333,1,15,5.833333333333333,Low
CUST09428,12,39831.17,3319.2641666666664,0,10,1.6666666666666667,Low
CUST09429,2,4998.19,2499.095,0,0,0.0,Low
CUST09430,11,139555.51,12686.864545454546,1,30,5.454545454545454,Low
CUST09431,11,55504.45,5045.859090909091,1,20,4.545454545454546,Low
CUST09432,18,9310.31,517.2394444444444,0,10,2.2222222222222223,Low
CUST09433,6,1418.3200000000002,236.38666666666668,0,10,3.3333333333333335,Low
CUST09434,12,36071.14,3005.9283333333333,1,25,3.75,Low
CUST09435,8,4934.25,616.78125,0,10,1.25,Low
CUST09436,10,4683.41,468.341,0,10,2.0,Low
CUST09437,12,12963.77,1080.3141666666668,0,10,2.5,Low
CUST09438,11,26771.98,2433.816363636364,0,10,3.6363636363636362,Low
CUST09439,12,34143.02,2845.2516666666666,0,10,1.6666666666666667,Low
CUST09440,8,10173.960000000001,1271.7450000000001,0,10,1.25,Low
CUST09441,8,19594.739999999998,2449.3424999999997,0,10,2.5,Low
CUST09442,7,8549.7,1221.3857142857144,0,10,4.285714285714286,Low
CUST09443,10,10242.18,1024.218,1,15,5.5,Low
CUST09444,10,118832.12,11883.212,0,10,4.0,Low
CUST09445,10,49703.39,4970.339,1,10,3.0,Low
CUST09446,14,322033.64,23002.402857142857,0,30,5.714285714285714,Low
CUST09447,11,29262.28,2660.2072727272725,0,10,5.454545454545454,Low
CUST09448,6,190161.26,31693.543333333335,0,10,1.6666666666666667,Low
CUST09449,7,20621.78,2945.968571428571,0,10,1.4285714285714286,Low
CUST09450,12,20056.09,1671.3408333333334,0,10,4.166666666666667,Low
CUST09451,6,1882.05,313.675,0,10,1.6666666666666667,Low
CUST09452,14,86790.15,6199.296428571428,1,10,2.857142857142857,Low
CUST09453,6,20992.54,3498.7566666666667,0,0,0.0,Low
CUST09454,8,15242.96,1905.37,0,10,2.5,Low
CUST09455,9,10238.7,1137.6333333333334,0,10,4.444444444444445,Low
CUST09456,10,344480.55,34448.055,0,10,4.0,Low
CUST09457,5,17498.01,3499.602,0,10,2.0,Low
CUST09458,10,2101.93,210.19299999999998,0,10,1.0,Low
CUST09459,5,33473.03,6694.606,0,0,0.0,Low
CUST09460,10,88916.77,8891.677,0,10,1.0,Low
CUST09461,5,28273.249999999996,5654.65,0,10,6.0,Low
CUST09462,6,18669.989999999998,3111.6649999999995,0,10,3.3333333333333335,Low
CUST09463,7,5125.049999999999,732.1499999999999,0,0,0.0,Low
CUST09464,7,6883.46,983.3514285714285,1,20,2.857142857142857,Low
CUST09465,9,19134.29,2126.032222222222,0,10,4.444444444444445,Low
CUST09466,12,14941.140000000001,1245.095,0,10,2.5,Low
CUST09467,11,62646.75,5695.159090909091,0,10,3.6363636363636362,Low
CUST09468,11,18071.53,1642.8663636363635,0,10,2.727272727272727,Low
CUST09469,15,671410.32,44760.687999999995,1,20,3.3333333333333335,Low
CUST09470,6,3860.68,643.4466666666666,0,10,3.3333333333333335,Low
CUST09471,7,52513.39,7501.912857142857,0,10,2.857142857142857,Low
CUST09472,8,91935.41,11491.92625,2,25,5.625,Low
CUST09473,8,1537.3400000000001,192.16750000000002,0,10,1.25,Low
CUST09474,6,5221.9,870.3166666666666,0,0,0.0,Low
CUST09475,12,7069.45,589.1208333333333,0,10,3.3333333333333335,Low
CUST09476,9,10549.02,1172.1133333333335,0,10,2.2222222222222223,Low
CUST09477,15,23556.0,1570.4,0,10,2.0,Low
CUST09478,13,436716.22000000003,33593.555384615385,2,30,6.923076923076923,Low
CUST09479,10,6821.05,682.105,0,10,3.0,Low
CUST09480,8,62166.37,7770.79625,0,10,2.5,Low
CUST09481,4,2180.81,545.2025,0,0,0.0,Low
CUST09482,9,8394.58,932.7311111111111,0,10,2.2222222222222223,Low
CUST09483,11,185280.86,16843.714545454543,1,20,3.6363636363636362,Low
CUST09484,6,14387.36,2397.8933333333334,0,10,3.3333333333333335,Low
CUST09485,12,12522.62,1043.5516666666667,1,10,3.3333333333333335,Low
CUST09486,10,8840.45,884.0450000000001,1,25,8.5,Low
CUST09487,7,19931.329999999998,2847.332857142857,0,10,1.4285714285714286,Low
CUST09488,5,4166.360000000001,833.2720000000002,0,0,0.0,Low
CUST09489,8,44254.26,5531.7825,3,85,18.125,High
CUST09490,10,14650.93,1465.093,0,10,3.0,Low
CUST09491,11,12182.49,1107.499090909091,0,10,2.727272727272727,Low
CUST09492,11,3724.92,338.6290909090909,0,10,1.8181818181818181,Low
CUST09493,4,1285.1,321.275,0,10,5.0,Low
CUST09494,8,27876.33,3484.54125,0,10,2.5,Low
CUST09495,8,11865.59,1483.19875,0,10,2.5,Low
CUST09496,11,24022.670000000002,2183.8790909090912,0,10,1.8181818181818181,Low
CUST09497,10,53688.130000000005,5368.813,0,10,3.0,Low
CUST09498,9,9694.98,1077.22,0,0,0.0,Low
CUST09499,3,3999.36,1333.1200000000001,0,10,3.3333333333333335,Low
CUST09500,13,1442.58,110.9676923076923,1,20,2.3076923076923075,Low
CUST09501,8,11740.8,1467.6,1,15,3.125,Low
CUST09502,12,17245.74,1437.1450000000002,1,10,0.8333333333333334,Low
CUST09503,9,38264.15,4251.572222222222,0,10,4.444444444444445,Low
CUST09504,12,41006.26,3417.1883333333335,0,10,3.3333333333333335,Low
CUST09505,10,62441.16,6244.116,0,10,2.0,Low
CUST09506,11,30710.33,2791.848181818182,1,10,4.545454545454546,Low
CUST09507,11,23777.06,2161.550909090909,0,10,3.6363636363636362,Low
CUST09508,10,10507.18,1050.718,0,10,5.0,Low
CUST09509,8,33667.05,4208.38125,0,10,1.25,Low
CUST09510,16,56749.840000000004,3546.8650000000002,0,10,3.125,Low
CUST09511,9,383517.15,42613.01666666667,1,20,2.2222222222222223,Low
CUST09512,13,93780.89,7213.914615384615,0,10,6.153846153846154,Low
CUST09513,14,415172.51,29655.179285714286,1,20,4.285714285714286,Low
CUST09514,7,1285.08,183.58285714285714,0,0,0.0,Low
CUST09515,11,59406.770000000004,5400.615454545455,1,10,0.9090909090909091,Low
CUST09516,10,17573.34,1757.334,0,10,1.0,Low
CUST09517,13,27006.0,2077.3846153846152,0,10,3.076923076923077,Low
CUST09518,9,27530.83,3058.981111111111,0,10,2.2222222222222223,Low
CUST09519,7,7302.58,1043.2257142857143,0,10,1.4285714285714286,Low
CUST09520,7,11310.34,1615.7628571428572,0,10,1.4285714285714286,Low
CUST09521,12,19681.5,1640.125,0,10,2.5,Low
CUST09522,11,104471.73000000001,9497.43,1,10,4.545454545454546,Low
CUST09523,7,497940.19,71134.31285714285,0,20,4.285714285714286,Low
CUST09524,16,37485.35,2342.834375,0,10,2.5,Low
CUST09525,16,543427.65,33964.228125,0,30,1.875,Low
CUST09526,7,2247.37,321.05285714285714,0,10,1.4285714285714286,Low
CUST09527,8,47729.6,5966.2,0,10,2.5,Low
CUST09528,11,550540.58,50049.14363636363,0,10,1.8181818181818181,Low
CUST09529,9,10596.97,1177.441111111111,0,10,3.3333333333333335,Low
CUST09530,12,375232.85,31269.404166666664,0,30,5.833333333333333,Low
CUST09531,15,63373.96,4224.930666666666,0,10,4.0,Low
CUST09532,11,8245.77,749.6154545454546,0,10,0.9090909090909091,Low
CUST09533,10,6553.42,655.342,0,10,2.0,Low
CUST09534,13,14933.279999999999,1148.7138461538461,0,10,4.615384615384615,Low
CUST09535,10,319105.03,31910.503000000004,1,20,6.0,Low
CUST09536,14,7507.39,536.2421428571429,0,10,4.285714285714286,Low
CUST09537,12,34771.04,2897.5866666666666,0,10,0.8333333333333334,Low
CUST09538,13,22441.67,1726.2823076923075,0,10,1.5384615384615385,Low
CUST09539,10,6793.83,679.383,1,20,3.0,Low
CUST09540,15,4256.6,283.77333333333337,0,10,3.3333333333333335,Low
CUST09541,11,65536.02,5957.820000000001,0,10,3.6363636363636362,Low
CUST09542,5,5999.1900000000005,1199.8380000000002,0,10,2.0,Low
CUST09543,7,5680.79,811.5414285714286,0,10,2.857142857142857,Low
CUST09544,13,6507.54,500.58,0,10,3.8461538461538463,Low
CUST09545,11,3477.64,316.1490909090909,0,10,2.727272727272727,Low
CUST09546,6,3382.8,563.8000000000001,0,10,1.6666666666666667,Low
CUST09547,9,12862.2,1429.1333333333334,3,75,15.0,High
CUST09548,15,4980.5,332.03333333333336,1,10,3.3333333333333335,Low
CUST09549,11,27773.9,2524.9,0,10,2.727272727272727,Low
CUST09550,10,1578.75,157.875,0,10,2.0,Low
CUST09551,10,173172.15,17317.215,0,10,2.0,Low
CUST09552,8,18401.58,2300.1975,0,10,2.5,Low
CUST09553,14,3674.39,262.45642857142855,0,10,1.4285714285714286,Low
CUST09554,9,7785.62,865.0688888888889,0,10,2.2222222222222223,Low
CUST09555,12,10157.28,846.44,0,10,3.3333333333333335,Low
CUST09556,4,8039.96,2009.99,0,0,0.0,Low
CUST09557,10,582885.5399999999,58288.55399999999,0,20,3.0,Low
CUST09558,12,24062.36,2005.1966666666667,0,10,3.3333333333333335,Low
CUST09559,10,30091.48,3009.148,0,10,3.0,Low
CUST09560,13,39091.94,3007.0723076923077,0,10,2.3076923076923075,Low
CUST09561,8,8035.52,1004.44,0,10,3.75,Low
CUST09562,7,1847.54,263.9342857142857,1,15,6.428571428571429,Low
CUST09563,14,23991.09,1713.6492857142857,0,10,2.857142857142857,Low
CUST09564,5,1774.78,354.956,0,10,2.0,Low
CUST09565,7,7724.469999999999,1103.4957142857143,1,25,6.428571428571429,Low
CUST09566,11,23836.65,2166.968181818182,0,10,2.727272727272727,Low
CUST09567,9,14769.97,1641.1077777777778,0,10,4.444444444444445,Low
CUST09568,6,19838.78,3306.463333333333,0,10,1.6666666666666667,Low
CUST09569,11,344542.48,31322.043636363636,0,20,3.6363636363636362,Low
CUST09570,10,17996.72,1799.672,0,10,3.0,Low
CUST09571,6,19259.539999999997,3209.9233333333327,0,10,3.3333333333333335,Low
CUST09572,11,15270.27,1388.2063636363637,1,20,5.454545454545454,Low
CUST09573,7,1124.63,160.6614285714286,0,10,2.857142857142857,Low
CUST09574,6,11270.4,1878.3999999999999,0,10,6.666666666666667,Low
CUST09575,11,73920.38,6720.034545454546,3,30,5.454545454545454,Low
CUST09576,9,6787.73,754.1922222222222,0,10,3.3333333333333335,Low
CUST09577,17,336083.66,19769.627058823527,0,10,1.7647058823529411,Low
CUST09578,6,15437.93,2572.9883333333332,0,10,5.0,Low
CUST09579,12,195859.66999999998,16321.639166666666,1,30,4.166666666666667,Low
CUST09580,11,145874.68,13261.334545454545,2,10,4.545454545454546,Low
CUST09581,7,4700.84,671.5485714285714,0,10,2.857142857142857,Low
CUST09582,6,8162.21,1360.3683333333333,0,10,5.0,Low
CUST09583,9,12372.49,1374.721111111111,1,10,3.3333333333333335,Low
CUST09584,6,25271.87,4211.9783333333335,0,10,1.6666666666666667,Low
CUST09585,6,51153.35,8525.558333333332,1,0,0.0,Low
CUST09586,10,14089.89,1408.989,1,15,1.5,Low
CUST09587,9,4176.67,464.07444444444445,0,10,2.2222222222222223,Low
CUST09588,10,36964.08,3696.4080000000004,3,75,13.5,High
CUST09589,9,3905.86,433.9844444444445,0,10,2.2222222222222223,Low
CUST09590,8,55042.9,6880.3625,0,10,2.5,Low
CUST09591,12,57328.65,4777.3875,0,10,1.6666666666666667,Low
CUST09592,5,23812.07,4762.414,0,10,2.0,Low
CUST09593,11,8303.64,754.8763636363636,0,10,1.8181818181818181,Low
CUST09594,9,15149.98,1683.331111111111,0,10,3.3333333333333335,Low
CUST09595,10,171047.69999999998,17104.769999999997,0,10,2.0,Low
CUST09596,9,112004.29,12444.92111111111,0,0,0.0,Low
CUST09597,10,5254.49,525.449,0,10,6.0,Low
CUST09598,13,141899.61,10915.354615384615,0,10,0.7692307692307693,Low
CUST09599,6,59920.09,9986.681666666665,0,0,0.0,Low
CUST09600,15,91077.9,6071.86,1,10,0.6666666666666666,Low
CUST09601,8,215211.45,26901.43125,0,10,2.5,Low
CUST09602,7,4087.86,583.98,0,10,1.4285714285714286,Low
CUST09603,9,20698.05,2299.7833333333333,0,10,2.2222222222222223,Low
CUST09604,14,16804.74,1200.3385714285716,0,10,4.285714285714286,Low
CUST09605,10,7792.56,779.2560000000001,1,20,5.0,Low
CUST09606,7,108859.4,15551.342857142856,0,10,4.285714285714286,Low
CUST09607,6,35553.11,5925.518333333333,0,10,3.3333333333333335,Low
CUST09608,9,121078.37,13453.152222222221,1,10,3.3333333333333335,Low
CUST09609,8,26564.5,3320.5625,0,10,2.5,Low
CUST09610,5,3138.35,627.67,0,10,2.0,Low
CUST09611,10,23120.89,2312.089,0,10,4.0,Low
CUST09612,9,31537.690000000002,3504.187777777778,0,10,1.1111111111111112,Low
CUST09613,8,43294.58,5411.8225,0,10,1.25,Low
CUST09614,8,41867.37,5233.42125,0,10,3.75,Low
CUST09615,8,11549.85,1443.73125,0,10,2.5,Low
CUST09616,11,243591.97,22144.724545454545,1,10,1.8181818181818181,Low
CUST09617,10,116631.23,11663.123,1,30,4.0,Low
CUST09618,16,255796.51,15987.281875,1,30,3.75,Low
CUST09619,7,61819.299999999996,8831.32857142857,0,10,1.4285714285714286,Low
CUST09620,11,238144.97,21649.54272727273,0,20,3.6363636363636362,Low
CUST09621,11,31564.4,2869.490909090909,0,0,0.0,Low
CUST09622,10,51080.66,5108.066000000001,0,10,2.0,Low
CUST09623,8,75314.47,9414.30875,0,0,0.0,Low
CUST09624,10,62371.79,6237.179,1,10,4.0,Low
CUST09625,11,50334.31,4575.846363636363,0,10,1.8181818181818181,Low
CUST09626,14,15438.84,1102.7742857142857,0,10,2.142857142857143,Low
CUST09627,15,3949.11,263.274,1,20,5.333333333333333,Low
CUST09628,10,206456.44,20645.644,0,10,1.0,Low
CUST09629,6,8442.74,1407.1233333333332,0,10,3.3333333333333335,Low
CUST09630,13,52807.64,4062.126153846154,0,10,0.7692307692307693,Low
CUST09631,13,18689.62,1437.663076923077,0,10,4.615384615384615,Low
CUST09632,6,76817.19,12802.865,0,10,3.3333333333333335,Low
CUST09633,7,29983.19,4283.312857142857,1,20,5.714285714285714,Low
CUST09634,11,18905.05,1718.640909090909,2,20,6.818181818181818,Low
CUST09635,9,8578.39,953.1544444444444,0,10,1.1111111111111112,Low
CUST09636,13,3503.75,269.5192307692308,0,10,2.3076923076923075,Low
CUST09637,7,52152.92,7450.417142857143,1,10,4.285714285714286,Low
CUST09638,10,3906.4599999999996,390.64599999999996,0,10,4.0,Low
CUST09639,8,19654.25,2456.78125,0,10,1.25,Low
CUST09640,10,24680.91,2468.091,0,10,6.0,Low
CUST09641,11,4147.58,377.0527272727273,0,10,2.727272727272727,Low
CUST09642,10,20867.57,2086.757,0,10,2.0,Low
CUST09643,8,81351.72,10168.965,0,10,3.75,Low
CUST09644,9,73895.62,8210.624444444444,0,10,3.3333333333333335,Low
CUST09645,6,12776.5,2129.4166666666665,0,10,1.6666666666666667,Low
CUST09646,16,20346.91,1271.681875,0,10,1.875,Low
CUST09647,13,77219.24,5939.941538461539,1,10,4.615384615384615,Low
CUST09648,4,43232.229999999996,10808.057499999999,0,10,2.5,Low
CUST09649,4,9141.279999999999,2285.3199999999997,0,0,0.0,Low
CUST09650,11,54626.13,4966.011818181818,0,10,4.545454545454546,Low
CUST09651,7,2126.04,303.71999999999997,0,10,1.4285714285714286,Low
CUST09652,12,38038.95,3169.9125,0,10,2.5,Low
CUST09653,12,66320.91,5526.7425,3,75,11.25,High
CUST09654,11,591902.14,53809.285454545454,0,30,5.454545454545454,Low
CUST09655,8,112023.41,14002.92625,1,10,2.5,Low
CUST09656,15,22534.6,1502.3066666666666,0,10,2.0,Low
CUST09657,15,80513.09,5367.539333333333,1,10,1.3333333333333333,Low
CUST09658,11,9784.25,889.4772727272727,0,10,1.8181818181818181,Low
CUST09659,6,38470.560000000005,6411.760000000001,0,10,3.3333333333333335,Low
CUST09660,9,4964.41,551.6011111111111,1,10,2.2222222222222223,Low
CUST09661,9,38730.76,4303.417777777778,0,0,0.0,Low
CUST09662,9,34644.12,3849.346666666667,0,10,1.1111111111111112,Low
CUST09663,10,1793.24,179.324,0,10,2.0,Low
CUST09664,15,25888.39,1725.8926666666666,0,10,4.0,Low
CUST09665,6,3684.1,614.0166666666667,0,10,3.3333333333333335,Low
CUST09666,5,3098.4500000000003,619.69,0,10,2.0,Low
CUST09667,11,10395.75,945.0681818181819,0,10,3.6363636363636362,Low
CUST09668,10,3231.4300000000003,323.14300000000003,0,10,4.0,Low
CUST09669,13,1892.61,145.5853846153846,0,10,4.615384615384615,Low
CUST09670,16,149017.82,9313.61375,0,10,0.625,Low
CUST09671,10,65781.04000000001,6578.104000000001,0,10,2.0,Low
CUST09672,9,14007.41,1556.378888888889,0,10,2.2222222222222223,Low
CUST09673,8,89981.13,11247.64125,0,10,3.75,Low
CUST09674,10,20688.41,2068.841,0,10,2.0,Low
CUST09675,12,3391.24,282.6033333333333,0,10,4.166666666666667,Low
CUST09676,8,6549.18,818.6475,0,10,2.5,Low
CUST09677,6,77902.44,12983.74,0,10,3.3333333333333335,Low
CUST09678,8,20544.73,2568.09125,0,10,1.25,Low
CUST09679,9,20015.44,2223.9377777777777,0,10,2.2222222222222223,Low
CUST09680,15,203568.36000000002,13571.224,0,10,3.3333333333333335,Low
CUST09681,6,71710.88,11951.813333333334,0,10,3.3333333333333335,Low
CUST09682,13,433637.76,33356.75076923077,0,10,4.615384615384615,Low
CUST09683,11,532770.66,48433.696363636365,0,10,2.727272727272727,Low
CUST09684,10,12542.880000000001,1254.288,0,10,2.0,Low
CUST09685,9,1209.0700000000002,134.34111111111113,0,10,3.3333333333333335,Low
CUST09686,12,8621.11,718.4258333333333,0,10,3.3333333333333335,Low
CUST09687,16,89497.19,5593.574375,0,10,1.875,Low
CUST09688,5,70186.65,14037.329999999998,1,10,6.0,Low
CUST09689,6,43965.45,7327.575,0,10,5.0,Low
CUST09690,7,3348.81,478.40142857142854,0,10,2.857142857142857,Low
CUST09691,10,31683.870000000003,3168.387,0,10,4.0,Low
CUST09692,6,4049.2799999999997,674.88,0,10,1.6666666666666667,Low
CUST09693,13,79962.33,6150.948461538462,0,10,1.5384615384615385,Low
CUST09694,7,13229.369999999999,1889.9099999999999,0,10,2.857142857142857,Low
CUST09695,9,5464.91,607.2122222222222,0,10,3.3333333333333335,Low
CUST09696,10,7094.93,709.493,0,10,3.0,Low
CUST09697,5,1902.7199999999998,380.544,0,10,2.0,Low
CUST09698,12,8232.5,686.0416666666666,0,10,1.6666666666666667,Low
CUST09699,5,54522.5,10904.5,1,10,4.0,Low
CUST09700,10,34999.13,3499.9129999999996,0,10,1.0,Low
CUST09701,10,19559.79,1955.979,0,10,3.0,Low
CUST09702,7,8632.61,1233.23,0,10,1.4285714285714286,Low
CUST09703,8,1959.17,244.89625,0,0,0.0,Low
CUST09704,14,2869.81,204.98642857142858,0,10,3.5714285714285716,Low
CUST09705,8,4445.92,555.74,0,10,1.25,Low
CUST09706,7,44169.72,6309.96,0,0,0.0,Low
CUST09707,8,127515.21999999999,15939.402499999998,0,10,2.5,Low
CUST09708,12,3962.92,330.24333333333334,0,10,3.3333333333333335,Low
CUST09709,11,163839.56,14894.505454545455,0,10,0.9090909090909091,Low
CUST09710,9,14616.08,1624.0088888888888,0,0,0.0,Low
CUST09711,6,6738.7300000000005,1123.1216666666667,0,10,1.6666666666666667,Low
CUST09712,11,22010.64,2000.9672727272728,0,10,3.6363636363636362,Low
CUST09713,8,274726.58,34340.8225,0,10,5.0,Low
CUST09714,10,4014.7,401.46999999999997,0,10,4.0,Low
CUST09715,8,212906.41,26613.30125,0,10,2.5,Low
CUST09716,8,13097.58,1637.1975,1,20,6.25,Low
CUST09717,6,15485.49,2580.915,0,10,1.6666666666666667,Low
CUST09718,10,6569.83,656.983,1,20,4.0,Low
CUST09719,10,114222.83,11422.283,3,15,2.5,Low
CUST09720,7,250421.53,35774.50428571428,0,30,7.142857142857143,Low
CUST09721,7,8760.73,1251.532857142857,0,10,1.4285714285714286,Low
CUST09722,12,155851.5,12987.625,0,10,5.0,Low
CUST09723,5,99138.46,19827.692000000003,1,10,2.0,Low
CUST09724,7,54249.42999999999,7749.91857142857,1,10,2.857142857142857,Low
CUST09725,7,34116.88,4873.839999999999,1,30,5.714285714285714,Low
CUST09726,7,14571.89,2081.6985714285715,0,10,2.857142857142857,Low
CUST09727,10,36591.41,3659.1410000000005,0,10,2.0,Low
CUST09728,3,2069.46,689.82,0,10,3.3333333333333335,Low
CUST09729,8,10621.14,1327.6425,0,10,5.0,Low
CUST09730,10,16609.37,1660.937,1,10,4.0,Low
CUST09731,12,164886.21,13740.5175,0,10,1.6666666666666667,Low
CUST09732,9,5189.29,576.5877777777778,0,10,4.444444444444445,Low
CUST09733,12,4311.71,359.30916666666667,0,10,1.6666666666666667,Low
CUST09734,12,10923.269999999999,910.2724999999999,0,10,2.5,Low
CUST09735,9,40237.15,4470.794444444445,1,10,3.3333333333333335,Low
CUST09736,10,6208.24,620.824,0,10,2.0,Low
CUST09737,7,3918.32,559.76,0,10,1.4285714285714286,Low
CUST09738,11,24581.22,2234.656363636364,2,20,3.6363636363636362,Low
CUST09739,16,24424.93,1526.558125,1,20,4.375,Low
CUST09740,6,120280.68,20046.78,0,0,0.0,Low
CUST09741,18,132730.99,7373.943888888888,0,10,2.2222222222222223,Low
CUST09742,14,14863.9,1061.7071428571428,0,10,0.7142857142857143,Low
CUST09743,9,152986.07,16998.452222222222,1,20,5.555555555555555,Low
CUST09744,1,17048.93,17048.93,0,10,10.0,Low
CUST09745,11,42530.78,3866.4345454545455,0,10,3.6363636363636362,Low
CUST09746,6,1606.0800000000002,267.68,0,10,1.6666666666666667,Low
CUST09747,12,16110.49,1342.5408333333332,0,10,2.5,Low
CUST09748,8,54084.97,6760.62125,0,10,1.25,Low
CUST09749,14,114251.73,8160.837857142857,0,10,3.5714285714285716,Low
CUST09750,15,60231.05,4015.4033333333336,0,10,4.0,Low
CUST09751,5,19350.21,3870.042,0,10,6.0,Low
CUST09752,3,747.01,249.00333333333333,0,0,0.0,Low
CUST09753,14,22110.71,1579.3364285714285,0,10,1.4285714285714286,Low
CUST09754,13,18335.31,1410.4084615384616,1,15,2.6923076923076925,Low
CUST09755,8,12834.88,1604.36,0,0,0.0,Low
CUST09756,9,141058.6,15673.177777777779,0,10,2.2222222222222223,Low
CUST09757,8,5199.59,649.94875,0,10,1.25,Low
CUST09758,11,31475.36,2861.3963636363637,3,85,15.0,High
CUST09759,10,7287.07,728.707,0,10,1.0,Low
CUST09760,10,500522.63,50052.263,0,30,6.0,Low
CUST09761,6,7456.9400000000005,1242.8233333333335,1,20,5.0,Low
CUST09762,9,2952.81,328.09,0,10,1.1111111111111112,Low
CUST09763,12,5660.84,471.7366666666667,1,10,1.6666666666666667,Low
CUST09764,12,1736.1,144.67499999999998,0,10,2.5,Low
CUST09765,8,726.15,90.76875,0,10,2.5,Low
CUST09766,10,12468.599999999999,1246.86,0,10,1.0,Low
CUST09767,5,4431.05,886.21,0,0,0.0,Low
CUST09768,11,245558.73,22323.52090909091,0,30,4.545454545454546,Low
CUST09769,9,221995.64,24666.182222222225,1,20,4.444444444444445,Low
CUST09770,11,22344.83,2031.348181818182,0,10,2.727272727272727,Low
CUST09771,8,6559.52,819.94,0,10,1.25,Low
CUST09772,17,85648.61,5038.153529411765,0,10,3.5294117647058822,Low
CUST09773,15,16266.16,1084.4106666666667,1,20,4.0,Low
CUST09774,12,18139.0,1511.5833333333333,0,10,2.5,Low
CUST09775,10,37942.56,3794.256,0,10,1.0,Low
CUST09776,19,185205.47999999998,9747.656842105262,0,10,1.5789473684210527,Low
CUST09777,13,7893.21,607.17,0,10,2.3076923076923075,Low
CUST09778,12,11018.8,918.2333333333332,1,20,3.3333333333333335,Low
CUST09779,14,2693.01,192.35785714285717,1,20,4.285714285714286,Low
CUST09780,15,67599.82,4506.654666666667,3,75,10.333333333333334,High
CUST09781,6,3168.86,528.1433333333333,1,10,1.6666666666666667,Low
CUST09782,11,3022.31,274.75545454545454,0,10,2.727272727272727,Low
CUST09783,5,65557.89,13111.578,0,10,2.0,Low
CUST09784,9,55625.82,6180.6466666666665,0,10,3.3333333333333335,Low
CUST09785,11,10119.7,919.9727272727273,0,0,0.0,Low
CUST09786,17,247614.65,14565.567647058822,1,25,5.588235294117647,Low
CUST09787,10,14467.529999999999,1446.753,0,10,4.0,Low
CUST09788,13,13428.26,1032.943076923077,1,10,3.076923076923077,Low
CUST09789,11,11948.18,1086.1981818181819,0,10,2.727272727272727,Low
CUST09790,13,23284.98,1791.1523076923077,1,20,3.076923076923077,Low
CUST09791,2,929.46,464.73,0,0,0.0,Low
CUST09792,10,7942.1900000000005,794.219,0,10,2.0,Low
CUST09793,9,1703.97,189.33,0,10,1.1111111111111112,Low
CUST09794,11,66174.12,6015.82909090909,0,10,2.727272727272727,Low
CUST09795,10,22140.61,2214.061,0,10,6.0,Low
CUST09796,7,73834.4,10547.771428571428,0,10,2.857142857142857,Low
CUST09797,12,111237.85,9269.820833333333,0,10,2.5,Low
CUST09798,8,60483.19,7560.39875,3,85,19.375,High
CUST09799,5,3053.66,610.732,0,10,6.0,Low
CUST09800,7,14662.01,2094.572857142857,0,10,2.857142857142857,Low
CUST09801,14,203566.73,14540.480714285715,0,10,2.142857142857143,Low
CUST09802,11,79476.79,7225.162727272726,1,10,2.727272727272727,Low
CUST09803,8,548405.0700000001,68550.63375000001,0,30,3.75,Low
CUST09804,8,15128.91,1891.11375,0,0,0.0,Low
CUST09805,7,8663.86,1237.6942857142858,0,10,1.4285714285714286,Low
CUST09806,6,2328.9,388.15000000000003,0,10,5.0,Low
CUST09807,8,38327.950000000004,4790.993750000001,0,10,2.5,Low
CUST09808,15,328500.33,21900.022,0,10,1.3333333333333333,Low
CUST09809,7,25470.41,3638.63,0,0,0.0,Low
CUST09810,9,31157.25,3461.9166666666665,0,10,4.444444444444445,Low
CUST09811,8,128165.72,16020.715,0,0,0.0,Low
CUST09812,14,33557.27,2396.9478571428567,0,10,4.285714285714286,Low
CUST09813,11,3972.33,361.1209090909091,0,10,3.6363636363636362,Low
CUST09814,7,8249.57,1178.51,0,0,0.0,Low
CUST09815,9,3236.2,359.5777777777778,0,0,0.0,Low
CUST09816,5,28009.02,5601.804,0,10,2.0,Low
CUST09817,11,70356.45,6396.040909090909,2,20,4.545454545454546,Low
CUST09818,9,6347.14,705.2377777777779,1,30,4.444444444444445,Low
CUST09819,13,187316.46,14408.958461538461,0,10,2.3076923076923075,Low
CUST09820,10,15375.92,1537.592,0,10,4.0,Low
CUST09821,14,118699.6,8478.542857142858,1,10,2.142857142857143,Low
CUST09822,13,357945.05,27534.234615384616,3,85,15.76923076923077,High
CUST09823,10,310039.2,31003.920000000002,0,10,3.0,Low
CUST09824,20,46933.979999999996,2346.6989999999996,3,75,8.75,High
CUST09825,9,13887.13,1543.0144444444443,0,10,2.2222222222222223,Low
CUST09826,16,78413.31,4900.831875,0,10,1.875,Low
CUST09827,10,3360.2200000000003,336.02200000000005,0,10,1.0,Low
CUST09828,8,2671.33,333.91625,0,10,2.5,Low
CUST09829,14,73421.63,5244.402142857143,0,10,2.142857142857143,Low
CUST09830,7,1125.67,160.81,2,30,5.714285714285714,Low
CUST09831,11,12770.63,1160.9663636363637,0,10,0.9090909090909091,Low
CUST09832,7,8784.17,1254.8814285714286,1,20,4.285714285714286,Low
CUST09833,14,4400.9,314.34999999999997,0,10,0.7142857142857143,Low
CUST09834,8,16630.23,2078.77875,0,10,2.5,Low
CUST09835,9,76622.33,8513.592222222222,1,15,3.888888888888889,Low
CUST09836,8,12979.56,1622.445,0,10,2.5,Low
CUST09837,12,68900.29000000001,5741.690833333334,1,10,3.3333333333333335,Low
CUST09838,10,87718.04,8771.804,0,10,3.0,Low
CUST09839,8,4430.91,553.86375,0,10,3.75,Low
CUST09840,18,14427.789999999999,801.5438888888889,1,20,3.3333333333333335,Low
CUST09841,14,14644.47,1046.0335714285713,0,10,0.7142857142857143,Low
CUST09842,10,398508.66,39850.865999999995,1,20,6.0,Low
CUST09843,13,98980.75,7613.903846153846,0,10,4.615384615384615,Low
CUST09844,5,7384.25,1476.85,1,10,2.0,Low
CUST09845,11,4444.01,404.0009090909091,0,0,0.0,Low
CUST09846,12,352249.26,29354.105,1,20,3.3333333333333335,Low
CUST09847,9,8984.48,998.2755555555555,0,10,4.444444444444445,Low
CUST09848,11,59910.82,5446.438181818182,1,10,2.727272727272727,Low
CUST09849,11,6799.41,618.1281818181818,0,10,2.727272727272727,Low
CUST09850,7,6335.27,905.0385714285715,1,10,5.714285714285714,Low
CUST09851,9,2468.81,274.3122222222222,0,10,2.2222222222222223,Low
CUST09852,8,286395.71,35799.46375,1,20,3.75,Low
CUST09853,12,97041.37000000001,8086.780833333334,0,10,5.0,Low
CUST09854,14,171223.8,12230.271428571428,1,10,2.857142857142857,Low
CUST09855,8,103675.16,12959.395,0,10,2.5,Low
CUST09856,11,83378.6,7579.872727272727,0,10,1.8181818181818181,Low
CUST09857,14,11266.3,804.7357142857143,1,30,7.142857142857143,Low
CUST09858,12,167602.19,13966.849166666667,0,10,2.5,Low
CUST09859,13,134807.78,10369.82923076923,0,10,0.7692307692307693,Low
CUST09860,11,14797.42,1345.22,0,10,2.727272727272727,Low
CUST09861,6,3603.45,600.5749999999999,2,15,5.833333333333333,Low
CUST09862,6,1851.23,308.53833333333336,0,10,5.0,Low
CUST09863,5,4575.01,915.0020000000001,0,0,0.0,Low
CUST09864,15,65357.14,4357.142666666667,2,10,4.0,Low
CUST09865,13,199837.14,15372.087692307694,1,15,2.6923076923076925,Low
CUST09866,5,24836.899999999998,4967.379999999999,0,10,2.0,Low
CUST09867,9,53355.49,5928.387777777778,1,10,4.444444444444445,Low
CUST09868,17,205006.16,12059.185882352942,0,10,1.7647058823529411,Low
CUST09869,8,249297.77000000002,31162.221250000002,1,15,3.125,Low
CUST09870,11,6343.91,576.7190909090909,0,10,0.9090909090909091,Low
CUST09871,4,5656.099999999999,1414.0249999999999,0,10,5.0,Low
CUST09872,11,34844.92,3167.72,0,10,4.545454545454546,Low
CUST09873,12,77225.05,6435.420833333334,1,10,1.6666666666666667,Low
CUST09874,15,41684.259999999995,2778.950666666666,0,10,1.3333333333333333,Low
CUST09875,8,141719.11,17714.88875,1,30,7.5,Low
CUST09876,17,461193.48000000004,27129.02823529412,3,85,13.823529411764707,High
CUST09877,16,75372.53,4710.783125,0,10,3.125,Low
CUST09878,4,19366.260000000002,4841.5650000000005,0,0,0.0,Low
CUST09879,6,17100.96,2850.16,0,10,5.0,Low
CUST09880,12,7738.6,644.8833333333333,0,10,0.8333333333333334,Low
CUST09881,10,157681.46,15768.145999999999,0,0,0.0,Low
CUST09882,10,4493.51,449.351,0,10,3.0,Low
CUST09883,8,159067.02000000002,19883.377500000002,0,10,5.0,Low
CUST09884,8,11158.51,1394.81375,0,10,2.5,Low
CUST09885,10,2035.55,203.555,1,15,4.5,Low
CUST09886,11,38723.69,3520.335454545455,0,10,6.363636363636363,Low
CUST09887,13,94302.7,7254.053846153846,0,0,0.0,Low
CUST09888,9,144246.37,16027.374444444444,1,20,3.3333333333333335,Low
CUST09889,9,100372.9,11152.544444444444,0,10,1.1111111111111112,Low
CUST09890,11,84576.14,7688.74,0,10,2.727272727272727,Low
CUST09891,11,4393.9400000000005,399.44909090909096,0,10,3.6363636363636362,Low
CUST09892,14,41271.95,2947.996428571428,0,10,3.5714285714285716,Low
CUST09893,10,103899.12,10389.912,2,30,8.0,Low
CUST09894,9,11766.85,1307.427777777778,0,10,2.2222222222222223,Low
CUST09895,11,94532.27,8593.842727272728,1,10,3.6363636363636362,Low
CUST09896,13,73034.25,5618.0192307692305,0,10,1.5384615384615385,Low
CUST09897,10,37728.89,3772.889,0,10,1.0,Low
CUST09898,11,65369.98,5942.725454545455,0,0,0.0,Low
CUST09899,12,76748.88,6395.740000000001,3,75,13.75,High
CUST09900,8,5584.88,698.11,1,20,3.75,Low
CUST09901,5,896.7,179.34,0,10,2.0,Low
CUST09902,8,59679.81,7459.97625,1,10,2.5,Low
CUST09903,7,25059.45,3579.921428571429,0,10,1.4285714285714286,Low
CUST09904,9,12583.2,1398.1333333333334,0,10,2.2222222222222223,Low
CUST09905,16,19874.48,1242.155,0,10,1.875,Low
CUST09906,10,3772.64,377.264,1,20,7.0,Low
CUST09907,4,80123.64,20030.91,1,30,10.0,Low
CUST09908,9,115223.94,12802.66,0,10,2.2222222222222223,Low
CUST09909,12,25031.04,2085.92,0,10,4.166666666666667,Low
CUST09910,16,66524.59,4157.786875,2,30,5.0,Low
CUST09911,7,14341.73,2048.8185714285714,0,0,0.0,Low
CUST09912,7,5240.99,748.7128571428572,0,0,0.0,Low
CUST09913,10,85718.56000000001,8571.856000000002,1,10,2.0,Low
CUST09914,11,23814.89,2164.99,1,10,3.6363636363636362,Low
CUST09915,9,7149.59,794.3988888888889,0,10,3.3333333333333335,Low
CUST09916,12,626451.27,52204.2725,0,10,3.3333333333333335,Low
CUST09917,8,17138.52,2142.315,0,0,0.0,Low
CUST09918,8,120887.87,15110.98375,0,10,2.5,Low
CUST09919,12,162021.62,13501.801666666666,3,75,12.083333333333334,High
CUST09920,10,35617.87,3561.7870000000003,0,10,3.0,Low
CUST09921,6,2971.33,495.22166666666664,0,0,0.0,Low
CUST09922,10,11065.24,1106.524,0,10,4.0,Low
CUST09923,8,16527.25,2065.90625,0,10,3.75,Low
CUST09924,6,38428.36,6404.7266666666665,1,20,5.0,Low
CUST09925,13,53692.33,4130.179230769231,2,10,3.076923076923077,Low
CUST09926,9,8333.36,925.928888888889,0,10,2.2222222222222223,Low
CUST09927,15,8687.03,579.1353333333334,0,10,2.6666666666666665,Low
CUST09928,11,22220.440000000002,2020.0400000000002,0,10,4.545454545454546,Low
CUST09929,10,17588.85,1758.8849999999998,0,10,2.0,Low
CUST09930,10,123375.81,12337.581,0,10,1.0,Low
CUST09931,11,22892.33,2081.120909090909,1,15,3.1818181818181817,Low
CUST09932,16,52674.68,3292.1675,0,10,1.25,Low
CUST09933,10,67355.09,6735.509,0,10,3.0,Low
CUST09934,6,74759.25,12459.875,2,10,1.6666666666666667,Low
CUST09935,15,12140.56,809.3706666666666,0,10,2.0,Low
CUST09936,15,352871.62,23524.774666666668,0,10,2.6666666666666665,Low
CUST09937,3,7617.28,2539.0933333333332,0,0,0.0,Low
CUST09938,9,5887.41,654.1566666666666,1,20,4.444444444444445,Low
CUST09939,9,76607.09,8511.898888888889,0,10,2.2222222222222223,Low
CUST09940,7,12783.94,1826.277142857143,0,10,5.714285714285714,Low
CUST09941,7,5634.68,804.9542857142858,0,10,7.142857142857143,Low
CUST09942,9,1448.28,160.92,0,10,2.2222222222222223,Low
CUST09943,14,4463.65,318.83214285714286,0,10,2.857142857142857,Low
CUST09944,15,25677.5,1711.8333333333333,0,10,3.3333333333333335,Low
CUST09945,11,44332.82,4030.2563636363634,0,10,2.727272727272727,Low
CUST09946,6,17775.010000000002,2962.501666666667,0,10,1.6666666666666667,Low
CUST09947,13,81384.52,6260.347692307692,1,10,6.153846153846154,Low
CUST09948,5,579.52,115.904,0,10,2.0,Low
CUST09949,14,32371.719999999998,2312.2657142857142,1,20,3.5714285714285716,Low
CUST09950,12,7622.08,635.1733333333333,0,10,2.5,Low
CUST09951,12,72374.67,6031.2225,0,10,3.3333333333333335,Low
CUST09952,7,245270.93,35038.70428571429,0,0,0.0,Low
CUST09953,8,26263.71,3282.96375,3,85,19.375,High
CUST09954,9,9259.56,1028.84,0,10,4.444444444444445,Low
CUST09955,9,5832.5199999999995,648.0577777777777,0,10,2.2222222222222223,Low
CUST09956,9,276865.76999999996,30762.863333333327,0,20,4.444444444444445,Low
CUST09957,3,4008.58,1336.1933333333334,0,0,0.0,Low
CUST09958,12,13293.74,1107.8116666666667,0,10,2.5,Low
CUST09959,9,57792.76,6421.417777777778,0,10,2.2222222222222223,Low
CUST09960,15,2833.7799999999997,188.91866666666664,0,10,4.666666666666667,Low
CUST09961,9,215491.99,23943.554444444442,0,10,3.3333333333333335,Low
CUST09962,6,11302.5,1883.75,0,10,3.3333333333333335,Low
CUST09963,14,12936.43,924.0307142857143,0,10,2.857142857142857,Low
CUST09964,13,15957.609999999999,1227.5084615384615,1,20,3.076923076923077,Low
CUST09965,11,96858.95999999999,8805.359999999999,0,10,2.727272727272727,Low
CUST09966,11,16828.58,1529.8709090909092,0,10,3.6363636363636362,Low
CUST09967,8,30523.13,3815.39125,0,10,1.25,Low
CUST09968,8,18403.57,2300.44625,0,0,0.0,Low
CUST09969,7,3761.63,537.3757142857143,0,10,5.714285714285714,Low
CUST09970,10,12058.060000000001,1205.806,0,10,1.0,Low
CUST09971,13,20346.69,1565.1299999999999,0,10,0.7692307692307693,Low
CUST09972,5,16703.15,3340.63,1,15,7.0,Low
CUST09973,9,4407.54,489.7266666666667,1,10,2.2222222222222223,Low
CUST09974,5,54330.47,10866.094000000001,0,10,2.0,Low
CUST09975,8,41349.82,5168.7275,0,10,2.5,Low
CUST09976,10,101050.37,10105.037,0,10,3.0,Low
CUST09977,8,31076.510000000002,3884.5637500000003,0,10,1.25,Low
CUST09978,12,7828.96,652.4133333333333,0,10,2.5,Low
CUST09979,10,7978.1900000000005,797.8190000000001,0,0,0.0,Low
CUST09980,9,72151.92,8016.88,1,10,5.555555555555555,Low
CUST09981,10,4619.1,461.91,0,10,4.0,Low
CUST09982,8,12788.77,1598.59625,0,0,0.0,Low
CUST09983,12,5606.22,467.185,0,10,3.3333333333333335,Low
CUST09984,7,76803.46,10971.922857142858,0,0,0.0,Low
CUST09985,12,17804.83,1483.7358333333334,0,10,2.5,Low
CUST09986,12,97695.2,8141.266666666666,0,10,4.166666666666667,Low
CUST09987,4,30271.48,7567.87,1,25,6.25,Low
CUST09988,8,2525.44,315.68,0,10,2.5,Low
CUST09989,15,355816.26,23721.084,0,10,1.3333333333333333,Low
CUST09990,10,56455.63,5645.563,1,20,5.0,Low
CUST09991,10,198750.29,19875.029000000002,0,10,1.0,Low
CUST09992,10,254436.08,25443.608,0,0,0.0,Low
CUST09993,7,17998.960000000003,2571.28,1,15,6.428571428571429,Low
CUST09994,6,45029.13,7504.855,0,10,3.3333333333333335,Low
CUST09995,12,146761.26,12230.105000000001,3,75,10.416666666666666,High
CUST09996,7,24335.31,3476.4728571428573,0,10,1.4285714285714286,Low
CUST09997,10,4101.28,410.128,0,10,4.0,Low
CUST09998,12,47299.03,3941.585833333333,0,10,1.6666666666666667,Low
CUST09999,7,22501.14,3214.4485714285715,0,10,2.857142857142857,Low
CUST10000,6,2493.65,415.60833333333335,0,10,1.6666666666666667,Low
